mtfs-sentinel-dataset-v1,feature_schema_version,size,target,transport,timestamp_us,interval_us,media_generation,validity,flags,samples,label,marker,build_type,command,scenario_origin,stage,severity,injection_kind,injection_operation_mask,injection_rate_permille,requested_delay_us,actual_injection_count,random_seed,sequence,read_calls,read_sectors,read_ok,read_fail,read_timing,read_invalid,read_total_us,read_avg_us,write_calls,write_sectors,write_ok,write_fail,write_timing,write_invalid,write_total_us,write_avg_us,sync_calls,sync_sectors,sync_ok,sync_fail,sync_timing,sync_invalid,sync_total_us,sync_avg_us,io_error,not_ready,no_media,timeout,insert,remove,media_error,transport_validity,transport_flags,transport_reset_epoch,transport_errors,transfer_timeouts,ready_timeouts,aborts,clock_errors,histogram_r_w_s
mtfs-sentinel-dataset-v1,1,952,1380005968,1397770528,1430004,1203283,1,511,0,1,evaluation,1,Release,pseudo-collect-delay-ramp,injected,baseline,0,none,0,0,0,0,1359504952,1,9,16,9,0,9,0,29408,3267,10,17,10,0,10,0,91911,9191,2,0,2,0,2,0,2,1,0,0,0,0,0,0,0,23,1,0,0,0,0,0,0,0:0:0:0:0:0:0:0:0:0:0:8:0:0:1:0:0:0:0:0:0:0:0:0:0:0:0:0:0:0:0:0:0:0:0:9:0:0:1:0:0:0:0:0:2:0:0:0:0:0:0:0:0:0:0:0:0:0:0:0:0:0:0:0:0:0
mtfs-sentinel-dataset-v1,1,952,1380005968,1397770528,2600004,1170000,1,511,0,1,evaluation,2,Release,pseudo-collect-delay-ramp,injected,baseline,0,none,0,0,0,0,1359504952,2,9,16,9,0,9,0,29183,3242,10,17,10,0,10,0,93195,9319,2,0,2,0,2,0,2,1,0,0,0,0,0,0,0,23,1,0,0,0,0,0,0,0:0:0:0:0:0:0:0:0:0:0:8:0:0:1:0:0:0:0:0:0:0:0:0:0:0:0:0:0:0:0:0:0:0:0:9:0:0:1:0:0:0:0:0:2:0:0:0:0:0:0:0:0:0:0:0:0:0:0:0:0:0:0:0:0:0
mtfs-sentinel-dataset-v1,1,952,1380005968,1397770528,3770004,1170000,1,511,0,1,evaluation,3,Release,pseudo-collect-delay-ramp,injected,baseline,0,none,0,0,0,0,1359504952,3,9,16,9,0,9,0,29308,3256,10,17,10,0,10,0,94859,9485,2,0,2,0,2,0,1,0,0,0,0,0,0,0,0,23,1,0,0,0,0,0,0,0:0:0:0:0:0:0:0:0:0:0:8:0:0:1:0:0:0:0:0:0:0:0:0:0:0:0:0:0:0:0:0:0:0:0:9:0:0:1:0:0:0:0:0:2:0:0:0:0:0:0:0:0:0:0:0:0:0:0:0:0:0:0:0:0:0
mtfs-sentinel-dataset-v1,1,952,1380005968,1397770528,4930004,1160000,1,511,0,1,evaluation,4,Release,pseudo-collect-delay-ramp,injected,baseline,0,none,0,0,0,0,1359504952,4,9,16,9,0,9,0,29231,3247,10,17,10,0,10,0,88745,8874,2,0,2,0,2,0,2,1,0,0,0,0,0,0,0,23,1,0,0,0,0,0,0,0:0:0:0:0:0:0:0:0:0:0:8:0:0:1:0:0:0:0:0:0:0:0:0:0:0:0:0:0:0:0:0:0:0:0:9:0:0:1:0:0:0:0:0:2:0:0:0:0:0:0:0:0:0:0:0:0:0:0:0:0:0:0:0:0:0
mtfs-sentinel-dataset-v1,1,952,1380005968,1397770528,6100004,1170000,1,511,0,1,evaluation,5,Release,pseudo-collect-delay-ramp,injected,baseline,0,none,0,0,0,0,1359504952,5,9,16,9,0,9,0,29355,3261,10,17,10,0,10,0,91941,9194,2,0,2,0,2,0,1,0,0,0,0,0,0,0,0,23,1,0,0,0,0,0,0,0:0:0:0:0:0:0:0:0:0:0:8:0:0:1:0:0:0:0:0:0:0:0:0:0:0:0:0:0:0:0:0:0:0:0:9:0:0:1:0:0:0:0:0:2:0:0:0:0:0:0:0:0:0:0:0:0:0:0:0:0:0:0:0:0:0
mtfs-sentinel-dataset-v1,1,952,1380005968,1397770528,7270004,1170000,1,511,0,1,evaluation,6,Release,pseudo-collect-delay-ramp,injected,baseline,0,none,0,0,0,0,1359504952,6,9,16,9,0,9,0,29208,3245,10,17,10,0,10,0,93039,9303,2,0,2,0,2,0,2,1,0,0,0,0,0,0,0,23,1,0,0,0,0,0,0,0:0:0:0:0:0:0:0:0:0:0:8:0:0:1:0:0:0:0:0:0:0:0:0:0:0:0:0:0:0:0:0:0:0:0:9:0:0:1:0:0:0:0:0:2:0:0:0:0:0:0:0:0:0:0:0:0:0:0:0:0:0:0:0:0:0
mtfs-sentinel-dataset-v1,1,952,1380005968,1397770528,8440004,1170000,1,511,0,1,evaluation,7,Release,pseudo-collect-delay-ramp,injected,baseline,0,none,0,0,0,0,1359504952,7,9,16,9,0,9,0,29298,3255,10,17,10,0,10,0,94331,9433,2,0,2,0,2,0,2,1,0,0,0,0,0,0,0,23,1,0,0,0,0,0,0,0:0:0:0:0:0:0:0:0:0:0:8:0:0:1:0:0:0:0:0:0:0:0:0:0:0:0:0:0:0:0:0:0:0:0:9:0:0:1:0:0:0:0:0:2:0:0:0:0:0:0:0:0:0:0:0:0:0:0:0:0:0:0:0:0:0
mtfs-sentinel-dataset-v1,1,952,1380005968,1397770528,9600004,1160000,1,511,0,1,evaluation,8,Release,pseudo-collect-delay-ramp,injected,baseline,0,none,0,0,0,0,1359504952,8,9,16,9,0,9,0,29291,3254,10,17,10,0,10,0,88612,8861,2,0,2,0,2,0,2,1,0,0,0,0,0,0,0,23,1,0,0,0,0,0,0,0:0:0:0:0:0:0:0:0:0:0:8:0:0:1:0:0:0:0:0:0:0:0:0:0:0:0:0:0:0:0:0:0:0:0:9:0:0:1:0:0:0:0:0:2:0:0:0:0:0:0:0:0:0:0:0:0:0:0:0:0:0:0:0:0:0
mtfs-sentinel-dataset-v1,1,952,1380005968,1397770528,10760004,1160000,1,511,0,1,evaluation,9,Release,pseudo-collect-delay-ramp,injected,baseline,0,none,0,0,0,0,1359504952,9,9,16,9,0,9,0,29431,3270,10,17,10,0,10,0,91096,9109,2,0,2,0,2,0,1,0,0,0,0,0,0,0,0,23,1,0,0,0,0,0,0,0:0:0:0:0:0:0:0:0:0:0:8:0:0:1:0:0:0:0:0:0:0:0:0:0:0:0:0:0:0:0:0:0:0:0:9:0:0:1:0:0:0:0:0:2:0:0:0:0:0:0:0:0:0:0:0:0:0:0:0:0:0:0:0:0:0
mtfs-sentinel-dataset-v1,1,952,1380005968,1397770528,11930004,1170000,1,511,0,1,evaluation,10,Release,pseudo-collect-delay-ramp,injected,baseline,0,none,0,0,0,0,1359504952,10,9,16,9,0,9,0,29082,3231,10,17,10,0,10,0,98738,9873,2,0,2,0,2,0,2,1,0,0,0,0,0,0,0,23,1,0,0,0,0,0,0,0:0:0:0:0:0:0:0:0:0:0:8:0:0:1:0:0:0:0:0:0:0:0:0:0:0:0:0:0:0:0:0:0:0:0:8:1:0:1:0:0:0:0:0:2:0:0:0:0:0:0:0:0:0:0:0:0:0:0:0:0:0:0:0:0:0
mtfs-sentinel-dataset-v1,1,952,1380005968,1397770528,13100004,1170000,1,511,0,1,evaluation,11,Release,pseudo-collect-delay-ramp,injected,baseline,0,none,0,0,0,0,1359504952,11,9,16,9,0,9,0,29292,3254,10,17,10,0,10,0,93869,9386,2,0,2,0,2,0,1,0,0,0,0,0,0,0,0,23,1,0,0,0,0,0,0,0:0:0:0:0:0:0:0:0:0:0:8:0:0:1:0:0:0:0:0:0:0:0:0:0:0:0:0:0:0:0:0:0:0:0:9:0:0:1:0:0:0:0:0:2:0:0:0:0:0:0:0:0:0:0:0:0:0:0:0:0:0:0:0:0:0
mtfs-sentinel-dataset-v1,1,952,1380005968,1397770528,14260004,1160000,1,511,0,1,evaluation,12,Release,pseudo-collect-delay-ramp,injected,baseline,0,none,0,0,0,0,1359504952,12,9,16,9,0,9,0,28887,3209,10,17,10,0,10,0,88306,8830,2,0,2,0,2,0,2,1,0,0,0,0,0,0,0,23,1,0,0,0,0,0,0,0:0:0:0:0:0:0:0:0:0:0:8:0:0:1:0:0:0:0:0:0:0:0:0:0:0:0:0:0:0:0:0:0:0:0:9:0:0:1:0:0:0:0:0:2:0:0:0:0:0:0:0:0:0:0:0:0:0:0:0:0:0:0:0:0:0
mtfs-sentinel-dataset-v1,1,952,1380005968,1397770528,15470004,1210000,1,511,0,1,evaluation,13,Release,pseudo-collect-delay-ramp,injected,baseline,0,none,0,0,0,0,1359504952,13,9,16,9,0,9,0,29212,3245,10,17,10,0,10,0,134907,13490,2,0,2,0,2,0,2,1,0,0,0,0,0,0,0,23,1,0,0,0,0,0,0,0:0:0:0:0:0:0:0:0:0:0:8:0:0:1:0:0:0:0:0:0:0:0:0:0:0:0:0:0:0:0:0:0:0:0:9:0:0:0:1:0:0:0:0:2:0:0:0:0:0:0:0:0:0:0:0:0:0:0:0:0:0:0:0:0:0
mtfs-sentinel-dataset-v1,1,952,1380005968,1397770528,16640004,1170000,1,511,0,1,evaluation,14,Release,pseudo-collect-delay-ramp,injected,baseline,0,none,0,0,0,0,1359504952,14,9,16,9,0,9,0,29224,3247,10,17,10,0,10,0,92074,9207,2,0,2,0,2,0,1,0,0,0,0,0,0,0,0,23,1,0,0,0,0,0,0,0:0:0:0:0:0:0:0:0:0:0:8:0:0:1:0:0:0:0:0:0:0:0:0:0:0:0:0:0:0:0:0:0:0:0:9:0:0:1:0:0:0:0:0:2:0:0:0:0:0:0:0:0:0:0:0:0:0:0:0:0:0:0:0:0:0
mtfs-sentinel-dataset-v1,1,952,1380005968,1397770528,17810004,1170000,1,511,0,1,evaluation,15,Release,pseudo-collect-delay-ramp,injected,baseline,0,none,0,0,0,0,1359504952,15,9,16,9,0,9,0,29355,3261,10,17,10,0,10,0,93492,9349,2,0,2,0,2,0,2,1,0,0,0,0,0,0,0,23,1,0,0,0,0,0,0,0:0:0:0:0:0:0:0:0:0:0:8:0:0:1:0:0:0:0:0:0:0:0:0:0:0:0:0:0:0:0:0:0:0:0:9:0:0:1:0:0:0:0:0:2:0:0:0:0:0:0:0:0:0:0:0:0:0:0:0:0:0:0:0:0:0
mtfs-sentinel-dataset-v1,1,952,1380005968,1397770528,18970004,1160000,1,511,0,1,evaluation,16,Release,pseudo-collect-delay-ramp,injected,baseline,0,none,0,0,0,0,1359504952,16,9,16,9,0,9,0,29288,3254,10,17,10,0,10,0,89922,8992,2,0,2,0,2,0,1,0,0,0,0,0,0,0,0,23,1,0,0,0,0,0,0,0:0:0:0:0:0:0:0:0:0:0:8:0:0:1:0:0:0:0:0:0:0:0:0:0:0:0:0:0:0:0:0:0:0:0:9:0:0:1:0:0:0:0:0:2:0:0:0:0:0:0:0:0:0:0:0:0:0:0:0:0:0:0:0:0:0
mtfs-sentinel-dataset-v1,1,952,1380005968,1397770528,20140004,1170000,1,511,0,1,evaluation,17,Release,pseudo-collect-delay-ramp,injected,baseline,0,none,0,0,0,0,1359504952,17,9,16,9,0,9,0,29339,3259,10,17,10,0,10,0,93320,9332,2,0,2,0,2,0,1,0,0,0,0,0,0,0,0,23,1,0,0,0,0,0,0,0:0:0:0:0:0:0:0:0:0:0:8:0:0:1:0:0:0:0:0:0:0:0:0:0:0:0:0:0:0:0:0:0:0:0:9:0:0:1:0:0:0:0:0:2:0:0:0:0:0:0:0:0:0:0:0:0:0:0:0:0:0:0:0:0:0
mtfs-sentinel-dataset-v1,1,952,1380005968,1397770528,21310004,1170000,1,511,0,1,evaluation,18,Release,pseudo-collect-delay-ramp,injected,baseline,0,none,0,0,0,0,1359504952,18,9,16,9,0,9,0,29262,3251,10,17,10,0,10,0,91963,9196,2,0,2,0,2,0,2,1,0,0,0,0,0,0,0,23,1,0,0,0,0,0,0,0:0:0:0:0:0:0:0:0:0:0:8:0:0:1:0:0:0:0:0:0:0:0:0:0:0:0:0:0:0:0:0:0:0:0:9:0:0:1:0:0:0:0:0:2:0:0:0:0:0:0:0:0:0:0:0:0:0:0:0:0:0:0:0:0:0
mtfs-sentinel-dataset-v1,1,952,1380005968,1397770528,22480004,1170000,1,511,0,1,evaluation,19,Release,pseudo-collect-delay-ramp,injected,baseline,0,none,0,0,0,0,1359504952,19,9,16,9,0,9,0,29245,3249,10,17,10,0,10,0,93133,9313,2,0,2,0,2,0,2,1,0,0,0,0,0,0,0,23,1,0,0,0,0,0,0,0:0:0:0:0:0:0:0:0:0:0:8:0:0:1:0:0:0:0:0:0:0:0:0:0:0:0:0:0:0:0:0:0:0:0:9:0:0:1:0:0:0:0:0:2:0:0:0:0:0:0:0:0:0:0:0:0:0:0:0:0:0:0:0:0:0
mtfs-sentinel-dataset-v1,1,952,1380005968,1397770528,23640004,1160000,1,511,0,1,evaluation,20,Release,pseudo-collect-delay-ramp,injected,baseline,0,none,0,0,0,0,1359504952,20,9,16,9,0,9,0,29251,3250,10,17,10,0,10,0,89943,8994,2,0,2,0,2,0,2,1,0,0,0,0,0,0,0,23,1,0,0,0,0,0,0,0:0:0:0:0:0:0:0:0:0:0:8:0:0:1:0:0:0:0:0:0:0:0:0:0:0:0:0:0:0:0:0:0:0:0:9:0:0:1:0:0:0:0:0:2:0:0:0:0:0:0:0:0:0:0:0:0:0:0:0:0:0:0:0:0:0
mtfs-sentinel-dataset-v1,1,952,1380005968,1397770528,24800004,1160000,1,511,0,1,evaluation,21,Release,pseudo-collect-delay-ramp,injected,baseline,0,none,0,0,0,0,1359504952,21,9,16,9,0,9,0,29340,3260,10,17,10,0,10,0,90946,9094,2,0,2,0,2,0,2,1,0,0,0,0,0,0,0,23,1,0,0,0,0,0,0,0:0:0:0:0:0:0:0:0:0:0:8:0:0:1:0:0:0:0:0:0:0:0:0:0:0:0:0:0:0:0:0:0:0:0:9:0:0:1:0:0:0:0:0:2:0:0:0:0:0:0:0:0:0:0:0:0:0:0:0:0:0:0:0:0:0
mtfs-sentinel-dataset-v1,1,952,1380005968,1397770528,26020004,1220000,1,511,0,1,evaluation,22,Release,pseudo-collect-delay-ramp,injected,baseline,0,none,0,0,0,0,1359504952,22,9,16,9,0,9,0,29240,3248,10,17,10,0,10,0,148898,14889,2,0,2,0,2,0,2,1,0,0,0,0,0,0,0,23,1,0,0,0,0,0,0,0:0:0:0:0:0:0:0:0:0:0:8:0:0:1:0:0:0:0:0:0:0:0:0:0:0:0:0:0:0:0:0:0:0:0:8:0:0:2:0:0:0:0:0:2:0:0:0:0:0:0:0:0:0:0:0:0:0:0:0:0:0:0:0:0:0
mtfs-sentinel-dataset-v1,1,952,1380005968,1397770528,27190004,1170000,1,511,0,1,evaluation,23,Release,pseudo-collect-delay-ramp,injected,baseline,0,none,0,0,0,0,1359504952,23,9,16,9,0,9,0,29299,3255,10,17,10,0,10,0,91842,9184,2,0,2,0,2,0,1,0,0,0,0,0,0,0,0,23,1,0,0,0,0,0,0,0:0:0:0:0:0:0:0:0:0:0:8:0:0:1:0:0:0:0:0:0:0:0:0:0:0:0:0:0:0:0:0:0:0:0:9:0:0:1:0:0:0:0:0:2:0:0:0:0:0:0:0:0:0:0:0:0:0:0:0:0:0:0:0:0:0
mtfs-sentinel-dataset-v1,1,952,1380005968,1397770528,28360004,1170000,1,511,0,1,evaluation,24,Release,pseudo-collect-delay-ramp,injected,baseline,0,none,0,0,0,0,1359504952,24,9,16,9,0,9,0,29301,3255,10,17,10,0,10,0,97185,9718,2,0,2,0,2,0,2,1,0,0,0,0,0,0,0,23,1,0,0,0,0,0,0,0:0:0:0:0:0:0:0:0:0:0:8:0:0:1:0:0:0:0:0:0:0:0:0:0:0:0:0:0:0:0:0:0:0:0:8:1:0:1:0:0:0:0:0:2:0:0:0:0:0:0:0:0:0:0:0:0:0:0:0:0:0:0:0:0:0
mtfs-sentinel-dataset-v1,1,952,1380005968,1397770528,29520004,1160000,1,511,0,1,evaluation,25,Release,pseudo-collect-delay-ramp,injected,baseline,0,none,0,0,0,0,1359504952,25,9,16,9,0,9,0,29262,3251,10,17,10,0,10,0,91228,9122,2,0,2,0,2,0,2,1,0,0,0,0,0,0,0,23,1,0,0,0,0,0,0,0:0:0:0:0:0:0:0:0:0:0:8:0:0:1:0:0:0:0:0:0:0:0:0:0:0:0:0:0:0:0:0:0:0:0:9:0:0:1:0:0:0:0:0:2:0:0:0:0:0:0:0:0:0:0:0:0:0:0:0:0:0:0:0:0:0
mtfs-sentinel-dataset-v1,1,952,1380005968,1397770528,30690004,1170000,1,511,0,1,evaluation,26,Release,pseudo-collect-delay-ramp,injected,baseline,0,none,0,0,0,0,1359504952,26,9,16,9,0,9,0,29357,3261,10,17,10,0,10,0,92603,9260,2,0,2,0,2,0,2,1,0,0,0,0,0,0,0,23,1,0,0,0,0,0,0,0:0:0:0:0:0:0:0:0:0:0:8:0:0:1:0:0:0:0:0:0:0:0:0:0:0:0:0:0:0:0:0:0:0:0:9:0:0:1:0:0:0:0:0:2:0:0:0:0:0:0:0:0:0:0:0:0:0:0:0:0:0:0:0:0:0
mtfs-sentinel-dataset-v1,1,952,1380005968,1397770528,31860004,1170000,1,511,0,1,evaluation,27,Release,pseudo-collect-delay-ramp,injected,baseline,0,none,0,0,0,0,1359504952,27,9,16,9,0,9,0,29316,3257,10,17,10,0,10,0,91747,9174,2,0,2,0,2,0,2,1,0,0,0,0,0,0,0,23,1,0,0,0,0,0,0,0:0:0:0:0:0:0:0:0:0:0:8:0:0:1:0:0:0:0:0:0:0:0:0:0:0:0:0:0:0:0:0:0:0:0:9:0:0:1:0:0:0:0:0:2:0:0:0:0:0:0:0:0:0:0:0:0:0:0:0:0:0:0:0:0:0
mtfs-sentinel-dataset-v1,1,952,1380005968,1397770528,33030004,1170000,1,511,0,1,evaluation,28,Release,pseudo-collect-delay-ramp,injected,baseline,0,none,0,0,0,0,1359504952,28,9,16,9,0,9,0,29323,3258,10,17,10,0,10,0,91261,9126,2,0,2,0,2,0,2,1,0,0,0,0,0,0,0,23,1,0,0,0,0,0,0,0:0:0:0:0:0:0:0:0:0:0:8:0:0:1:0:0:0:0:0:0:0:0:0:0:0:0:0:0:0:0:0:0:0:0:9:0:0:1:0:0:0:0:0:2:0:0:0:0:0:0:0:0:0:0:0:0:0:0:0:0:0:0:0:0:0
mtfs-sentinel-dataset-v1,1,952,1380005968,1397770528,34200004,1170000,1,511,0,1,evaluation,29,Release,pseudo-collect-delay-ramp,injected,baseline,0,none,0,0,0,0,1359504952,29,9,16,9,0,9,0,29332,3259,10,17,10,0,10,0,91230,9123,2,0,2,0,2,0,2,1,0,0,0,0,0,0,0,23,1,0,0,0,0,0,0,0:0:0:0:0:0:0:0:0:0:0:8:0:0:1:0:0:0:0:0:0:0:0:0:0:0:0:0:0:0:0:0:0:0:0:9:0:0:1:0:0:0:0:0:2:0:0:0:0:0:0:0:0:0:0:0:0:0:0:0:0:0:0:0:0:0
mtfs-sentinel-dataset-v1,1,952,1380005968,1397770528,35370004,1170000,1,511,0,1,evaluation,30,Release,pseudo-collect-delay-ramp,injected,baseline,0,none,0,0,0,0,1359504952,30,9,16,9,0,9,0,29269,3252,10,17,10,0,10,0,93228,9322,2,0,2,0,2,0,0,0,0,0,0,0,0,0,0,23,1,0,0,0,0,0,0,0:0:0:0:0:0:0:0:0:0:0:8:0:0:1:0:0:0:0:0:0:0:0:0:0:0:0:0:0:0:0:0:0:0:0:9:0:0:1:0:0:0:0:0:2:0:0:0:0:0:0:0:0:0:0:0:0:0:0:0:0:0:0:0:0:0
mtfs-sentinel-dataset-v1,1,952,1380005968,1397770528,36540004,1170000,1,511,0,1,evaluation,31,Release,pseudo-collect-delay-ramp,injected,baseline,0,none,0,0,0,0,1359504952,31,9,16,9,0,9,0,29420,3268,10,17,10,0,10,0,91865,9186,2,0,2,0,2,0,2,1,0,0,0,0,0,0,0,23,1,0,0,0,0,0,0,0:0:0:0:0:0:0:0:0:0:0:8:0:0:1:0:0:0:0:0:0:0:0:0:0:0:0:0:0:0:0:0:0:0:0:9:0:0:1:0:0:0:0:0:2:0:0:0:0:0:0:0:0:0:0:0:0:0:0:0:0:0:0:0:0:0
mtfs-sentinel-dataset-v1,1,952,1380005968,1397770528,37700004,1160000,1,511,0,1,evaluation,32,Release,pseudo-collect-delay-ramp,injected,baseline,0,none,0,0,0,0,1359504952,32,9,16,9,0,9,0,29143,3238,10,17,10,0,10,0,91108,9110,2,0,2,0,2,0,2,1,0,0,0,0,0,0,0,23,1,0,0,0,0,0,0,0:0:0:0:0:0:0:0:0:0:0:8:0:0:1:0:0:0:0:0:0:0:0:0:0:0:0:0:0:0:0:0:0:0:0:9:0:0:1:0:0:0:0:0:2:0:0:0:0:0:0:0:0:0:0:0:0:0:0:0:0:0:0:0:0:0
mtfs-sentinel-dataset-v1,1,952,1380005968,1397770528,38890004,1190000,1,511,0,1,evaluation,33,Release,pseudo-collect-delay-ramp,injected,baseline,0,none,0,0,0,0,1359504952,33,9,16,9,0,9,0,29277,3253,10,17,10,0,10,0,112038,11203,2,0,2,0,2,0,1,0,0,0,0,0,0,0,0,23,1,0,0,0,0,0,0,0:0:0:0:0:0:0:0:0:0:0:8:0:0:1:0:0:0:0:0:0:0:0:0:0:0:0:0:0:0:0:0:0:0:0:8:0:1:1:0:0:0:0:0:2:0:0:0:0:0:0:0:0:0:0:0:0:0:0:0:0:0:0:0:0:0
mtfs-sentinel-dataset-v1,1,952,1380005968,1397770528,40060004,1170000,1,511,0,1,evaluation,34,Release,pseudo-collect-delay-ramp,injected,baseline,0,none,0,0,0,0,1359504952,34,9,16,9,0,9,0,28916,3212,10,17,10,0,10,0,92934,9293,2,0,2,0,2,0,2,1,0,0,0,0,0,0,0,23,1,0,0,0,0,0,0,0:0:0:0:0:0:0:0:0:0:0:8:0:0:1:0:0:0:0:0:0:0:0:0:0:0:0:0:0:0:0:0:0:0:0:9:0:0:1:0:0:0:0:0:2:0:0:0:0:0:0:0:0:0:0:0:0:0:0:0:0:0:0:0:0:0
mtfs-sentinel-dataset-v1,1,952,1380005968,1397770528,41220004,1160000,1,511,0,1,evaluation,35,Release,pseudo-collect-delay-ramp,injected,baseline,0,none,0,0,0,0,1359504952,35,9,16,9,0,9,0,28966,3218,10,17,10,0,10,0,88170,8817,2,0,2,0,2,0,1,0,0,0,0,0,0,0,0,23,1,0,0,0,0,0,0,0:0:0:0:0:0:0:0:0:0:0:8:0:0:1:0:0:0:0:0:0:0:0:0:0:0:0:0:0:0:0:0:0:0:0:9:0:0:1:0:0:0:0:0:2:0:0:0:0:0:0:0:0:0:0:0:0:0:0:0:0:0:0:0:0:0
mtfs-sentinel-dataset-v1,1,952,1380005968,1397770528,42390004,1170000,1,511,0,1,evaluation,36,Release,pseudo-collect-delay-ramp,injected,baseline,0,none,0,0,0,0,1359504952,36,9,16,9,0,9,0,29173,3241,10,17,10,0,10,0,91356,9135,2,0,2,0,2,0,1,0,0,0,0,0,0,0,0,23,1,0,0,0,0,0,0,0:0:0:0:0:0:0:0:0:0:0:8:0:0:1:0:0:0:0:0:0:0:0:0:0:0:0:0:0:0:0:0:0:0:0:9:0:0:1:0:0:0:0:0:2:0:0:0:0:0:0:0:0:0:0:0:0:0:0:0:0:0:0:0:0:0
mtfs-sentinel-dataset-v1,1,952,1380005968,1397770528,43560004,1170000,1,511,0,1,evaluation,37,Release,pseudo-collect-delay-ramp,injected,baseline,0,none,0,0,0,0,1359504952,37,9,16,9,0,9,0,29291,3254,10,17,10,0,10,0,92150,9215,2,0,2,0,2,0,2,1,0,0,0,0,0,0,0,23,1,0,0,0,0,0,0,0:0:0:0:0:0:0:0:0:0:0:8:0:0:1:0:0:0:0:0:0:0:0:0:0:0:0:0:0:0:0:0:0:0:0:9:0:0:1:0:0:0:0:0:2:0:0:0:0:0:0:0:0:0:0:0:0:0:0:0:0:0:0:0:0:0
mtfs-sentinel-dataset-v1,1,952,1380005968,1397770528,44730004,1170000,1,511,0,1,evaluation,38,Release,pseudo-collect-delay-ramp,injected,baseline,0,none,0,0,0,0,1359504952,38,9,16,9,0,9,0,29232,3248,10,17,10,0,10,0,92872,9287,2,0,2,0,2,0,2,1,0,0,0,0,0,0,0,23,1,0,0,0,0,0,0,0:0:0:0:0:0:0:0:0:0:0:8:0:0:1:0:0:0:0:0:0:0:0:0:0:0:0:0:0:0:0:0:0:0:0:9:0:0:1:0:0:0:0:0:2:0:0:0:0:0:0:0:0:0:0:0:0:0:0:0:0:0:0:0:0:0
mtfs-sentinel-dataset-v1,1,952,1380005968,1397770528,45900004,1170000,1,511,0,1,evaluation,39,Release,pseudo-collect-delay-ramp,injected,baseline,0,none,0,0,0,0,1359504952,39,9,16,9,0,9,0,29202,3244,10,17,10,0,10,0,98408,9840,2,0,2,0,2,0,1,0,0,0,0,0,0,0,0,23,1,0,0,0,0,0,0,0:0:0:0:0:0:0:0:0:0:0:8:0:0:1:0:0:0:0:0:0:0:0:0:0:0:0:0:0:0:0:0:0:0:0:8:1:0:1:0:0:0:0:0:2:0:0:0:0:0:0:0:0:0:0:0:0:0:0:0:0:0:0:0:0:0
mtfs-sentinel-dataset-v1,1,952,1380005968,1397770528,47070004,1170000,1,511,0,1,evaluation,40,Release,pseudo-collect-delay-ramp,injected,baseline,0,none,0,0,0,0,1359504952,40,9,16,9,0,9,0,29190,3243,10,17,10,0,10,0,91758,9175,2,0,2,0,2,0,2,1,0,0,0,0,0,0,0,23,1,0,0,0,0,0,0,0:0:0:0:0:0:0:0:0:0:0:8:0:0:1:0:0:0:0:0:0:0:0:0:0:0:0:0:0:0:0:0:0:0:0:9:0:0:1:0:0:0:0:0:2:0:0:0:0:0:0:0:0:0:0:0:0:0:0:0:0:0:0:0:0:0
mtfs-sentinel-dataset-v1,1,952,1380005968,1397770528,48240004,1170000,1,511,0,1,evaluation,41,Release,pseudo-collect-delay-ramp,injected,baseline,0,none,0,0,0,0,1359504952,41,9,16,9,0,9,0,29388,3265,10,17,10,0,10,0,91992,9199,2,0,2,0,2,0,2,1,0,0,0,0,0,0,0,23,1,0,0,0,0,0,0,0:0:0:0:0:0:0:0:0:0:0:8:0:0:1:0:0:0:0:0:0:0:0:0:0:0:0:0:0:0:0:0:0:0:0:9:0:0:1:0:0:0:0:0:2:0:0:0:0:0:0:0:0:0:0:0:0:0:0:0:0:0:0:0:0:0
mtfs-sentinel-dataset-v1,1,952,1380005968,1397770528,49410004,1170000,1,511,0,1,evaluation,42,Release,pseudo-collect-delay-ramp,injected,baseline,0,none,0,0,0,0,1359504952,42,9,16,9,0,9,0,29212,3245,10,17,10,0,10,0,93301,9330,2,0,2,0,2,0,2,1,0,0,0,0,0,0,0,23,1,0,0,0,0,0,0,0:0:0:0:0:0:0:0:0:0:0:8:0:0:1:0:0:0:0:0:0:0:0:0:0:0:0:0:0:0:0:0:0:0:0:9:0:0:1:0:0:0:0:0:2:0:0:0:0:0:0:0:0:0:0:0:0:0:0:0:0:0:0:0:0:0
mtfs-sentinel-dataset-v1,1,952,1380005968,1397770528,50580004,1170000,1,511,0,1,evaluation,43,Release,pseudo-collect-delay-ramp,injected,baseline,0,none,0,0,0,0,1359504952,43,9,16,9,0,9,0,29482,3275,10,17,10,0,10,0,92582,9258,2,0,2,0,2,0,1,0,0,0,0,0,0,0,0,23,1,0,0,0,0,0,0,0:0:0:0:0:0:0:0:0:0:0:8:0:0:1:0:0:0:0:0:0:0:0:0:0:0:0:0:0:0:0:0:0:0:0:9:0:0:1:0:0:0:0:0:2:0:0:0:0:0:0:0:0:0:0:0:0:0:0:0:0:0:0:0:0:0
mtfs-sentinel-dataset-v1,1,952,1380005968,1397770528,51750004,1170000,1,511,0,1,evaluation,44,Release,pseudo-collect-delay-ramp,injected,baseline,0,none,0,0,0,0,1359504952,44,9,16,9,0,9,0,29278,3253,10,17,10,0,10,0,91810,9181,2,0,2,0,2,0,1,0,0,0,0,0,0,0,0,23,1,0,0,0,0,0,0,0:0:0:0:0:0:0:0:0:0:0:8:0:0:1:0:0:0:0:0:0:0:0:0:0:0:0:0:0:0:0:0:0:0:0:9:0:0:1:0:0:0:0:0:2:0:0:0:0:0:0:0:0:0:0:0:0:0:0:0:0:0:0:0:0:0
mtfs-sentinel-dataset-v1,1,952,1380005968,1397770528,52920004,1170000,1,511,0,1,evaluation,45,Release,pseudo-collect-delay-ramp,injected,baseline,0,none,0,0,0,0,1359504952,45,9,16,9,0,9,0,29315,3257,10,17,10,0,10,0,92421,9242,2,0,2,0,2,0,1,0,0,0,0,0,0,0,0,23,1,0,0,0,0,0,0,0:0:0:0:0:0:0:0:0:0:0:8:0:0:1:0:0:0:0:0:0:0:0:0:0:0:0:0:0:0:0:0:0:0:0:9:0:0:1:0:0:0:0:0:2:0:0:0:0:0:0:0:0:0:0:0:0:0:0:0:0:0:0:0:0:0
mtfs-sentinel-dataset-v1,1,952,1380005968,1397770528,54090004,1170000,1,511,0,1,evaluation,46,Release,pseudo-collect-delay-ramp,injected,baseline,0,none,0,0,0,0,1359504952,46,9,16,9,0,9,0,29310,3256,10,17,10,0,10,0,93770,9377,2,0,2,0,2,0,2,1,0,0,0,0,0,0,0,23,1,0,0,0,0,0,0,0:0:0:0:0:0:0:0:0:0:0:8:0:0:1:0:0:0:0:0:0:0:0:0:0:0:0:0:0:0:0:0:0:0:0:9:0:0:1:0:0:0:0:0:2:0:0:0:0:0:0:0:0:0:0:0:0:0:0:0:0:0:0:0:0:0
mtfs-sentinel-dataset-v1,1,952,1380005968,1397770528,55260004,1170000,1,511,0,1,evaluation,47,Release,pseudo-collect-delay-ramp,injected,baseline,0,none,0,0,0,0,1359504952,47,9,16,9,0,9,0,29316,3257,10,17,10,0,10,0,92687,9268,2,0,2,0,2,0,2,1,0,0,0,0,0,0,0,23,1,0,0,0,0,0,0,0:0:0:0:0:0:0:0:0:0:0:8:0:0:1:0:0:0:0:0:0:0:0:0:0:0:0:0:0:0:0:0:0:0:0:9:0:0:1:0:0:0:0:0:2:0:0:0:0:0:0:0:0:0:0:0:0:0:0:0:0:0:0:0:0:0
mtfs-sentinel-dataset-v1,1,952,1380005968,1397770528,56430004,1170000,1,511,0,1,evaluation,48,Release,pseudo-collect-delay-ramp,injected,baseline,0,none,0,0,0,0,1359504952,48,9,16,9,0,9,0,29253,3250,10,17,10,0,10,0,92093,9209,2,0,2,0,2,0,2,1,0,0,0,0,0,0,0,23,1,0,0,0,0,0,0,0:0:0:0:0:0:0:0:0:0:0:8:0:0:1:0:0:0:0:0:0:0:0:0:0:0:0:0:0:0:0:0:0:0:0:9:0:0:1:0:0:0:0:0:2:0:0:0:0:0:0:0:0:0:0:0:0:0:0:0:0:0:0:0:0:0
mtfs-sentinel-dataset-v1,1,952,1380005968,1397770528,57600004,1170000,1,511,0,1,evaluation,49,Release,pseudo-collect-delay-ramp,injected,baseline,0,none,0,0,0,0,1359504952,49,9,16,9,0,9,0,29312,3256,10,17,10,0,10,0,92406,9240,2,0,2,0,2,0,2,1,0,0,0,0,0,0,0,23,1,0,0,0,0,0,0,0:0:0:0:0:0:0:0:0:0:0:8:0:0:1:0:0:0:0:0:0:0:0:0:0:0:0:0:0:0:0:0:0:0:0:9:0:0:1:0:0:0:0:0:2:0:0:0:0:0:0:0:0:0:0:0:0:0:0:0:0:0:0:0:0:0
mtfs-sentinel-dataset-v1,1,952,1380005968,1397770528,58770004,1170000,1,511,0,1,evaluation,50,Release,pseudo-collect-delay-ramp,injected,baseline,0,none,0,0,0,0,1359504952,50,9,16,9,0,9,0,29322,3258,10,17,10,0,10,0,93722,9372,2,0,2,0,2,0,2,1,0,0,0,0,0,0,0,23,1,0,0,0,0,0,0,0:0:0:0:0:0:0:0:0:0:0:8:0:0:1:0:0:0:0:0:0:0:0:0:0:0:0:0:0:0:0:0:0:0:0:9:0:0:1:0:0:0:0:0:2:0:0:0:0:0:0:0:0:0:0:0:0:0:0:0:0:0:0:0:0:0
mtfs-sentinel-dataset-v1,1,952,1380005968,1397770528,59940004,1170000,1,511,0,1,evaluation,51,Release,pseudo-collect-delay-ramp,injected,baseline,0,none,0,0,0,0,1359504952,51,9,16,9,0,9,0,29270,3252,10,17,10,0,10,0,92755,9275,2,0,2,0,2,0,2,1,0,0,0,0,0,0,0,23,1,0,0,0,0,0,0,0:0:0:0:0:0:0:0:0:0:0:8:0:0:1:0:0:0:0:0:0:0:0:0:0:0:0:0:0:0:0:0:0:0:0:9:0:0:1:0:0:0:0:0:2:0:0:0:0:0:0:0:0:0:0:0:0:0:0:0:0:0:0:0:0:0
mtfs-sentinel-dataset-v1,1,952,1380005968,1397770528,61110004,1170000,1,511,0,1,evaluation,52,Release,pseudo-collect-delay-ramp,injected,baseline,0,none,0,0,0,0,1359504952,52,9,16,9,0,9,0,29264,3251,10,17,10,0,10,0,91719,9171,2,0,2,0,2,0,1,0,0,0,0,0,0,0,0,23,1,0,0,0,0,0,0,0:0:0:0:0:0:0:0:0:0:0:8:0:0:1:0:0:0:0:0:0:0:0:0:0:0:0:0:0:0:0:0:0:0:0:9:0:0:1:0:0:0:0:0:2:0:0:0:0:0:0:0:0:0:0:0:0:0:0:0:0:0:0:0:0:0
mtfs-sentinel-dataset-v1,1,952,1380005968,1397770528,62280004,1170000,1,511,0,1,evaluation,53,Release,pseudo-collect-delay-ramp,injected,baseline,0,none,0,0,0,0,1359504952,53,9,16,9,0,9,0,29350,3261,10,17,10,0,10,0,92267,9226,2,0,2,0,2,0,1,0,0,0,0,0,0,0,0,23,1,0,0,0,0,0,0,0:0:0:0:0:0:0:0:0:0:0:8:0:0:1:0:0:0:0:0:0:0:0:0:0:0:0:0:0:0:0:0:0:0:0:9:0:0:1:0:0:0:0:0:2:0:0:0:0:0:0:0:0:0:0:0:0:0:0:0:0:0:0:0:0:0
mtfs-sentinel-dataset-v1,1,952,1380005968,1397770528,63450004,1170000,1,511,0,1,evaluation,54,Release,pseudo-collect-delay-ramp,injected,baseline,0,none,0,0,0,0,1359504952,54,9,16,9,0,9,0,29265,3251,10,17,10,0,10,0,99124,9912,2,0,2,0,2,0,1,0,0,0,0,0,0,0,0,23,1,0,0,0,0,0,0,0:0:0:0:0:0:0:0:0:0:0:8:0:0:1:0:0:0:0:0:0:0:0:0:0:0:0:0:0:0:0:0:0:0:0:9:0:0:1:0:0:0:0:0:2:0:0:0:0:0:0:0:0:0:0:0:0:0:0:0:0:0:0:0:0:0
mtfs-sentinel-dataset-v1,1,952,1380005968,1397770528,64620004,1170000,1,511,0,1,evaluation,55,Release,pseudo-collect-delay-ramp,injected,baseline,0,none,0,0,0,0,1359504952,55,9,16,9,0,9,0,29470,3274,10,17,10,0,10,0,91204,9120,2,0,2,0,2,0,1,0,0,0,0,0,0,0,0,23,1,0,0,0,0,0,0,0:0:0:0:0:0:0:0:0:0:0:8:0:0:1:0:0:0:0:0:0:0:0:0:0:0:0:0:0:0:0:0:0:0:0:9:0:0:1:0:0:0:0:0:2:0:0:0:0:0:0:0:0:0:0:0:0:0:0:0:0:0:0:0:0:0
mtfs-sentinel-dataset-v1,1,952,1380005968,1397770528,65780004,1160000,1,511,0,1,evaluation,56,Release,pseudo-collect-delay-ramp,injected,baseline,0,none,0,0,0,0,1359504952,56,9,16,9,0,9,0,29253,3250,10,17,10,0,10,0,90835,9083,2,0,2,0,2,0,2,1,0,0,0,0,0,0,0,23,1,0,0,0,0,0,0,0:0:0:0:0:0:0:0:0:0:0:8:0:0:1:0:0:0:0:0:0:0:0:0:0:0:0:0:0:0:0:0:0:0:0:9:0:0:1:0:0:0:0:0:2:0:0:0:0:0:0:0:0:0:0:0:0:0:0:0:0:0:0:0:0:0
mtfs-sentinel-dataset-v1,1,952,1380005968,1397770528,66940004,1160000,1,511,0,1,evaluation,57,Release,pseudo-collect-delay-ramp,injected,baseline,0,none,0,0,0,0,1359504952,57,9,16,9,0,9,0,29339,3259,10,17,10,0,10,0,91011,9101,2,0,2,0,2,0,2,1,0,0,0,0,0,0,0,23,1,0,0,0,0,0,0,0:0:0:0:0:0:0:0:0:0:0:8:0:0:1:0:0:0:0:0:0:0:0:0:0:0:0:0:0:0:0:0:0:0:0:9:0:0:1:0:0:0:0:0:2:0:0:0:0:0:0:0:0:0:0:0:0:0:0:0:0:0:0:0:0:0
mtfs-sentinel-dataset-v1,1,952,1380005968,1397770528,68180004,1240000,1,511,0,1,evaluation,58,Release,pseudo-collect-delay-ramp,injected,baseline,0,none,0,0,0,0,1359504952,58,9,16,9,0,9,0,29331,3259,10,17,10,0,10,0,165797,16579,2,0,2,0,2,0,2,1,0,0,0,0,0,0,0,23,1,0,0,0,0,0,0,0:0:0:0:0:0:0:0:0:0:0:8:0:0:1:0:0:0:0:0:0:0:0:0:0:0:0:0:0:0:0:0:0:0:0:9:0:0:0:1:0:0:0:0:2:0:0:0:0:0:0:0:0:0:0:0:0:0:0:0:0:0:0:0:0:0
mtfs-sentinel-dataset-v1,1,952,1380005968,1397770528,69350004,1170000,1,511,0,1,evaluation,59,Release,pseudo-collect-delay-ramp,injected,baseline,0,none,0,0,0,0,1359504952,59,9,16,9,0,9,0,29215,3246,10,17,10,0,10,0,92261,9226,2,0,2,0,2,0,2,1,0,0,0,0,0,0,0,23,1,0,0,0,0,0,0,0:0:0:0:0:0:0:0:0:0:0:8:0:0:1:0:0:0:0:0:0:0:0:0:0:0:0:0:0:0:0:0:0:0:0:9:0:0:1:0:0:0:0:0:2:0:0:0:0:0:0:0:0:0:0:0:0:0:0:0:0:0:0:0:0:0
mtfs-sentinel-dataset-v1,1,952,1380005968,1397770528,70510004,1160000,1,511,0,1,evaluation,60,Release,pseudo-collect-delay-ramp,injected,baseline,0,none,0,0,0,0,1359504952,60,9,16,9,0,9,0,29320,3257,10,17,10,0,10,0,90198,9019,2,0,2,0,2,0,2,1,0,0,0,0,0,0,0,23,1,0,0,0,0,0,0,0:0:0:0:0:0:0:0:0:0:0:8:0:0:1:0:0:0:0:0:0:0:0:0:0:0:0:0:0:0:0:0:0:0:0:9:0:0:1:0:0:0:0:0:2:0:0:0:0:0:0:0:0:0:0:0:0:0:0:0:0:0:0:0:0:0
mtfs-sentinel-dataset-v1,1,952,1380005968,1397770528,71680004,1170000,1,511,0,1,evaluation,61,Release,pseudo-collect-delay-ramp,injected,baseline,0,none,0,0,0,0,1359504952,61,9,16,9,0,9,0,29182,3242,10,17,10,0,10,0,92187,9218,2,0,2,0,2,0,1,0,0,0,0,0,0,0,0,23,1,0,0,0,0,0,0,0:0:0:0:0:0:0:0:0:0:0:8:0:0:1:0:0:0:0:0:0:0:0:0:0:0:0:0:0:0:0:0:0:0:0:9:0:0:1:0:0:0:0:0:2:0:0:0:0:0:0:0:0:0:0:0:0:0:0:0:0:0:0:0:0:0
mtfs-sentinel-dataset-v1,1,952,1380005968,1397770528,72850004,1170000,1,511,0,1,evaluation,62,Release,pseudo-collect-delay-ramp,injected,baseline,0,none,0,0,0,0,1359504952,62,9,16,9,0,9,0,29341,3260,10,17,10,0,10,0,94869,9486,2,0,2,0,2,0,2,1,0,0,0,0,0,0,0,23,1,0,0,0,0,0,0,0:0:0:0:0:0:0:0:0:0:0:8:0:0:1:0:0:0:0:0:0:0:0:0:0:0:0:0:0:0:0:0:0:0:0:9:0:0:1:0:0:0:0:0:2:0:0:0:0:0:0:0:0:0:0:0:0:0:0:0:0:0:0:0:0:0
mtfs-sentinel-dataset-v1,1,952,1380005968,1397770528,74020004,1170000,1,511,0,1,evaluation,63,Release,pseudo-collect-delay-ramp,injected,baseline,0,none,0,0,0,0,1359504952,63,9,16,9,0,9,0,29244,3249,10,17,10,0,10,0,92624,9262,2,0,2,0,2,0,2,1,0,0,0,0,0,0,0,23,1,0,0,0,0,0,0,0:0:0:0:0:0:0:0:0:0:0:8:0:0:1:0:0:0:0:0:0:0:0:0:0:0:0:0:0:0:0:0:0:0:0:9:0:0:1:0:0:0:0:0:2:0:0:0:0:0:0:0:0:0:0:0:0:0:0:0:0:0:0:0:0:0
mtfs-sentinel-dataset-v1,1,952,1380005968,1397770528,75180004,1160000,1,511,0,1,evaluation,64,Release,pseudo-collect-delay-ramp,injected,baseline,0,none,0,0,0,0,1359504952,64,9,16,9,0,9,0,29297,3255,10,17,10,0,10,0,90324,9032,2,0,2,0,2,0,1,0,0,0,0,0,0,0,0,23,1,0,0,0,0,0,0,0:0:0:0:0:0:0:0:0:0:0:8:0:0:1:0:0:0:0:0:0:0:0:0:0:0:0:0:0:0:0:0:0:0:0:9:0:0:1:0:0:0:0:0:2:0:0:0:0:0:0:0:0:0:0:0:0:0:0:0:0:0:0:0:0:0
mtfs-sentinel-dataset-v1,1,952,1380005968,1397770528,76350004,1170000,1,511,0,1,evaluation,65,Release,pseudo-collect-delay-ramp,injected,baseline,0,none,0,0,0,0,1359504952,65,9,16,9,0,9,0,29257,3250,10,17,10,0,10,0,92134,9213,2,0,2,0,2,0,1,0,0,0,0,0,0,0,0,23,1,0,0,0,0,0,0,0:0:0:0:0:0:0:0:0:0:0:8:0:0:1:0:0:0:0:0:0:0:0:0:0:0:0:0:0:0:0:0:0:0:0:9:0:0:1:0:0:0:0:0:2:0:0:0:0:0:0:0:0:0:0:0:0:0:0:0:0:0:0:0:0:0
mtfs-sentinel-dataset-v1,1,952,1380005968,1397770528,77520004,1170000,1,511,0,1,evaluation,66,Release,pseudo-collect-delay-ramp,injected,baseline,0,none,0,0,0,0,1359504952,66,9,16,9,0,9,0,29321,3257,10,17,10,0,10,0,94406,9440,2,0,2,0,2,0,2,1,0,0,0,0,0,0,0,23,1,0,0,0,0,0,0,0:0:0:0:0:0:0:0:0:0:0:8:0:0:1:0:0:0:0:0:0:0:0:0:0:0:0:0:0:0:0:0:0:0:0:9:0:0:1:0:0:0:0:0:2:0:0:0:0:0:0:0:0:0:0:0:0:0:0:0:0:0:0:0:0:0
mtfs-sentinel-dataset-v1,1,952,1380005968,1397770528,78690004,1170000,1,511,0,1,evaluation,67,Release,pseudo-collect-delay-ramp,injected,baseline,0,none,0,0,0,0,1359504952,67,9,16,9,0,9,0,29262,3251,10,17,10,0,10,0,92440,9244,2,0,2,0,2,0,2,1,0,0,0,0,0,0,0,23,1,0,0,0,0,0,0,0:0:0:0:0:0:0:0:0:0:0:8:0:0:1:0:0:0:0:0:0:0:0:0:0:0:0:0:0:0:0:0:0:0:0:9:0:0:1:0:0:0:0:0:2:0:0:0:0:0:0:0:0:0:0:0:0:0:0:0:0:0:0:0:0:0
mtfs-sentinel-dataset-v1,1,952,1380005968,1397770528,79850004,1160000,1,511,0,1,evaluation,68,Release,pseudo-collect-delay-ramp,injected,baseline,0,none,0,0,0,0,1359504952,68,9,16,9,0,9,0,29271,3252,10,17,10,0,10,0,89995,8999,2,0,2,0,2,0,1,0,0,0,0,0,0,0,0,23,1,0,0,0,0,0,0,0:0:0:0:0:0:0:0:0:0:0:8:0:0:1:0:0:0:0:0:0:0:0:0:0:0:0:0:0:0:0:0:0:0:0:9:0:0:1:0:0:0:0:0:2:0:0:0:0:0:0:0:0:0:0:0:0:0:0:0:0:0:0:0:0:0
mtfs-sentinel-dataset-v1,1,952,1380005968,1397770528,81020004,1170000,1,511,0,1,evaluation,69,Release,pseudo-collect-delay-ramp,injected,baseline,0,none,0,0,0,0,1359504952,69,9,16,9,0,9,0,29140,3237,10,17,10,0,10,0,99134,9913,2,0,2,0,2,0,0,0,0,0,0,0,0,0,0,23,1,0,0,0,0,0,0,0:0:0:0:0:0:0:0:0:0:0:8:0:0:1:0:0:0:0:0:0:0:0:0:0:0:0:0:0:0:0:0:0:0:0:9:0:0:1:0:0:0:0:0:2:0:0:0:0:0:0:0:0:0:0:0:0:0:0:0:0:0:0:0:0:0
mtfs-sentinel-dataset-v1,1,952,1380005968,1397770528,82190004,1170000,1,511,0,1,evaluation,70,Release,pseudo-collect-delay-ramp,injected,baseline,0,none,0,0,0,0,1359504952,70,9,16,9,0,9,0,29320,3257,10,17,10,0,10,0,93798,9379,2,0,2,0,2,0,2,1,0,0,0,0,0,0,0,23,1,0,0,0,0,0,0,0:0:0:0:0:0:0:0:0:0:0:8:0:0:1:0:0:0:0:0:0:0:0:0:0:0:0:0:0:0:0:0:0:0:0:9:0:0:1:0:0:0:0:0:2:0:0:0:0:0:0:0:0:0:0:0:0:0:0:0:0:0:0:0:0:0
mtfs-sentinel-dataset-v1,1,952,1380005968,1397770528,83360004,1170000,1,511,0,1,evaluation,71,Release,pseudo-collect-delay-ramp,injected,baseline,0,none,0,0,0,0,1359504952,71,9,16,9,0,9,0,29315,3257,10,17,10,0,10,0,91849,9184,2,0,2,0,2,0,1,0,0,0,0,0,0,0,0,23,1,0,0,0,0,0,0,0:0:0:0:0:0:0:0:0:0:0:8:0:0:1:0:0:0:0:0:0:0:0:0:0:0:0:0:0:0:0:0:0:0:0:9:0:0:1:0:0:0:0:0:2:0:0:0:0:0:0:0:0:0:0:0:0:0:0:0:0:0:0:0:0:0
mtfs-sentinel-dataset-v1,1,952,1380005968,1397770528,84520004,1160000,1,511,0,1,evaluation,72,Release,pseudo-collect-delay-ramp,injected,baseline,0,none,0,0,0,0,1359504952,72,9,16,9,0,9,0,29347,3260,10,17,10,0,10,0,89874,8987,2,0,2,0,2,0,2,1,0,0,0,0,0,0,0,23,1,0,0,0,0,0,0,0:0:0:0:0:0:0:0:0:0:0:8:0:0:1:0:0:0:0:0:0:0:0:0:0:0:0:0:0:0:0:0:0:0:0:9:0:0:1:0:0:0:0:0:2:0:0:0:0:0:0:0:0:0:0:0:0:0:0:0:0:0:0:0:0:0
mtfs-sentinel-dataset-v1,1,952,1380005968,1397770528,85690004,1170000,1,511,0,1,evaluation,73,Release,pseudo-collect-delay-ramp,injected,baseline,0,none,0,0,0,0,1359504952,73,9,16,9,0,9,0,29255,3250,10,17,10,0,10,0,91698,9169,2,0,2,0,2,0,2,1,0,0,0,0,0,0,0,23,1,0,0,0,0,0,0,0:0:0:0:0:0:0:0:0:0:0:8:0:0:1:0:0:0:0:0:0:0:0:0:0:0:0:0:0:0:0:0:0:0:0:9:0:0:1:0:0:0:0:0:2:0:0:0:0:0:0:0:0:0:0:0:0:0:0:0:0:0:0:0:0:0
mtfs-sentinel-dataset-v1,1,952,1380005968,1397770528,86860004,1170000,1,511,0,1,evaluation,74,Release,pseudo-collect-delay-ramp,injected,baseline,0,none,0,0,0,0,1359504952,74,9,16,9,0,9,0,29316,3257,10,17,10,0,10,0,94189,9418,2,0,2,0,2,0,2,1,0,0,0,0,0,0,0,23,1,0,0,0,0,0,0,0:0:0:0:0:0:0:0:0:0:0:8:0:0:1:0:0:0:0:0:0:0:0:0:0:0:0:0:0:0:0:0:0:0:0:9:0:0:1:0:0:0:0:0:2:0:0:0:0:0:0:0:0:0:0:0:0:0:0:0:0:0:0:0:0:0
mtfs-sentinel-dataset-v1,1,952,1380005968,1397770528,88030004,1170000,1,511,0,1,evaluation,75,Release,pseudo-collect-delay-ramp,injected,baseline,0,none,0,0,0,0,1359504952,75,9,16,9,0,9,0,29300,3255,10,17,10,0,10,0,92255,9225,2,0,2,0,2,0,1,0,0,0,0,0,0,0,0,23,1,0,0,0,0,0,0,0:0:0:0:0:0:0:0:0:0:0:8:0:0:1:0:0:0:0:0:0:0:0:0:0:0:0:0:0:0:0:0:0:0:0:9:0:0:1:0:0:0:0:0:2:0:0:0:0:0:0:0:0:0:0:0:0:0:0:0:0:0:0:0:0:0
mtfs-sentinel-dataset-v1,1,952,1380005968,1397770528,89190004,1160000,1,511,0,1,evaluation,76,Release,pseudo-collect-delay-ramp,injected,baseline,0,none,0,0,0,0,1359504952,76,9,16,9,0,9,0,29185,3242,10,17,10,0,10,0,89979,8997,2,0,2,0,2,0,2,1,0,0,0,0,0,0,0,23,1,0,0,0,0,0,0,0:0:0:0:0:0:0:0:0:0:0:8:0:0:1:0:0:0:0:0:0:0:0:0:0:0:0:0:0:0:0:0:0:0:0:9:0:0:1:0:0:0:0:0:2:0:0:0:0:0:0:0:0:0:0:0:0:0:0:0:0:0:0:0:0:0
mtfs-sentinel-dataset-v1,1,952,1380005968,1397770528,90350004,1160000,1,511,0,1,evaluation,77,Release,pseudo-collect-delay-ramp,injected,baseline,0,none,0,0,0,0,1359504952,77,9,16,9,0,9,0,29182,3242,10,17,10,0,10,0,91231,9123,2,0,2,0,2,0,1,0,0,0,0,0,0,0,0,23,1,0,0,0,0,0,0,0:0:0:0:0:0:0:0:0:0:0:8:0:0:1:0:0:0:0:0:0:0:0:0:0:0:0:0:0:0:0:0:0:0:0:9:0:0:1:0:0:0:0:0:2:0:0:0:0:0:0:0:0:0:0:0:0:0:0:0:0:0:0:0:0:0
mtfs-sentinel-dataset-v1,1,952,1380005968,1397770528,91520004,1170000,1,511,0,1,evaluation,78,Release,pseudo-collect-delay-ramp,injected,baseline,0,none,0,0,0,0,1359504952,78,9,16,9,0,9,0,29314,3257,10,17,10,0,10,0,93760,9376,2,0,2,0,2,0,2,1,0,0,0,0,0,0,0,23,1,0,0,0,0,0,0,0:0:0:0:0:0:0:0:0:0:0:8:0:0:1:0:0:0:0:0:0:0:0:0:0:0:0:0:0:0:0:0:0:0:0:9:0:0:1:0:0:0:0:0:2:0:0:0:0:0:0:0:0:0:0:0:0:0:0:0:0:0:0:0:0:0
mtfs-sentinel-dataset-v1,1,952,1380005968,1397770528,92680004,1160000,1,511,0,1,evaluation,79,Release,pseudo-collect-delay-ramp,injected,baseline,0,none,0,0,0,0,1359504952,79,9,16,9,0,9,0,29281,3253,10,17,10,0,10,0,89657,8965,2,0,2,0,2,0,2,1,0,0,0,0,0,0,0,23,1,0,0,0,0,0,0,0:0:0:0:0:0:0:0:0:0:0:8:0:0:1:0:0:0:0:0:0:0:0:0:0:0:0:0:0:0:0:0:0:0:0:9:0:0:1:0:0:0:0:0:2:0:0:0:0:0:0:0:0:0:0:0:0:0:0:0:0:0:0:0:0:0
mtfs-sentinel-dataset-v1,1,952,1380005968,1397770528,93840004,1160000,1,511,0,1,evaluation,80,Release,pseudo-collect-delay-ramp,injected,baseline,0,none,0,0,0,0,1359504952,80,9,16,9,0,9,0,29144,3238,10,17,10,0,10,0,88563,8856,2,0,2,0,2,0,2,1,0,0,0,0,0,0,0,23,1,0,0,0,0,0,0,0:0:0:0:0:0:0:0:0:0:0:8:0:0:1:0:0:0:0:0:0:0:0:0:0:0:0:0:0:0:0:0:0:0:0:9:0:0:1:0:0:0:0:0:2:0:0:0:0:0:0:0:0:0:0:0:0:0:0:0:0:0:0:0:0:0
mtfs-sentinel-dataset-v1,1,952,1380005968,1397770528,95010004,1170000,1,511,0,1,evaluation,81,Release,pseudo-collect-delay-ramp,injected,baseline,0,none,0,0,0,0,1359504952,81,9,16,9,0,9,0,29194,3243,10,17,10,0,10,0,91695,9169,2,0,2,0,2,0,2,1,0,0,0,0,0,0,0,23,1,0,0,0,0,0,0,0:0:0:0:0:0:0:0:0:0:0:8:0:0:1:0:0:0:0:0:0:0:0:0:0:0:0:0:0:0:0:0:0:0:0:9:0:0:1:0:0:0:0:0:2:0:0:0:0:0:0:0:0:0:0:0:0:0:0:0:0:0:0:0:0:0
mtfs-sentinel-dataset-v1,1,952,1380005968,1397770528,96180004,1170000,1,511,0,1,evaluation,82,Release,pseudo-collect-delay-ramp,injected,baseline,0,none,0,0,0,0,1359504952,82,9,16,9,0,9,0,29362,3262,10,17,10,0,10,0,93984,9398,2,0,2,0,2,0,2,1,0,0,0,0,0,0,0,23,1,0,0,0,0,0,0,0:0:0:0:0:0:0:0:0:0:0:8:0:0:1:0:0:0:0:0:0:0:0:0:0:0:0:0:0:0:0:0:0:0:0:9:0:0:1:0:0:0:0:0:2:0:0:0:0:0:0:0:0:0:0:0:0:0:0:0:0:0:0:0:0:0
mtfs-sentinel-dataset-v1,1,952,1380005968,1397770528,97350004,1170000,1,511,0,1,evaluation,83,Release,pseudo-collect-delay-ramp,injected,baseline,0,none,0,0,0,0,1359504952,83,9,16,9,0,9,0,29364,3262,10,17,10,0,10,0,91520,9152,2,0,2,0,2,0,2,1,0,0,0,0,0,0,0,23,1,0,0,0,0,0,0,0:0:0:0:0:0:0:0:0:0:0:8:0:0:1:0:0:0:0:0:0:0:0:0:0:0:0:0:0:0:0:0:0:0:0:9:0:0:1:0:0:0:0:0:2:0:0:0:0:0:0:0:0:0:0:0:0:0:0:0:0:0:0:0:0:0
mtfs-sentinel-dataset-v1,1,952,1380005968,1397770528,98520004,1170000,1,511,0,1,evaluation,84,Release,pseudo-collect-delay-ramp,injected,baseline,0,none,0,0,0,0,1359504952,84,9,16,9,0,9,0,29365,3262,10,17,10,0,10,0,96829,9682,2,0,2,0,2,0,1,0,0,0,0,0,0,0,0,23,1,0,0,0,0,0,0,0:0:0:0:0:0:0:0:0:0:0:8:0:0:1:0:0:0:0:0:0:0:0:0:0:0:0:0:0:0:0:0:0:0:0:9:0:0:1:0:0:0:0:0:2:0:0:0:0:0:0:0:0:0:0:0:0:0:0:0:0:0:0:0:0:0
mtfs-sentinel-dataset-v1,1,952,1380005968,1397770528,99690005,1170001,1,511,0,1,evaluation,85,Release,pseudo-collect-delay-ramp,injected,baseline,0,none,0,0,0,0,1359504952,85,9,16,9,0,9,0,29257,3250,10,17,10,0,10,0,91471,9147,2,0,2,0,2,0,2,1,0,0,0,0,0,0,0,23,1,0,0,0,0,0,0,0:0:0:0:0:0:0:0:0:0:0:8:0:0:1:0:0:0:0:0:0:0:0:0:0:0:0:0:0:0:0:0:0:0:0:9:0:0:1:0:0:0:0:0:2:0:0:0:0:0:0:0:0:0:0:0:0:0:0:0:0:0:0:0:0:0
mtfs-sentinel-dataset-v1,1,952,1380005968,1397770528,100860004,1169999,1,511,0,1,evaluation,86,Release,pseudo-collect-delay-ramp,injected,baseline,0,none,0,0,0,0,1359504952,86,9,16,9,0,9,0,29316,3257,10,17,10,0,10,0,93997,9399,2,0,2,0,2,0,2,1,0,0,0,0,0,0,0,23,1,0,0,0,0,0,0,0:0:0:0:0:0:0:0:0:0:0:8:0:0:1:0:0:0:0:0:0:0:0:0:0:0:0:0:0:0:0:0:0:0:0:9:0:0:1:0:0:0:0:0:2:0:0:0:0:0:0:0:0:0:0:0:0:0:0:0:0:0:0:0:0:0
mtfs-sentinel-dataset-v1,1,952,1380005968,1397770528,102030004,1170000,1,511,0,1,evaluation,87,Release,pseudo-collect-delay-ramp,injected,baseline,0,none,0,0,0,0,1359504952,87,9,16,9,0,9,0,29233,3248,10,17,10,0,10,0,91522,9152,2,0,2,0,2,0,2,1,0,0,0,0,0,0,0,23,1,0,0,0,0,0,0,0:0:0:0:0:0:0:0:0:0:0:8:0:0:1:0:0:0:0:0:0:0:0:0:0:0:0:0:0:0:0:0:0:0:0:9:0:0:1:0:0:0:0:0:2:0:0:0:0:0:0:0:0:0:0:0:0:0:0:0:0:0:0:0:0:0
mtfs-sentinel-dataset-v1,1,952,1380005968,1397770528,103190004,1160000,1,511,0,1,evaluation,88,Release,pseudo-collect-delay-ramp,injected,baseline,0,none,0,0,0,0,1359504952,88,9,16,9,0,9,0,29329,3258,10,17,10,0,10,0,89571,8957,2,0,2,0,2,0,2,1,0,0,0,0,0,0,0,23,1,0,0,0,0,0,0,0:0:0:0:0:0:0:0:0:0:0:8:0:0:1:0:0:0:0:0:0:0:0:0:0:0:0:0:0:0:0:0:0:0:0:9:0:0:1:0:0:0:0:0:2:0:0:0:0:0:0:0:0:0:0:0:0:0:0:0:0:0:0:0:0:0
mtfs-sentinel-dataset-v1,1,952,1380005968,1397770528,104360004,1170000,1,511,0,1,evaluation,89,Release,pseudo-collect-delay-ramp,injected,baseline,0,none,0,0,0,0,1359504952,89,9,16,9,0,9,0,29203,3244,10,17,10,0,10,0,91853,9185,2,0,2,0,2,0,2,1,0,0,0,0,0,0,0,23,1,0,0,0,0,0,0,0:0:0:0:0:0:0:0:0:0:0:8:0:0:1:0:0:0:0:0:0:0:0:0:0:0:0:0:0:0:0:0:0:0:0:9:0:0:1:0:0:0:0:0:2:0:0:0:0:0:0:0:0:0:0:0:0:0:0:0:0:0:0:0:0:0
mtfs-sentinel-dataset-v1,1,952,1380005968,1397770528,105530004,1170000,1,511,0,1,evaluation,90,Release,pseudo-collect-delay-ramp,injected,baseline,0,none,0,0,0,0,1359504952,90,9,16,9,0,9,0,29349,3261,10,17,10,0,10,0,95351,9535,2,0,2,0,2,0,2,1,0,0,0,0,0,0,0,23,1,0,0,0,0,0,0,0:0:0:0:0:0:0:0:0:0:0:8:0:0:1:0:0:0:0:0:0:0:0:0:0:0:0:0:0:0:0:0:0:0:0:9:0:0:1:0:0:0:0:0:2:0:0:0:0:0:0:0:0:0:0:0:0:0:0:0:0:0:0:0:0:0
mtfs-sentinel-dataset-v1,1,952,1380005968,1397770528,106700004,1170000,1,511,0,1,evaluation,91,Release,pseudo-collect-delay-ramp,injected,baseline,0,none,0,0,0,0,1359504952,91,9,16,9,0,9,0,29244,3249,10,17,10,0,10,0,92962,9296,2,0,2,0,2,0,2,1,0,0,0,0,0,0,0,23,1,0,0,0,0,0,0,0:0:0:0:0:0:0:0:0:0:0:8:0:0:1:0:0:0:0:0:0:0:0:0:0:0:0:0:0:0:0:0:0:0:0:9:0:0:1:0:0:0:0:0:2:0:0:0:0:0:0:0:0:0:0:0:0:0:0:0:0:0:0:0:0:0
mtfs-sentinel-dataset-v1,1,952,1380005968,1397770528,107890004,1190000,1,511,0,1,evaluation,92,Release,pseudo-collect-delay-ramp,injected,baseline,0,none,0,0,0,0,1359504952,92,9,16,9,0,9,0,29359,3262,10,17,10,0,10,0,111404,11140,2,0,2,0,2,0,2,1,0,0,0,0,0,0,0,23,1,0,0,0,0,0,0,0:0:0:0:0:0:0:0:0:0:0:8:0:0:1:0:0:0:0:0:0:0:0:0:0:0:0:0:0:0:0:0:0:0:0:9:0:0:1:0:0:0:0:0:2:0:0:0:0:0:0:0:0:0:0:0:0:0:0:0:0:0:0:0:0:0
mtfs-sentinel-dataset-v1,1,952,1380005968,1397770528,109060004,1170000,1,511,0,1,evaluation,93,Release,pseudo-collect-delay-ramp,injected,baseline,0,none,0,0,0,0,1359504952,93,9,16,9,0,9,0,29246,3249,10,17,10,0,10,0,91931,9193,2,0,2,0,2,0,2,1,0,0,0,0,0,0,0,23,1,0,0,0,0,0,0,0:0:0:0:0:0:0:0:0:0:0:8:0:0:1:0:0:0:0:0:0:0:0:0:0:0:0:0:0:0:0:0:0:0:0:9:0:0:1:0:0:0:0:0:2:0:0:0:0:0:0:0:0:0:0:0:0:0:0:0:0:0:0:0:0:0
mtfs-sentinel-dataset-v1,1,952,1380005968,1397770528,110230004,1170000,1,511,0,1,evaluation,94,Release,pseudo-collect-delay-ramp,injected,baseline,0,none,0,0,0,0,1359504952,94,9,16,9,0,9,0,29273,3252,10,17,10,0,10,0,93696,9369,2,0,2,0,2,0,2,1,0,0,0,0,0,0,0,23,1,0,0,0,0,0,0,0:0:0:0:0:0:0:0:0:0:0:8:0:0:1:0:0:0:0:0:0:0:0:0:0:0:0:0:0:0:0:0:0:0:0:9:0:0:1:0:0:0:0:0:2:0:0:0:0:0:0:0:0:0:0:0:0:0:0:0:0:0:0:0:0:0
mtfs-sentinel-dataset-v1,1,952,1380005968,1397770528,111390004,1160000,1,511,0,1,evaluation,95,Release,pseudo-collect-delay-ramp,injected,baseline,0,none,0,0,0,0,1359504952,95,9,16,9,0,9,0,29334,3259,10,17,10,0,10,0,90095,9009,2,0,2,0,2,0,1,0,0,0,0,0,0,0,0,23,1,0,0,0,0,0,0,0:0:0:0:0:0:0:0:0:0:0:8:0:0:1:0:0:0:0:0:0:0:0:0:0:0:0:0:0:0:0:0:0:0:0:9:0:0:1:0:0:0:0:0:2:0:0:0:0:0:0:0:0:0:0:0:0:0:0:0:0:0:0:0:0:0
mtfs-sentinel-dataset-v1,1,952,1380005968,1397770528,112550004,1160000,1,511,0,1,evaluation,96,Release,pseudo-collect-delay-ramp,injected,baseline,0,none,0,0,0,0,1359504952,96,9,16,9,0,9,0,28924,3213,10,17,10,0,10,0,87081,8708,2,0,2,0,2,0,1,0,0,0,0,0,0,0,0,23,1,0,0,0,0,0,0,0:0:0:0:0:0:0:0:0:0:0:8:0:0:1:0:0:0:0:0:0:0:0:0:0:0:0:0:0:0:0:0:0:0:0:9:0:0:1:0:0:0:0:0:2:0:0:0:0:0:0:0:0:0:0:0:0:0:0:0:0:0:0:0:0:0
mtfs-sentinel-dataset-v1,1,952,1380005968,1397770528,113710004,1160000,1,511,0,1,evaluation,97,Release,pseudo-collect-delay-ramp,injected,baseline,0,none,0,0,0,0,1359504952,97,9,16,9,0,9,0,29305,3256,10,17,10,0,10,0,88609,8860,2,0,2,0,2,0,2,1,0,0,0,0,0,0,0,23,1,0,0,0,0,0,0,0:0:0:0:0:0:0:0:0:0:0:8:0:0:1:0:0:0:0:0:0:0:0:0:0:0:0:0:0:0:0:0:0:0:0:9:0:0:1:0:0:0:0:0:2:0:0:0:0:0:0:0:0:0:0:0:0:0:0:0:0:0:0:0:0:0
mtfs-sentinel-dataset-v1,1,952,1380005968,1397770528,114880004,1170000,1,511,0,1,evaluation,98,Release,pseudo-collect-delay-ramp,injected,baseline,0,none,0,0,0,0,1359504952,98,9,16,9,0,9,0,29373,3263,10,17,10,0,10,0,94718,9471,2,0,2,0,2,0,2,1,0,0,0,0,0,0,0,23,1,0,0,0,0,0,0,0:0:0:0:0:0:0:0:0:0:0:8:0:0:1:0:0:0:0:0:0:0:0:0:0:0:0:0:0:0:0:0:0:0:0:9:0:0:1:0:0:0:0:0:2:0:0:0:0:0:0:0:0:0:0:0:0:0:0:0:0:0:0:0:0:0
mtfs-sentinel-dataset-v1,1,952,1380005968,1397770528,116050004,1170000,1,511,0,1,evaluation,99,Release,pseudo-collect-delay-ramp,injected,baseline,0,none,0,0,0,0,1359504952,99,9,16,9,0,9,0,29311,3256,10,17,10,0,10,0,92431,9243,2,0,2,0,2,0,2,1,0,0,0,0,0,0,0,23,1,0,0,0,0,0,0,0:0:0:0:0:0:0:0:0:0:0:8:0:0:1:0:0:0:0:0:0:0:0:0:0:0:0:0:0:0:0:0:0:0:0:9:0:0:1:0:0:0:0:0:2:0:0:0:0:0:0:0:0:0:0:0:0:0:0:0:0:0:0:0:0:0
mtfs-sentinel-dataset-v1,1,952,1380005968,1397770528,117210004,1160000,1,511,0,1,evaluation,100,Release,pseudo-collect-delay-ramp,injected,baseline,0,none,0,0,0,0,1359504952,100,9,16,9,0,9,0,29398,3266,10,17,10,0,10,0,90234,9023,2,0,2,0,2,0,2,1,0,0,0,0,0,0,0,23,1,0,0,0,0,0,0,0:0:0:0:0:0:0:0:0:0:0:8:0:0:1:0:0:0:0:0:0:0:0:0:0:0:0:0:0:0:0:0:0:0:0:9:0:0:1:0:0:0:0:0:2:0:0:0:0:0:0:0:0:0:0:0:0:0:0:0:0:0:0:0:0:0
mtfs-sentinel-dataset-v1,1,952,1380005968,1397770528,118410004,1200000,1,511,0,1,evaluation,101,Release,pseudo-collect-delay-ramp,injected,light,1,delay,7,50,1000,2,1359758873,101,9,16,9,0,9,0,40925,4547,10,17,10,0,10,0,105188,10518,2,0,2,0,2,0,2,1,0,0,0,0,0,0,0,23,1,0,0,0,0,0,0,0:0:0:0:0:0:0:0:0:0:0:7:0:0:2:0:0:0:0:0:0:0:0:0:0:0:0:0:0:0:0:0:0:0:0:8:0:1:1:0:0:0:0:0:2:0:0:0:0:0:0:0:0:0:0:0:0:0:0:0:0:0:0:0:0:0
mtfs-sentinel-dataset-v1,1,952,1380005968,1397770528,119600004,1190000,1,511,0,1,evaluation,102,Release,pseudo-collect-delay-ramp,injected,light,1,delay,7,50,1000,3,1359758873,102,9,16,9,0,9,0,48014,5334,10,17,10,0,10,0,94266,9426,2,0,2,0,2,0,2,1,0,0,0,0,0,0,0,23,1,0,0,0,0,0,0,0:0:0:0:0:0:0:0:0:0:0:7:0:0:1:1:0:0:0:0:0:0:0:0:0:0:0:0:0:0:0:0:0:0:0:9:0:0:1:0:0:0:0:0:2:0:0:0:0:0:0:0:0:0:0:0:0:0:0:0:0:0:0:0:0:0
mtfs-sentinel-dataset-v1,1,952,1380005968,1397770528,120780004,1180000,1,511,0,1,evaluation,103,Release,pseudo-collect-delay-ramp,injected,light,1,delay,7,50,1000,4,1359758873,103,9,16,9,0,9,0,45857,5095,10,17,10,0,10,0,92063,9206,2,0,2,0,2,0,2,1,0,0,0,0,0,0,0,23,1,0,0,0,0,0,0,0:0:0:0:0:0:0:0:0:0:0:8:0:0:0:1:0:0:0:0:0:0:0:0:0:0:0:0:0:0:0:0:0:0:0:9:0:0:1:0:0:0:0:0:2:0:0:0:0:0:0:0:0:0:0:0:0:0:0:0:0:0:0:0:0:0
mtfs-sentinel-dataset-v1,1,952,1380005968,1397770528,121940004,1160000,1,511,0,1,evaluation,104,Release,pseudo-collect-delay-ramp,injected,light,1,delay,7,50,1000,4,1359758873,104,9,16,9,0,9,0,29286,3254,10,17,10,0,10,0,89910,8991,2,0,2,0,2,0,1,0,0,0,0,0,0,0,0,23,1,0,0,0,0,0,0,0:0:0:0:0:0:0:0:0:0:0:8:0:0:1:0:0:0:0:0:0:0:0:0:0:0:0:0:0:0:0:0:0:0:0:9:0:0:1:0:0:0:0:0:2:0:0:0:0:0:0:0:0:0:0:0:0:0:0:0:0:0:0:0:0:0
mtfs-sentinel-dataset-v1,1,952,1380005968,1397770528,123110004,1170000,1,511,0,1,evaluation,105,Release,pseudo-collect-delay-ramp,injected,light,1,delay,7,50,1000,4,1359758873,105,9,16,9,0,9,0,29146,3238,10,17,10,0,10,0,98869,9886,2,0,2,0,2,0,2,1,0,0,0,0,0,0,0,23,1,0,0,0,0,0,0,0:0:0:0:0:0:0:0:0:0:0:8:0:0:1:0:0:0:0:0:0:0:0:0:0:0:0:0:0:0:0:0:0:0:0:8:1:0:1:0:0:0:0:0:2:0:0:0:0:0:0:0:0:0:0:0:0:0:0:0:0:0:0:0:0:0
mtfs-sentinel-dataset-v1,1,952,1380005968,1397770528,124300004,1190000,1,511,0,1,evaluation,106,Release,pseudo-collect-delay-ramp,injected,light,1,delay,7,50,1000,5,1359758873,106,9,16,9,0,9,0,29341,3260,10,17,10,0,10,0,111200,11120,2,0,2,0,2,0,1,0,0,0,0,0,0,0,0,23,1,0,0,0,0,0,0,0:0:0:0:0:0:0:0:0:0:0:8:0:0:1:0:0:0:0:0:0:0:0:0:0:0:0:0:0:0:0:0:0:0:0:8:0:1:1:0:0:0:0:0:2:0:0:0:0:0:0:0:0:0:0:0:0:0:0:0:0:0:0:0:0:0
mtfs-sentinel-dataset-v1,1,952,1380005968,1397770528,125470004,1170000,1,511,0,1,evaluation,107,Release,pseudo-collect-delay-ramp,injected,light,1,delay,7,50,1000,5,1359758873,107,9,16,9,0,9,0,29167,3240,10,17,10,0,10,0,92233,9223,2,0,2,0,2,0,2,1,0,0,0,0,0,0,0,23,1,0,0,0,0,0,0,0:0:0:0:0:0:0:0:0:0:0:8:0:0:1:0:0:0:0:0:0:0:0:0:0:0:0:0:0:0:0:0:0:0:0:9:0:0:1:0:0:0:0:0:2:0:0:0:0:0:0:0:0:0:0:0:0:0:0:0:0:0:0:0:0:0
mtfs-sentinel-dataset-v1,1,952,1380005968,1397770528,126660004,1190000,1,511,0,1,evaluation,108,Release,pseudo-collect-delay-ramp,injected,light,1,delay,7,50,1000,7,1359758873,108,9,16,9,0,9,0,40762,4529,10,17,10,0,10,0,90233,9023,2,0,2,0,2,0,14877,7438,0,0,0,0,0,0,0,23,1,0,0,0,0,0,0,0:0:0:0:0:0:0:0:0:0:0:7:0:0:2:0:0:0:0:0:0:0:0:0:0:0:0:0:0:0:0:0:0:0:0:9:0:0:1:0:0:0:0:0:1:0:0:0:0:0:0:0:0:0:0:0:0:0:1:0:0:0:0:0:0:0
mtfs-sentinel-dataset-v1,1,952,1380005968,1397770528,127830004,1170000,1,511,0,1,evaluation,109,Release,pseudo-collect-delay-ramp,injected,light,1,delay,7,50,1000,7,1359758873,109,9,16,9,0,9,0,29304,3256,10,17,10,0,10,0,92374,9237,2,0,2,0,2,0,2,1,0,0,0,0,0,0,0,23,1,0,0,0,0,0,0,0:0:0:0:0:0:0:0:0:0:0:8:0:0:1:0:0:0:0:0:0:0:0:0:0:0:0:0:0:0:0:0:0:0:0:9:0:0:1:0:0:0:0:0:2:0:0:0:0:0:0:0:0:0:0:0:0:0:0:0:0:0:0:0:0:0
mtfs-sentinel-dataset-v1,1,952,1380005968,1397770528,129010004,1180000,1,511,0,1,evaluation,110,Release,pseudo-collect-delay-ramp,injected,light,1,delay,7,50,1000,8,1359758873,110,9,16,9,0,9,0,40007,4445,10,17,10,0,10,0,94716,9471,2,0,2,0,2,0,2,1,0,0,0,0,0,0,0,23,1,0,0,0,0,0,0,0:0:0:0:0:0:0:0:0:0:0:7:0:0:2:0:0:0:0:0:0:0:0:0:0:0:0:0:0:0:0:0:0:0:0:9:0:0:1:0:0:0:0:0:2:0:0:0:0:0:0:0:0:0:0:0:0:0:0:0:0:0:0:0:0:0
mtfs-sentinel-dataset-v1,1,952,1380005968,1397770528,130180004,1170000,1,511,0,1,evaluation,111,Release,pseudo-collect-delay-ramp,injected,light,1,delay,7,50,1000,8,1359758873,111,9,16,9,0,9,0,29243,3249,10,17,10,0,10,0,92597,9259,2,0,2,0,2,0,2,1,0,0,0,0,0,0,0,23,1,0,0,0,0,0,0,0:0:0:0:0:0:0:0:0:0:0:8:0:0:1:0:0:0:0:0:0:0:0:0:0:0:0:0:0:0:0:0:0:0:0:9:0:0:1:0:0:0:0:0:2:0:0:0:0:0:0:0:0:0:0:0:0:0:0:0:0:0:0:0:0:0
mtfs-sentinel-dataset-v1,1,952,1380005968,1397770528,131340004,1160000,1,511,0,1,evaluation,112,Release,pseudo-collect-delay-ramp,injected,light,1,delay,7,50,1000,8,1359758873,112,9,16,9,0,9,0,29271,3252,10,17,10,0,10,0,90474,9047,2,0,2,0,2,0,2,1,0,0,0,0,0,0,0,23,1,0,0,0,0,0,0,0:0:0:0:0:0:0:0:0:0:0:8:0:0:1:0:0:0:0:0:0:0:0:0:0:0:0:0:0:0:0:0:0:0:0:9:0:0:1:0:0:0:0:0:2:0:0:0:0:0:0:0:0:0:0:0:0:0:0:0:0:0:0:0:0:0
mtfs-sentinel-dataset-v1,1,952,1380005968,1397770528,132510004,1170000,1,511,0,1,evaluation,113,Release,pseudo-collect-delay-ramp,injected,light,1,delay,7,50,1000,8,1359758873,113,9,16,9,0,9,0,29344,3260,10,17,10,0,10,0,92539,9253,2,0,2,0,2,0,2,1,0,0,0,0,0,0,0,23,1,0,0,0,0,0,0,0:0:0:0:0:0:0:0:0:0:0:8:0:0:1:0:0:0:0:0:0:0:0:0:0:0:0:0:0:0:0:0:0:0:0:9:0:0:1:0:0:0:0:0:2:0:0:0:0:0:0:0:0:0:0:0:0:0:0:0:0:0:0:0:0:0
mtfs-sentinel-dataset-v1,1,952,1380005968,1397770528,133700004,1190000,1,511,0,1,evaluation,114,Release,pseudo-collect-delay-ramp,injected,light,1,delay,7,50,1000,9,1359758873,114,9,16,9,0,9,0,29338,3259,10,17,10,0,10,0,113416,11341,2,0,2,0,2,0,2,1,0,0,0,0,0,0,0,23,1,0,0,0,0,0,0,0:0:0:0:0:0:0:0:0:0:0:8:0:0:1:0:0:0:0:0:0:0:0:0:0:0:0:0:0:0:0:0:0:0:0:8:0:1:1:0:0:0:0:0:2:0:0:0:0:0:0:0:0:0:0:0:0:0:0:0:0:0:0:0:0:0
mtfs-sentinel-dataset-v1,1,952,1380005968,1397770528,134920004,1220000,1,511,0,1,evaluation,115,Release,pseudo-collect-delay-ramp,injected,light,1,delay,7,50,1000,12,1359758873,115,9,16,9,0,9,0,29243,3249,10,17,10,0,10,0,141134,14113,2,0,2,0,2,0,2,1,0,0,0,0,0,0,0,23,1,0,0,0,0,0,0,0:0:0:0:0:0:0:0:0:0:0:8:0:0:1:0:0:0:0:0:0:0:0:0:0:0:0:0:0:0:0:0:0:0:0:7:0:2:1:0:0:0:0:0:2:0:0:0:0:0:0:0:0:0:0:0:0:0:0:0:0:0:0:0:0:0
mtfs-sentinel-dataset-v1,1,952,1380005968,1397770528,136100004,1180000,1,511,0,1,evaluation,116,Release,pseudo-collect-delay-ramp,injected,light,1,delay,7,50,1000,13,1359758873,116,9,16,9,0,9,0,40411,4490,10,17,10,0,10,0,90398,9039,2,0,2,0,2,0,2,1,0,0,0,0,0,0,0,23,1,0,0,0,0,0,0,0:0:0:0:0:0:0:0:0:0:0:7:0:0:2:0:0:0:0:0:0:0:0:0:0:0:0:0:0:0:0:0:0:0:0:9:0:0:1:0:0:0:0:0:2:0:0:0:0:0:0:0:0:0:0:0:0:0:0:0:0:0:0:0:0:0
mtfs-sentinel-dataset-v1,1,952,1380005968,1397770528,137290004,1190000,1,511,0,1,evaluation,117,Release,pseudo-collect-delay-ramp,injected,light,1,delay,7,50,1000,14,1359758873,117,9,16,9,0,9,0,29276,3252,10,17,10,0,10,0,112124,11212,2,0,2,0,2,0,1,0,0,0,0,0,0,0,0,23,1,0,0,0,0,0,0,0:0:0:0:0:0:0:0:0:0:0:8:0:0:1:0:0:0:0:0:0:0:0:0:0:0:0:0:0:0:0:0:0:0:0:8:0:1:1:0:0:0:0:0:2:0:0:0:0:0:0:0:0:0:0:0:0:0:0:0:0:0:0:0:0:0
mtfs-sentinel-dataset-v1,1,952,1380005968,1397770528,138460004,1170000,1,511,0,1,evaluation,118,Release,pseudo-collect-delay-ramp,injected,light,1,delay,7,50,1000,14,1359758873,118,9,16,9,0,9,0,29203,3244,10,17,10,0,10,0,94356,9435,2,0,2,0,2,0,2,1,0,0,0,0,0,0,0,23,1,0,0,0,0,0,0,0:0:0:0:0:0:0:0:0:0:0:8:0:0:1:0:0:0:0:0:0:0:0:0:0:0:0:0:0:0:0:0:0:0:0:9:0:0:1:0:0:0:0:0:2:0:0:0:0:0:0:0:0:0:0:0:0:0:0:0:0:0:0:0:0:0
mtfs-sentinel-dataset-v1,1,952,1380005968,1397770528,139640004,1180000,1,511,0,1,evaluation,119,Release,pseudo-collect-delay-ramp,injected,light,1,delay,7,50,1000,15,1359758873,119,9,16,9,0,9,0,43592,4843,10,17,10,0,10,0,92354,9235,2,0,2,0,2,0,1,0,0,0,0,0,0,0,0,23,1,0,0,0,0,0,0,0:0:0:0:0:0:0:0:0:0:0:7:0:0:2:0:0:0:0:0:0:0:0:0:0:0:0:0:0:0:0:0:0:0:0:9:0:0:1:0:0:0:0:0:2:0:0:0:0:0:0:0:0:0:0:0:0:0:0:0:0:0:0:0:0:0
mtfs-sentinel-dataset-v1,1,952,1380005968,1397770528,140850004,1210000,1,511,0,1,evaluation,120,Release,pseudo-collect-delay-ramp,injected,light,1,delay,7,50,1000,18,1359758873,120,9,16,9,0,9,0,43642,4849,10,17,10,0,10,0,116884,11688,2,0,2,0,2,0,2,1,0,0,0,0,0,0,0,23,1,0,0,0,0,0,0,0:0:0:0:0:0:0:0:0:0:0:7:0:0:2:0:0:0:0:0:0:0:0:0:0:0:0:0:0:0:0:0:0:0:0:7:1:1:1:0:0:0:0:0:2:0:0:0:0:0:0:0:0:0:0:0:0:0:0:0:0:0:0:0:0:0
mtfs-sentinel-dataset-v1,1,952,1380005968,1397770528,142050004,1200000,1,511,0,1,evaluation,121,Release,pseudo-collect-delay-ramp,injected,light,1,delay,7,50,1000,20,1359758873,121,9,16,9,0,9,0,43464,4829,10,17,10,0,10,0,106931,10693,2,0,2,0,2,0,2,1,0,0,0,0,0,0,0,23,1,0,0,0,0,0,0,0:0:0:0:0:0:0:0:0:0:0:7:0:0:2:0:0:0:0:0:0:0:0:0:0:0:0:0:0:0:0:0:0:0:0:8:0:1:1:0:0:0:0:0:2:0:0:0:0:0:0:0:0:0:0:0:0:0:0:0:0:0:0:0:0:0
mtfs-sentinel-dataset-v1,1,952,1380005968,1397770528,143230004,1180000,1,511,0,1,evaluation,122,Release,pseudo-collect-delay-ramp,injected,light,1,delay,7,50,1000,21,1359758873,122,9,16,9,0,9,0,41540,4615,10,17,10,0,10,0,94231,9423,2,0,2,0,2,0,2,1,0,0,0,0,0,0,0,23,1,0,0,0,0,0,0,0:0:0:0:0:0:0:0:0:0:0:7:0:0:2:0:0:0:0:0:0:0:0:0:0:0:0:0:0:0:0:0:0:0:0:9:0:0:1:0:0:0:0:0:2:0:0:0:0:0:0:0:0:0:0:0:0:0:0:0:0:0:0:0:0:0
mtfs-sentinel-dataset-v1,1,952,1380005968,1397770528,144410004,1180000,1,511,0,1,evaluation,123,Release,pseudo-collect-delay-ramp,injected,light,1,delay,7,50,1000,21,1359758873,123,9,16,9,0,9,0,29157,3239,10,17,10,0,10,0,101056,10105,2,0,2,0,2,0,1,0,0,0,0,0,0,0,0,23,1,0,0,0,0,0,0,0:0:0:0:0:0:0:0:0:0:0:8:0:0:1:0:0:0:0:0:0:0:0:0:0:0:0:0:0:0:0:0:0:0:0:9:0:0:1:0:0:0:0:0:2:0:0:0:0:0:0:0:0:0:0:0:0:0:0:0:0:0:0:0:0:0
mtfs-sentinel-dataset-v1,1,952,1380005968,1397770528,145600004,1190000,1,511,0,1,evaluation,124,Release,pseudo-collect-delay-ramp,injected,light,1,delay,7,50,1000,23,1359758873,124,9,16,9,0,9,0,39951,4439,10,17,10,0,10,0,101119,10111,2,0,2,0,2,0,2,1,0,0,0,0,0,0,0,23,1,0,0,0,0,0,0,0:0:0:0:0:0:0:0:0:0:0:7:0:0:2:0:0:0:0:0:0:0:0:0:0:0:0:0:0:0:0:0:0:0:0:8:0:1:1:0:0:0:0:0:2:0:0:0:0:0:0:0:0:0:0:0:0:0:0:0:0:0:0:0:0:0
mtfs-sentinel-dataset-v1,1,952,1380005968,1397770528,146770004,1170000,1,511,0,1,evaluation,125,Release,pseudo-collect-delay-ramp,injected,light,1,delay,7,50,1000,23,1359758873,125,9,16,9,0,9,0,29389,3265,10,17,10,0,10,0,92322,9232,2,0,2,0,2,0,2,1,0,0,0,0,0,0,0,23,1,0,0,0,0,0,0,0:0:0:0:0:0:0:0:0:0:0:8:0:0:1:0:0:0:0:0:0:0:0:0:0:0:0:0:0:0:0:0:0:0:0:9:0:0:1:0:0:0:0:0:2:0:0:0:0:0:0:0:0:0:0:0:0:0:0:0:0:0:0:0:0:0
mtfs-sentinel-dataset-v1,1,952,1380005968,1397770528,147940004,1170000,1,511,0,1,evaluation,126,Release,pseudo-collect-delay-ramp,injected,light,1,delay,7,50,1000,23,1359758873,126,9,16,9,0,9,0,29307,3256,10,17,10,0,10,0,94504,9450,2,0,2,0,2,0,2,1,0,0,0,0,0,0,0,23,1,0,0,0,0,0,0,0:0:0:0:0:0:0:0:0:0:0:8:0:0:1:0:0:0:0:0:0:0:0:0:0:0:0:0:0:0:0:0:0:0:0:9:0:0:1:0:0:0:0:0:2:0:0:0:0:0:0:0:0:0:0:0:0:0:0:0:0:0:0:0:0:0
mtfs-sentinel-dataset-v1,1,952,1380005968,1397770528,149120004,1180000,1,511,0,1,evaluation,127,Release,pseudo-collect-delay-ramp,injected,light,1,delay,7,50,1000,24,1359758873,127,9,16,9,0,9,0,29201,3244,10,17,10,0,10,0,106094,10609,2,0,2,0,2,0,1,0,0,0,0,0,0,0,0,23,1,0,0,0,0,0,0,0:0:0:0:0:0:0:0:0:0:0:8:0:0:1:0:0:0:0:0:0:0:0:0:0:0:0:0:0:0:0:0:0:0:0:8:0:1:1:0:0:0:0:0:2:0:0:0:0:0:0:0:0:0:0:0:0:0:0:0:0:0:0:0:0:0
mtfs-sentinel-dataset-v1,1,952,1380005968,1397770528,150290004,1170000,1,511,0,1,evaluation,128,Release,pseudo-collect-delay-ramp,injected,light,1,delay,7,50,1000,25,1359758873,128,9,16,9,0,9,0,28961,3217,10,17,10,0,10,0,100172,10017,2,0,2,0,2,0,2,1,0,0,0,0,0,0,0,23,1,0,0,0,0,0,0,0:0:0:0:0:0:0:0:0:0:0:8:0:0:1:0:0:0:0:0:0:0:0:0:0:0:0:0:0:0:0:0:0:0:0:8:1:0:1:0:0:0:0:0:2:0:0:0:0:0:0:0:0:0:0:0:0:0:0:0:0:0:0:0:0:0
mtfs-sentinel-dataset-v1,1,952,1380005968,1397770528,152130004,1840000,1,511,0,1,evaluation,129,Release,pseudo-collect-delay-ramp,injected,light,1,delay,7,50,1000,27,1359758873,129,9,16,9,0,9,0,29493,3277,10,17,10,0,10,0,762751,76275,2,0,2,0,2,0,0,0,0,0,0,0,0,0,0,23,1,0,0,0,0,0,0,0:0:0:0:0:0:0:0:0:0:0:8:0:0:1:0:0:0:0:0:0:0:0:0:0:0:0:0:0:0:0:0:0:0:0:1:0:0:7:1:1:0:0:0:2:0:0:0:0:0:0:0:0:0:0:0:0:0:0:0:0:0:0:0:0:0
mtfs-sentinel-dataset-v1,1,952,1380005968,1397770528,153980004,1850000,1,511,0,1,evaluation,130,Release,pseudo-collect-delay-ramp,injected,light,1,delay,7,50,1000,28,1359758873,130,9,16,9,0,9,0,29072,3230,10,17,10,0,10,0,776849,77684,2,0,2,0,2,0,1,0,0,0,0,0,0,0,0,23,1,0,0,0,0,0,0,0:0:0:0:0:0:0:0:0:0:0:8:0:0:1:0:0:0:0:0:0:0:0:0:0:0:0:0:0:0:0:0:0:0:0:1:1:1:6:0:1:0:0:0:2:0:0:0:0:0:0:0:0:0:0:0:0:0:0:0:0:0:0:0:0:0
mtfs-sentinel-dataset-v1,1,952,1380005968,1397770528,155230004,1250000,1,511,0,1,evaluation,131,Release,pseudo-collect-delay-ramp,injected,light,1,delay,7,50,1000,29,1359758873,131,9,16,9,0,9,0,29217,3246,10,17,10,0,10,0,177601,17760,2,0,2,0,2,0,2,1,0,0,0,0,0,0,0,23,1,0,0,0,0,0,0,0:0:0:0:0:0:0:0:0:0:0:8:0:0:1:0:0:0:0:0:0:0:0:0:0:0:0:0:0:0:0:0:0:0:0:8:0:1:0:1:0:0:0:0:2:0:0:0:0:0:0:0:0:0:0:0:0:0:0:0:0:0:0:0:0:0
mtfs-sentinel-dataset-v1,1,952,1380005968,1397770528,156500004,1270000,1,511,0,1,evaluation,132,Release,pseudo-collect-delay-ramp,injected,light,1,delay,7,50,1000,30,1359758873,132,9,16,9,0,9,0,29144,3238,10,17,10,0,10,0,180341,18034,2,0,2,0,2,0,11769,5884,0,0,0,0,0,0,0,23,1,0,0,0,0,0,0,0:0:0:0:0:0:0:0:0:0:0:8:0:0:1:0:0:0:0:0:0:0:0:0:0:0:0:0:0:0:0:0:0:0:0:7:0:0:3:0:0:0:0:0:1:0:0:0:0:0:0:0:0:0:0:0:0:0:1:0:0:0:0:0:0:0
mtfs-sentinel-dataset-v1,1,952,1380005968,1397770528,157840004,1340000,1,511,0,1,evaluation,133,Release,pseudo-collect-delay-ramp,injected,light,1,delay,7,50,1000,32,1359758873,133,9,16,9,0,9,0,65002,7222,10,17,10,0,10,0,231647,23164,2,0,2,0,2,0,2,1,0,0,0,0,0,0,0,23,1,0,0,0,0,0,0,0:0:0:0:0:0:0:0:0:0:0:6:0:0:1:2:0:0:0:0:0:0:0:0:0:0:0:0:0:0:0:0:0:0:0:5:1:0:4:0:0:0:0:0:2:0:0:0:0:0:0:0:0:0:0:0:0:0:0:0:0:0:0:0:0:0
mtfs-sentinel-dataset-v1,1,952,1380005968,1397770528,159150004,1310000,1,511,0,1,evaluation,134,Release,pseudo-collect-delay-ramp,injected,light,1,delay,7,50,1000,32,1359758873,134,9,16,9,0,9,0,29189,3243,10,17,10,0,10,0,233102,23310,2,0,2,0,2,0,2,1,0,0,0,0,0,0,0,23,1,0,0,0,0,0,0,0:0:0:0:0:0:0:0:0:0:0:8:0:0:1:0:0:0:0:0:0:0:0:0:0:0:0:0:0:0:0:0:0:0:0:6:0:0:4:0:0:0:0:0:2:0:0:0:0:0:0:0:0:0:0:0:0:0:0:0:0:0:0:0:0:0
mtfs-sentinel-dataset-v1,1,952,1380005968,1397770528,160450004,1300000,1,511,0,1,evaluation,135,Release,pseudo-collect-delay-ramp,injected,light,1,delay,7,50,1000,32,1359758873,135,9,16,9,0,9,0,29355,3261,10,17,10,0,10,0,229668,22966,2,0,2,0,2,0,2,1,0,0,0,0,0,0,0,23,1,0,0,0,0,0,0,0:0:0:0:0:0:0:0:0:0:0:8:0:0:1:0:0:0:0:0:0:0:0:0:0:0:0:0:0:0:0:0:0:0:0:6:0:0:4:0:0:0:0:0:2:0:0:0:0:0:0:0:0:0:0:0:0:0:0:0:0:0:0:0:0:0
mtfs-sentinel-dataset-v1,1,952,1380005968,1397770528,161780004,1330000,1,511,0,1,evaluation,136,Release,pseudo-collect-delay-ramp,injected,light,1,delay,7,50,1000,34,1359758873,136,9,16,9,0,9,0,54096,6010,10,17,10,0,10,0,226862,22686,2,0,2,0,2,0,2,1,0,0,0,0,0,0,0,23,1,0,0,0,0,0,0,0:0:0:0:0:0:0:0:0:0:0:7:0:0:1:1:0:0:0:0:0:0:0:0:0:0:0:0:0:0:0:0:0:0:0:6:0:0:4:0:0:0:0:0:2:0:0:0:0:0:0:0:0:0:0:0:0:0:0:0:0:0:0:0:0:0
mtfs-sentinel-dataset-v1,1,952,1380005968,1397770528,163020004,1240000,1,511,0,1,evaluation,137,Release,pseudo-collect-delay-ramp,injected,light,1,delay,7,50,1000,35,1359758873,137,9,16,9,0,9,0,47852,5316,10,17,10,0,10,0,151283,15128,2,0,2,0,2,0,2,1,0,0,0,0,0,0,0,23,1,0,0,0,0,0,0,0:0:0:0:0:0:0:0:0:0:0:7:0:0:1:1:0:0:0:0:0:0:0:0:0:0:0:0:0:0:0:0:0:0:0:8:0:0:2:0:0:0:0:0:2:0:0:0:0:0:0:0:0:0:0:0:0:0:0:0:0:0:0:0:0:0
mtfs-sentinel-dataset-v1,1,952,1380005968,1397770528,164220004,1200000,1,511,0,1,evaluation,138,Release,pseudo-collect-delay-ramp,injected,light,1,delay,7,50,1000,37,1359758873,138,9,16,9,0,9,0,39861,4429,10,17,10,0,10,0,110614,11061,2,0,2,0,2,0,2,1,0,0,0,0,0,0,0,23,1,0,0,0,0,0,0,0:0:0:0:0:0:0:0:0:0:0:7:0:0:2:0:0:0:0:0:0:0:0:0:0:0:0:0:0:0:0:0:0:0:0:8:0:1:1:0:0:0:0:0:2:0:0:0:0:0:0:0:0:0:0:0:0:0:0:0:0:0:0:0:0:0
mtfs-sentinel-dataset-v1,1,952,1380005968,1397770528,165420004,1200000,1,511,0,1,evaluation,139,Release,pseudo-collect-delay-ramp,injected,light,1,delay,7,50,1000,39,1359758873,139,9,16,9,0,9,0,41538,4615,10,17,10,0,10,0,108759,10875,2,0,2,0,2,0,1,0,0,0,0,0,0,0,0,23,1,0,0,0,0,0,0,0:0:0:0:0:0:0:0:0:0:0:7:0:0:2:0:0:0:0:0:0:0:0:0:0:0:0:0:0:0:0:0:0:0:0:8:0:1:1:0:0:0:0:0:2:0:0:0:0:0:0:0:0:0:0:0:0:0:0:0:0:0:0:0:0:0
mtfs-sentinel-dataset-v1,1,952,1380005968,1397770528,166600004,1180000,1,511,0,1,evaluation,140,Release,pseudo-collect-delay-ramp,injected,light,1,delay,7,50,1000,40,1359758873,140,9,16,9,0,9,0,29278,3253,10,17,10,0,10,0,101998,10199,2,0,2,0,2,0,2,1,0,0,0,0,0,0,0,23,1,0,0,0,0,0,0,0:0:0:0:0:0:0:0:0:0:0:8:0:0:1:0:0:0:0:0:0:0:0:0:0:0:0:0:0:0:0:0:0:0:0:8:0:1:1:0:0:0:0:0:2:0:0:0:0:0:0:0:0:0:0:0:0:0:0:0:0:0:0:0:0:0
mtfs-sentinel-dataset-v1,1,952,1380005968,1397770528,167780004,1180000,1,511,0,1,evaluation,141,Release,pseudo-collect-delay-ramp,injected,light,1,delay,7,50,1000,41,1359758873,141,9,16,9,0,9,0,29336,3259,10,17,10,0,10,0,106706,10670,2,0,2,0,2,0,1,0,0,0,0,0,0,0,0,23,1,0,0,0,0,0,0,0:0:0:0:0:0:0:0:0:0:0:8:0:0:1:0:0:0:0:0:0:0:0:0:0:0:0:0:0:0:0:0:0:0:0:8:0:1:1:0:0:0:0:0:2:0:0:0:0:0:0:0:0:0:0:0:0:0:0:0:0:0:0:0:0:0
mtfs-sentinel-dataset-v1,1,952,1380005968,1397770528,168950004,1170000,1,511,0,1,evaluation,142,Release,pseudo-collect-delay-ramp,injected,light,1,delay,7,50,1000,41,1359758873,142,9,16,9,0,9,0,29400,3266,10,17,10,0,10,0,93346,9334,2,0,2,0,2,0,2,1,0,0,0,0,0,0,0,23,1,0,0,0,0,0,0,0:0:0:0:0:0:0:0:0:0:0:8:0:0:1:0:0:0:0:0:0:0:0:0:0:0:0:0:0:0:0:0:0:0:0:9:0:0:1:0:0:0:0:0:2:0:0:0:0:0:0:0:0:0:0:0:0:0:0:0:0:0:0:0:0:0
mtfs-sentinel-dataset-v1,1,952,1380005968,1397770528,170150004,1200000,1,511,0,1,evaluation,143,Release,pseudo-collect-delay-ramp,injected,light,1,delay,7,50,1000,43,1359758873,143,9,16,9,0,9,0,29402,3266,10,17,10,0,10,0,121075,12107,2,0,2,0,2,0,2,1,0,0,0,0,0,0,0,23,1,0,0,0,0,0,0,0:0:0:0:0:0:0:0:0:0:0:8:0:0:1:0:0:0:0:0:0:0:0:0:0:0:0:0:0:0:0:0:0:0:0:7:0:2:1:0:0:0:0:0:2:0:0:0:0:0:0:0:0:0:0:0:0:0:0:0:0:0:0:0:0:0
mtfs-sentinel-dataset-v1,1,952,1380005968,1397770528,171320004,1170000,1,511,0,1,evaluation,144,Release,pseudo-collect-delay-ramp,injected,light,1,delay,7,50,1000,43,1359758873,144,9,16,9,0,9,0,29416,3268,10,17,10,0,10,0,90813,9081,2,0,2,0,2,0,1,0,0,0,0,0,0,0,0,23,1,0,0,0,0,0,0,0:0:0:0:0:0:0:0:0:0:0:8:0:0:1:0:0:0:0:0:0:0:0:0:0:0:0:0:0:0:0:0:0:0:0:9:0:0:1:0:0:0:0:0:2:0:0:0:0:0:0:0:0:0:0:0:0:0:0:0:0:0:0:0:0:0
mtfs-sentinel-dataset-v1,1,952,1380005968,1397770528,172490004,1170000,1,511,0,1,evaluation,145,Release,pseudo-collect-delay-ramp,injected,light,1,delay,7,50,1000,43,1359758873,145,9,16,9,0,9,0,29362,3262,10,17,10,0,10,0,92623,9262,2,0,2,0,2,0,2,1,0,0,0,0,0,0,0,23,1,0,0,0,0,0,0,0:0:0:0:0:0:0:0:0:0:0:8:0:0:1:0:0:0:0:0:0:0:0:0:0:0:0:0:0:0:0:0:0:0:0:9:0:0:1:0:0:0:0:0:2:0:0:0:0:0:0:0:0:0:0:0:0:0:0:0:0:0:0:0:0:0
mtfs-sentinel-dataset-v1,1,952,1380005968,1397770528,173660004,1170000,1,511,0,1,evaluation,146,Release,pseudo-collect-delay-ramp,injected,light,1,delay,7,50,1000,43,1359758873,146,9,16,9,0,9,0,29401,3266,10,17,10,0,10,0,94930,9493,2,0,2,0,2,0,2,1,0,0,0,0,0,0,0,23,1,0,0,0,0,0,0,0:0:0:0:0:0:0:0:0:0:0:8:0:0:1:0:0:0:0:0:0:0:0:0:0:0:0:0:0:0:0:0:0:0:0:9:0:0:1:0:0:0:0:0:2:0:0:0:0:0:0:0:0:0:0:0:0:0:0:0:0:0:0:0:0:0
mtfs-sentinel-dataset-v1,1,952,1380005968,1397770528,174860004,1200000,1,511,0,1,evaluation,147,Release,pseudo-collect-delay-ramp,injected,light,1,delay,7,50,1000,45,1359758873,147,9,16,9,0,9,0,47148,5238,10,17,10,0,10,0,110139,11013,2,0,2,0,2,0,1,0,0,0,0,0,0,0,0,23,1,0,0,0,0,0,0,0:0:0:0:0:0:0:0:0:0:0:7:0:0:1:1:0:0:0:0:0:0:0:0:0:0:0:0:0:0:0:0:0:0:0:8:0:1:1:0:0:0:0:0:2:0:0:0:0:0:0:0:0:0:0:0:0:0:0:0:0:0:0:0:0:0
mtfs-sentinel-dataset-v1,1,952,1380005968,1397770528,176040004,1180000,1,511,0,1,evaluation,148,Release,pseudo-collect-delay-ramp,injected,light,1,delay,7,50,1000,46,1359758873,148,9,16,9,0,9,0,29316,3257,10,17,10,0,10,0,109623,10962,2,0,2,0,2,0,2,1,0,0,0,0,0,0,0,23,1,0,0,0,0,0,0,0:0:0:0:0:0:0:0:0:0:0:8:0:0:1:0:0:0:0:0:0:0:0:0:0:0:0:0:0:0:0:0:0:0:0:9:0:0:1:0:0:0:0:0:2:0:0:0:0:0:0:0:0:0:0:0:0:0:0:0:0:0:0:0:0:0
mtfs-sentinel-dataset-v1,1,952,1380005968,1397770528,177240004,1200000,1,511,0,1,evaluation,149,Release,pseudo-collect-delay-ramp,injected,light,1,delay,7,50,1000,48,1359758873,149,9,16,9,0,9,0,49362,5484,10,17,10,0,10,0,92266,9226,2,0,2,0,2,0,15297,7648,0,0,0,0,0,0,0,23,1,0,0,0,0,0,0,0:0:0:0:0:0:0:0:0:0:0:8:0:0:0:0:1:0:0:0:0:0:0:0:0:0:0:0:0:0:0:0:0:0:0:9:0:0:1:0:0:0:0:0:1:0:0:0:0:0:0:0:0:0:0:0:0:0:1:0:0:0:0:0:0:0
mtfs-sentinel-dataset-v1,1,952,1380005968,1397770528,178470004,1230000,1,511,0,1,evaluation,150,Release,pseudo-collect-delay-ramp,injected,light,1,delay,7,50,1000,52,1359758873,150,9,16,9,0,9,0,39167,4351,10,17,10,0,10,0,143344,14334,2,0,2,0,2,0,2,1,0,0,0,0,0,0,0,23,1,0,0,0,0,0,0,0:0:0:0:0:0:0:0:0:0:0:7:0:0:2:0:0:0:0:0:0:0:0:0:0:0:0:0:0:0:0:0:0:0:0:7:0:2:1:0:0:0:0:0:2:0:0:0:0:0:0:0:0:0:0:0:0:0:0:0:0:0:0:0:0:0
mtfs-sentinel-dataset-v1,1,952,1380005968,1397770528,179690004,1220000,1,511,0,1,evaluation,151,Release,pseudo-collect-delay-ramp,injected,light,1,delay,7,50,1000,55,1359758873,151,9,16,9,0,9,0,41204,4578,10,17,10,0,10,0,129780,12978,2,0,2,0,2,0,2,1,0,0,0,0,0,0,0,23,1,0,0,0,0,0,0,0:0:0:0:0:0:0:0:0:0:0:7:0:0:2:0:0:0:0:0:0:0:0:0:0:0:0:0:0:0:0:0:0:0:0:8:0:1:1:0:0:0:0:0:2:0:0:0:0:0:0:0:0:0:0:0:0:0:0:0:0:0:0:0:0:0
mtfs-sentinel-dataset-v1,1,952,1380005968,1397770528,180860004,1170000,1,511,0,1,evaluation,152,Release,pseudo-collect-delay-ramp,injected,light,1,delay,7,50,1000,55,1359758873,152,9,16,9,0,9,0,29365,3262,10,17,10,0,10,0,99258,9925,2,0,2,0,2,0,1,0,0,0,0,0,0,0,0,23,1,0,0,0,0,0,0,0:0:0:0:0:0:0:0:0:0:0:8:0:0:1:0:0:0:0:0:0:0:0:0:0:0:0:0:0:0:0:0:0:0:0:9:0:0:1:0:0:0:0:0:2:0:0:0:0:0:0:0:0:0:0:0:0:0:0:0:0:0:0:0:0:0
mtfs-sentinel-dataset-v1,1,952,1380005968,1397770528,182030004,1170000,1,511,0,1,evaluation,153,Release,pseudo-collect-delay-ramp,injected,light,1,delay,7,50,1000,55,1359758873,153,9,16,9,0,9,0,29363,3262,10,17,10,0,10,0,92338,9233,2,0,2,0,2,0,1,0,0,0,0,0,0,0,0,23,1,0,0,0,0,0,0,0:0:0:0:0:0:0:0:0:0:0:8:0:0:1:0:0:0:0:0:0:0:0:0:0:0:0:0:0:0:0:0:0:0:0:9:0:0:1:0:0:0:0:0:2:0:0:0:0:0:0:0:0:0:0:0:0:0:0:0:0:0:0:0:0:0
mtfs-sentinel-dataset-v1,1,952,1380005968,1397770528,183230004,1200000,1,511,0,1,evaluation,154,Release,pseudo-collect-delay-ramp,injected,light,1,delay,7,50,1000,57,1359758873,154,9,16,9,0,9,0,58113,6457,10,17,10,0,10,0,94492,9449,2,0,2,0,2,0,2,1,0,0,0,0,0,0,0,23,1,0,0,0,0,0,0,0:0:0:0:0:0:0:0:0:0:0:6:0:0:2:1:0:0:0:0:0:0:0:0:0:0:0:0:0:0:0:0:0:0:0:9:0:0:1:0:0:0:0:0:2:0:0:0:0:0:0:0:0:0:0:0:0:0:0:0:0:0:0:0:0:0
mtfs-sentinel-dataset-v1,1,952,1380005968,1397770528,184400004,1170000,1,511,0,1,evaluation,155,Release,pseudo-collect-delay-ramp,injected,light,1,delay,7,50,1000,57,1359758873,155,9,16,9,0,9,0,29269,3252,10,17,10,0,10,0,92560,9256,2,0,2,0,2,0,2,1,0,0,0,0,0,0,0,23,1,0,0,0,0,0,0,0:0:0:0:0:0:0:0:0:0:0:8:0:0:1:0:0:0:0:0:0:0:0:0:0:0:0:0:0:0:0:0:0:0:0:9:0:0:1:0:0:0:0:0:2:0:0:0:0:0:0:0:0:0:0:0:0:0:0:0:0:0:0:0:0:0
mtfs-sentinel-dataset-v1,1,952,1380005968,1397770528,185610004,1210000,1,511,0,1,evaluation,156,Release,pseudo-collect-delay-ramp,injected,light,1,delay,7,50,1000,60,1359758873,156,9,16,9,0,9,0,59558,6617,10,17,10,0,10,0,105024,10502,2,0,2,0,2,0,2,1,0,0,0,0,0,0,0,23,1,0,0,0,0,0,0,0:0:0:0:0:0:0:0:0:0:0:5:1:0:2:1:0:0:0:0:0:0:0:0:0:0:0:0:0:0:0:0:0:0:0:8:0:1:1:0:0:0:0:0:2:0:0:0:0:0:0:0:0:0:0:0:0:0:0:0:0:0:0:0:0:0
mtfs-sentinel-dataset-v1,1,952,1380005968,1397770528,186780004,1170000,1,511,0,1,evaluation,157,Release,pseudo-collect-delay-ramp,injected,light,1,delay,7,50,1000,60,1359758873,157,9,16,9,0,9,0,29310,3256,10,17,10,0,10,0,92187,9218,2,0,2,0,2,0,1,0,0,0,0,0,0,0,0,23,1,0,0,0,0,0,0,0:0:0:0:0:0:0:0:0:0:0:8:0:0:1:0:0:0:0:0:0:0:0:0:0:0:0:0:0:0:0:0:0:0:0:9:0:0:1:0:0:0:0:0:2:0:0:0:0:0:0:0:0:0:0:0:0:0:0:0:0:0:0:0:0:0
mtfs-sentinel-dataset-v1,1,952,1380005968,1397770528,187950004,1170000,1,511,0,1,evaluation,158,Release,pseudo-collect-delay-ramp,injected,light,1,delay,7,50,1000,60,1359758873,158,9,16,9,0,9,0,29271,3252,10,17,10,0,10,0,94656,9465,2,0,2,0,2,0,2,1,0,0,0,0,0,0,0,23,1,0,0,0,0,0,0,0:0:0:0:0:0:0:0:0:0:0:8:0:0:1:0:0:0:0:0:0:0:0:0:0:0:0:0:0:0:0:0:0:0:0:9:0:0:1:0:0:0:0:0:2:0:0:0:0:0:0:0:0:0:0:0:0:0:0:0:0:0:0:0:0:0
mtfs-sentinel-dataset-v1,1,952,1380005968,1397770528,189110004,1160000,1,511,0,1,evaluation,159,Release,pseudo-collect-delay-ramp,injected,light,1,delay,7,50,1000,60,1359758873,159,9,16,9,0,9,0,29239,3248,10,17,10,0,10,0,89937,8993,2,0,2,0,2,0,2,1,0,0,0,0,0,0,0,23,1,0,0,0,0,0,0,0:0:0:0:0:0:0:0:0:0:0:8:0:0:1:0:0:0:0:0:0:0:0:0:0:0:0:0:0:0:0:0:0:0:0:9:0:0:1:0:0:0:0:0:2:0:0:0:0:0:0:0:0:0:0:0:0:0:0:0:0:0:0:0:0:0
mtfs-sentinel-dataset-v1,1,952,1380005968,1397770528,190330004,1220000,1,511,0,1,evaluation,160,Release,pseudo-collect-delay-ramp,injected,light,1,delay,7,50,1000,62,1359758873,160,9,16,9,0,9,0,46560,5173,10,17,10,0,10,0,127452,12745,2,0,2,0,2,0,2,1,0,0,0,0,0,0,0,23,1,0,0,0,0,0,0,0:0:0:0:0:0:0:0:0:0:0:7:1:0:0:1:0:0:0:0:0:0:0:0:0:0:0:0:0:0:0:0:0:0:0:7:0:2:1:0:0:0:0:0:2:0:0:0:0:0:0:0:0:0:0:0:0:0:0:0:0:0:0:0:0:0
mtfs-sentinel-dataset-v1,1,952,1380005968,1397770528,191510004,1180000,1,511,0,1,evaluation,161,Release,pseudo-collect-delay-ramp,injected,light,1,delay,7,50,1000,63,1359758873,161,9,16,9,0,9,0,29283,3253,10,17,10,0,10,0,110420,11042,2,0,2,0,2,0,2,1,0,0,0,0,0,0,0,23,1,0,0,0,0,0,0,0:0:0:0:0:0:0:0:0:0:0:8:0:0:1:0:0:0:0:0:0:0:0:0:0:0:0:0:0:0:0:0:0:0:0:7:1:1:1:0:0:0:0:0:2:0:0:0:0:0:0:0:0:0:0:0:0:0:0:0:0:0:0:0:0:0
mtfs-sentinel-dataset-v1,1,952,1380005968,1397770528,192690004,1180000,1,511,0,1,evaluation,162,Release,pseudo-collect-delay-ramp,injected,light,1,delay,7,50,1000,64,1359758873,162,9,16,9,0,9,0,29389,3265,10,17,10,0,10,0,105454,10545,2,0,2,0,2,0,2,1,0,0,0,0,0,0,0,23,1,0,0,0,0,0,0,0:0:0:0:0:0:0:0:0:0:0:8:0:0:1:0:0:0:0:0:0:0:0:0:0:0:0:0:0:0:0:0:0:0:0:9:0:0:1:0:0:0:0:0:2:0:0:0:0:0:0:0:0:0:0:0:0:0:0:0:0:0:0:0:0:0
mtfs-sentinel-dataset-v1,1,952,1380005968,1397770528,193870004,1180000,1,511,0,1,evaluation,163,Release,pseudo-collect-delay-ramp,injected,light,1,delay,7,50,1000,65,1359758873,163,9,16,9,0,9,0,45647,5071,10,17,10,0,10,0,93028,9302,2,0,2,0,2,0,2,1,0,0,0,0,0,0,0,23,1,0,0,0,0,0,0,0:0:0:0:0:0:0:0:0:0:0:7:0:0:1:1:0:0:0:0:0:0:0:0:0:0:0:0:0:0:0:0:0:0:0:9:0:0:1:0:0:0:0:0:2:0:0:0:0:0:0:0:0:0:0:0:0:0:0:0:0:0:0:0:0:0
mtfs-sentinel-dataset-v1,1,952,1380005968,1397770528,195060004,1190000,1,511,0,1,evaluation,164,Release,pseudo-collect-delay-ramp,injected,light,1,delay,7,50,1000,67,1359758873,164,9,16,9,0,9,0,39497,4388,10,17,10,0,10,0,107644,10764,2,0,2,0,2,0,2,1,0,0,0,0,0,0,0,23,1,0,0,0,0,0,0,0:0:0:0:0:0:0:0:0:0:0:7:0:0:2:0:0:0:0:0:0:0:0:0:0:0:0:0:0:0:0:0:0:0:0:8:0:1:1:0:0:0:0:0:2:0:0:0:0:0:0:0:0:0:0:0:0:0:0:0:0:0:0:0:0:0
mtfs-sentinel-dataset-v1,1,952,1380005968,1397770528,196240004,1180000,1,511,0,1,evaluation,165,Release,pseudo-collect-delay-ramp,injected,light,1,delay,7,50,1000,68,1359758873,165,9,16,9,0,9,0,29221,3246,10,17,10,0,10,0,109583,10958,2,0,2,0,2,0,1,0,0,0,0,0,0,0,0,23,1,0,0,0,0,0,0,0:0:0:0:0:0:0:0:0:0:0:8:0:0:1:0:0:0:0:0:0:0:0:0:0:0:0:0:0:0:0:0:0:0:0:8:0:1:1:0:0:0:0:0:2:0:0:0:0:0:0:0:0:0:0:0:0:0:0:0:0:0:0:0:0:0
mtfs-sentinel-dataset-v1,1,952,1380005968,1397770528,197420004,1180000,1,511,0,1,evaluation,166,Release,pseudo-collect-delay-ramp,injected,light,1,delay,7,50,1000,69,1359758873,166,9,16,9,0,9,0,41578,4619,10,17,10,0,10,0,94905,9490,2,0,2,0,2,0,2,1,0,0,0,0,0,0,0,23,1,0,0,0,0,0,0,0:0:0:0:0:0:0:0:0:0:0:7:0:0:2:0:0:0:0:0:0:0:0:0:0:0:0:0:0:0:0:0:0:0:0:9:0:0:1:0:0:0:0:0:2:0:0:0:0:0:0:0:0:0:0:0:0:0:0:0:0:0:0:0:0:0
mtfs-sentinel-dataset-v1,1,952,1380005968,1397770528,198590004,1170000,1,511,0,1,evaluation,167,Release,pseudo-collect-delay-ramp,injected,light,1,delay,7,50,1000,69,1359758873,167,9,16,9,0,9,0,29290,3254,10,17,10,0,10,0,92914,9291,2,0,2,0,2,0,2,1,0,0,0,0,0,0,0,23,1,0,0,0,0,0,0,0:0:0:0:0:0:0:0:0:0:0:8:0:0:1:0:0:0:0:0:0:0:0:0:0:0:0:0:0:0:0:0:0:0:0:9:0:0:1:0:0:0:0:0:2:0:0:0:0:0:0:0:0:0:0:0:0:0:0:0:0:0:0:0:0:0
mtfs-sentinel-dataset-v1,1,952,1380005968,1397770528,199780004,1190000,1,511,0,1,evaluation,168,Release,pseudo-collect-delay-ramp,injected,light,1,delay,7,50,1000,70,1359758873,168,9,16,9,0,9,0,29309,3256,10,17,10,0,10,0,110979,11097,2,0,2,0,2,0,2,1,0,0,0,0,0,0,0,23,1,0,0,0,0,0,0,0:0:0:0:0:0:0:0:0:0:0:8:0:0:1:0:0:0:0:0:0:0:0:0:0:0:0:0:0:0:0:0:0:0:0:8:0:1:1:0:0:0:0:0:2:0:0:0:0:0:0:0:0:0:0:0:0:0:0:0:0:0:0:0:0:0
mtfs-sentinel-dataset-v1,1,952,1380005968,1397770528,200960004,1180000,1,511,0,1,evaluation,169,Release,pseudo-collect-delay-ramp,injected,light,1,delay,7,50,1000,71,1359758873,169,9,16,9,0,9,0,29314,3257,10,17,10,0,10,0,109323,10932,2,0,2,0,2,0,1,0,0,0,0,0,0,0,0,23,1,0,0,0,0,0,0,0:0:0:0:0:0:0:0:0:0:0:8:0:0:1:0:0:0:0:0:0:0:0:0:0:0:0:0:0:0:0:0:0:0:0:8:0:1:1:0:0:0:0:0:2:0:0:0:0:0:0:0:0:0:0:0:0:0:0:0:0:0:0:0:0:0
mtfs-sentinel-dataset-v1,1,952,1380005968,1397770528,202140004,1180000,1,511,0,1,evaluation,170,Release,pseudo-collect-delay-ramp,injected,light,1,delay,7,50,1000,72,1359758873,170,9,16,9,0,9,0,43578,4842,10,17,10,0,10,0,95366,9536,2,0,2,0,2,0,1,0,0,0,0,0,0,0,0,23,1,0,0,0,0,0,0,0:0:0:0:0:0:0:0:0:0:0:7:0:0:2:0:0:0:0:0:0:0:0:0:0:0:0:0:0:0:0:0:0:0:0:9:0:0:1:0:0:0:0:0:2:0:0:0:0:0:0:0:0:0:0:0:0:0:0:0:0:0:0:0:0:0
mtfs-sentinel-dataset-v1,1,952,1380005968,1397770528,203340004,1200000,1,511,0,1,evaluation,171,Release,pseudo-collect-delay-ramp,injected,light,1,delay,7,50,1000,74,1359758873,171,9,16,9,0,9,0,43655,4850,10,17,10,0,10,0,108710,10871,2,0,2,0,2,0,2,1,0,0,0,0,0,0,0,23,1,0,0,0,0,0,0,0:0:0:0:0:0:0:0:0:0:0:7:0:0:2:0:0:0:0:0:0:0:0:0:0:0:0:0:0:0:0:0:0:0:0:9:0:0:1:0:0:0:0:0:2:0:0:0:0:0:0:0:0:0:0:0:0:0:0:0:0:0:0:0:0:0
mtfs-sentinel-dataset-v1,1,952,1380005968,1397770528,204510004,1170000,1,511,0,1,evaluation,172,Release,pseudo-collect-delay-ramp,injected,light,1,delay,7,50,1000,74,1359758873,172,9,16,9,0,9,0,29454,3272,10,17,10,0,10,0,91057,9105,2,0,2,0,2,0,2,1,0,0,0,0,0,0,0,23,1,0,0,0,0,0,0,0:0:0:0:0:0:0:0:0:0:0:8:0:0:1:0:0:0:0:0:0:0:0:0:0:0:0:0:0:0:0:0:0:0:0:9:0:0:1:0:0:0:0:0:2:0:0:0:0:0:0:0:0:0:0:0:0:0:0:0:0:0:0:0:0:0
mtfs-sentinel-dataset-v1,1,952,1380005968,1397770528,205730004,1220000,1,511,0,1,evaluation,173,Release,pseudo-collect-delay-ramp,injected,light,1,delay,7,50,1000,77,1359758873,173,9,16,9,0,9,0,47260,5251,10,17,10,0,10,0,112415,11241,2,0,2,0,2,0,14647,7323,0,0,0,0,0,0,0,23,1,0,0,0,0,0,0,0:0:0:0:0:0:0:0:0:0:0:7:0:0:1:1:0:0:0:0:0:0:0:0:0:0:0:0:0:0:0:0:0:0:0:9:0:0:1:0:0:0:0:0:1:0:0:0:0:0:0:0:0:0:0:0:0:0:1:0:0:0:0:0:0:0
mtfs-sentinel-dataset-v1,1,952,1380005968,1397770528,206900004,1170000,1,511,0,1,evaluation,174,Release,pseudo-collect-delay-ramp,injected,light,1,delay,7,50,1000,77,1359758873,174,9,16,9,0,9,0,29387,3265,10,17,10,0,10,0,95280,9528,2,0,2,0,2,0,2,1,0,0,0,0,0,0,0,23,1,0,0,0,0,0,0,0:0:0:0:0:0:0:0:0:0:0:8:0:0:1:0:0:0:0:0:0:0:0:0:0:0:0:0:0:0:0:0:0:0:0:9:0:0:1:0:0:0:0:0:2:0:0:0:0:0:0:0:0:0:0:0:0:0:0:0:0:0:0:0:0:0
mtfs-sentinel-dataset-v1,1,952,1380005968,1397770528,208080004,1180000,1,511,0,1,evaluation,175,Release,pseudo-collect-delay-ramp,injected,light,1,delay,7,50,1000,78,1359758873,175,9,16,9,0,9,0,29292,3254,10,17,10,0,10,0,105343,10534,2,0,2,0,2,0,2,1,0,0,0,0,0,0,0,23,1,0,0,0,0,0,0,0:0:0:0:0:0:0:0:0:0:0:8:0:0:1:0:0:0:0:0:0:0:0:0:0:0:0:0:0:0:0:0:0:0:0:8:0:1:1:0:0:0:0:0:2:0:0:0:0:0:0:0:0:0:0:0:0:0:0:0:0:0:0:0:0:0
mtfs-sentinel-dataset-v1,1,952,1380005968,1397770528,209250004,1170000,1,511,0,1,evaluation,176,Release,pseudo-collect-delay-ramp,injected,light,1,delay,7,50,1000,78,1359758873,176,9,16,9,0,9,0,29388,3265,10,17,10,0,10,0,91001,9100,2,0,2,0,2,0,2,1,0,0,0,0,0,0,0,23,1,0,0,0,0,0,0,0:0:0:0:0:0:0:0:0:0:0:8:0:0:1:0:0:0:0:0:0:0:0:0:0:0:0:0:0:0:0:0:0:0:0:9:0:0:1:0:0:0:0:0:2:0:0:0:0:0:0:0:0:0:0:0:0:0:0:0:0:0:0:0:0:0
mtfs-sentinel-dataset-v1,1,952,1380005968,1397770528,210440004,1190000,1,511,0,1,evaluation,177,Release,pseudo-collect-delay-ramp,injected,light,1,delay,7,50,1000,79,1359758873,177,9,16,9,0,9,0,29308,3256,10,17,10,0,10,0,112178,11217,2,0,2,0,2,0,2,1,0,0,0,0,0,0,0,23,1,0,0,0,0,0,0,0:0:0:0:0:0:0:0:0:0:0:8:0:0:1:0:0:0:0:0:0:0:0:0:0:0:0:0:0:0:0:0:0:0:0:9:0:0:1:0:0:0:0:0:2:0:0:0:0:0:0:0:0:0:0:0:0:0:0:0:0:0:0:0:0:0
mtfs-sentinel-dataset-v1,1,952,1380005968,1397770528,211610004,1170000,1,511,0,1,evaluation,178,Release,pseudo-collect-delay-ramp,injected,light,1,delay,7,50,1000,79,1359758873,178,9,16,9,0,9,0,29350,3261,10,17,10,0,10,0,95141,9514,2,0,2,0,2,0,1,0,0,0,0,0,0,0,0,23,1,0,0,0,0,0,0,0:0:0:0:0:0:0:0:0:0:0:8:0:0:1:0:0:0:0:0:0:0:0:0:0:0:0:0:0:0:0:0:0:0:0:9:0:0:1:0:0:0:0:0:2:0:0:0:0:0:0:0:0:0:0:0:0:0:0:0:0:0:0:0:0:0
mtfs-sentinel-dataset-v1,1,952,1380005968,1397770528,212790004,1180000,1,511,0,1,evaluation,179,Release,pseudo-collect-delay-ramp,injected,light,1,delay,7,50,1000,80,1359758873,179,9,16,9,0,9,0,29265,3251,10,17,10,0,10,0,107130,10713,2,0,2,0,2,0,2,1,0,0,0,0,0,0,0,23,1,0,0,0,0,0,0,0:0:0:0:0:0:0:0:0:0:0:8:0:0:1:0:0:0:0:0:0:0:0:0:0:0:0:0:0:0:0:0:0:0:0:8:0:1:1:0:0:0:0:0:2:0:0:0:0:0:0:0:0:0:0:0:0:0:0:0:0:0:0:0:0:0
mtfs-sentinel-dataset-v1,1,952,1380005968,1397770528,213970004,1180000,1,511,0,1,evaluation,180,Release,pseudo-collect-delay-ramp,injected,light,1,delay,7,50,1000,81,1359758873,180,9,16,9,0,9,0,40326,4480,10,17,10,0,10,0,90728,9072,2,0,2,0,2,0,1,0,0,0,0,0,0,0,0,23,1,0,0,0,0,0,0,0:0:0:0:0:0:0:0:0:0:0:7:0:0:2:0:0:0:0:0:0:0:0:0:0:0:0:0:0:0:0:0:0:0:0:9:0:0:1:0:0:0:0:0:2:0:0:0:0:0:0:0:0:0:0:0:0:0:0:0:0:0:0:0:0:0
mtfs-sentinel-dataset-v1,1,952,1380005968,1397770528,215170004,1200000,1,511,0,1,evaluation,181,Release,pseudo-collect-delay-ramp,injected,light,1,delay,7,50,1000,84,1359758873,181,9,16,9,0,9,0,41732,4636,10,17,10,0,10,0,118124,11812,2,0,2,0,2,0,2,1,0,0,0,0,0,0,0,23,1,0,0,0,0,0,0,0:0:0:0:0:0:0:0:0:0:0:7:0:0:2:0:0:0:0:0:0:0:0:0:0:0:0:0:0:0:0:0:0:0:0:7:0:2:1:0:0:0:0:0:2:0:0:0:0:0:0:0:0:0:0:0:0:0:0:0:0:0:0:0:0:0
mtfs-sentinel-dataset-v1,1,952,1380005968,1397770528,216380004,1210000,1,511,0,1,evaluation,182,Release,pseudo-collect-delay-ramp,injected,light,1,delay,7,50,1000,87,1359758873,182,9,16,9,0,9,0,54988,6109,10,17,10,0,10,0,94489,9448,2,0,2,0,2,0,14668,7334,0,0,0,0,0,0,0,23,1,0,0,0,0,0,0,0:0:0:0:0:0:0:0:0:0:0:6:0:0:3:0:0:0:0:0:0:0:0:0:0:0:0:0:0:0:0:0:0:0:0:9:0:0:1:0:0:0:0:0:1:0:0:0:0:0:0:0:0:0:0:0:0:0:1:0:0:0:0:0:0:0
mtfs-sentinel-dataset-v1,1,952,1380005968,1397770528,217570004,1190000,1,511,0,1,evaluation,183,Release,pseudo-collect-delay-ramp,injected,light,1,delay,7,50,1000,88,1359758873,183,9,16,9,0,9,0,29208,3245,10,17,10,0,10,0,100958,10095,2,0,2,0,2,0,13538,6769,0,0,0,0,0,0,0,23,1,0,0,0,0,0,0,0:0:0:0:0:0:0:0:0:0:0:8:0:0:1:0:0:0:0:0:0:0:0:0:0:0:0:0:0:0:0:0:0:0:0:9:0:0:1:0:0:0:0:0:1:0:0:0:0:0:0:0:0:0:0:0:0:0:1:0:0:0:0:0:0:0
mtfs-sentinel-dataset-v1,1,952,1380005968,1397770528,218760004,1190000,1,511,0,1,evaluation,184,Release,pseudo-collect-delay-ramp,injected,light,1,delay,7,50,1000,90,1359758873,184,9,16,9,0,9,0,29262,3251,10,17,10,0,10,0,117433,11743,2,0,2,0,2,0,1,0,0,0,0,0,0,0,0,23,1,0,0,0,0,0,0,0:0:0:0:0:0:0:0:0:0:0:8:0:0:1:0:0:0:0:0:0:0:0:0:0:0:0:0:0:0:0:0:0:0:0:7:0:2:1:0:0:0:0:0:2:0:0:0:0:0:0:0:0:0:0:0:0:0:0:0:0:0:0:0:0:0
mtfs-sentinel-dataset-v1,1,952,1380005968,1397770528,219930004,1170000,1,511,0,1,evaluation,185,Release,pseudo-collect-delay-ramp,injected,light,1,delay,7,50,1000,90,1359758873,185,9,16,9,0,9,0,29375,3263,10,17,10,0,10,0,92565,9256,2,0,2,0,2,0,1,0,0,0,0,0,0,0,0,23,1,0,0,0,0,0,0,0:0:0:0:0:0:0:0:0:0:0:8:0:0:1:0:0:0:0:0:0:0:0:0:0:0:0:0:0:0:0:0:0:0:0:9:0:0:1:0:0:0:0:0:2:0:0:0:0:0:0:0:0:0:0:0:0:0:0:0:0:0:0:0:0:0
mtfs-sentinel-dataset-v1,1,952,1380005968,1397770528,221150004,1220000,1,511,0,1,evaluation,186,Release,pseudo-collect-delay-ramp,injected,light,1,delay,7,50,1000,93,1359758873,186,9,16,9,0,9,0,47312,5256,10,17,10,0,10,0,128242,12824,2,0,2,0,2,0,2,1,0,0,0,0,0,0,0,23,1,0,0,0,0,0,0,0:0:0:0:0:0:0:0:0:0:0:7:0:0:1:1:0:0:0:0:0:0:0:0:0:0:0:0:0:0:0:0:0:0:0:7:0:2:1:0:0:0:0:0:2:0:0:0:0:0:0:0:0:0:0:0:0:0:0:0:0:0:0:0:0:0
mtfs-sentinel-dataset-v1,1,952,1380005968,1397770528,222320004,1170000,1,511,0,1,evaluation,187,Release,pseudo-collect-delay-ramp,injected,light,1,delay,7,50,1000,93,1359758873,187,9,16,9,0,9,0,29370,3263,10,17,10,0,10,0,92243,9224,2,0,2,0,2,0,0,0,0,0,0,0,0,0,0,23,1,0,0,0,0,0,0,0:0:0:0:0:0:0:0:0:0:0:8:0:0:1:0:0:0:0:0:0:0:0:0:0:0:0:0:0:0:0:0:0:0:0:9:0:0:1:0:0:0:0:0:2:0:0:0:0:0:0:0:0:0:0:0:0:0:0:0:0:0:0:0:0:0
mtfs-sentinel-dataset-v1,1,952,1380005968,1397770528,223500004,1180000,1,511,0,1,evaluation,188,Release,pseudo-collect-delay-ramp,injected,light,1,delay,7,50,1000,94,1359758873,188,9,16,9,0,9,0,29412,3268,10,17,10,0,10,0,107708,10770,2,0,2,0,2,0,2,1,0,0,0,0,0,0,0,23,1,0,0,0,0,0,0,0:0:0:0:0:0:0:0:0:0:0:8:0:0:1:0:0:0:0:0:0:0:0:0:0:0:0:0:0:0:0:0:0:0:0:8:0:1:1:0:0:0:0:0:2:0:0:0:0:0:0:0:0:0:0:0:0:0:0:0:0:0:0:0:0:0
mtfs-sentinel-dataset-v1,1,952,1380005968,1397770528,224710004,1210000,1,511,0,1,evaluation,189,Release,pseudo-collect-delay-ramp,injected,light,1,delay,7,50,1000,96,1359758873,189,9,16,9,0,9,0,47791,5310,10,17,10,0,10,0,118477,11847,2,0,2,0,2,0,2,1,0,0,0,0,0,0,0,23,1,0,0,0,0,0,0,0:0:0:0:0:0:0:0:0:0:0:7:0:0:1:1:0:0:0:0:0:0:0:0:0:0:0:0:0:0:0:0:0:0:0:7:1:1:1:0:0:0:0:0:2:0:0:0:0:0:0:0:0:0:0:0:0:0:0:0:0:0:0:0:0:0
mtfs-sentinel-dataset-v1,1,952,1380005968,1397770528,225910004,1200000,1,511,0,1,evaluation,190,Release,pseudo-collect-delay-ramp,injected,light,1,delay,7,50,1000,98,1359758873,190,9,16,9,0,9,0,41510,4612,10,17,10,0,10,0,108221,10822,2,0,2,0,2,0,2,1,0,0,0,0,0,0,0,23,1,0,0,0,0,0,0,0:0:0:0:0:0:0:0:0:0:0:7:0:0:2:0:0:0:0:0:0:0:0:0:0:0:0:0:0:0:0:0:0:0:0:8:0:1:1:0:0:0:0:0:2:0:0:0:0:0:0:0:0:0:0:0:0:0:0:0:0:0:0:0:0:0
mtfs-sentinel-dataset-v1,1,952,1380005968,1397770528,227110004,1200000,1,511,0,1,evaluation,191,Release,pseudo-collect-delay-ramp,injected,light,1,delay,7,50,1000,100,1359758873,191,9,16,9,0,9,0,29344,3260,10,17,10,0,10,0,123001,12300,2,0,2,0,2,0,2,1,0,0,0,0,0,0,0,23,1,0,0,0,0,0,0,0:0:0:0:0:0:0:0:0:0:0:8:0:0:1:0:0:0:0:0:0:0:0:0:0:0:0:0:0:0:0:0:0:0:0:7:0:2:1:0:0:0:0:0:2:0:0:0:0:0:0:0:0:0:0:0:0:0:0:0:0:0:0:0:0:0
mtfs-sentinel-dataset-v1,1,952,1380005968,1397770528,228310004,1200000,1,511,0,1,evaluation,192,Release,pseudo-collect-delay-ramp,injected,light,1,delay,7,50,1000,102,1359758873,192,9,16,9,0,9,0,47433,5270,10,17,10,0,10,0,105712,10571,2,0,2,0,2,0,2,1,0,0,0,0,0,0,0,23,1,0,0,0,0,0,0,0:0:0:0:0:0:0:0:0:0:0:7:0:0:1:1:0:0:0:0:0:0:0:0:0:0:0:0:0:0:0:0:0:0:0:8:0:1:1:0:0:0:0:0:2:0:0:0:0:0:0:0:0:0:0:0:0:0:0:0:0:0:0:0:0:0
mtfs-sentinel-dataset-v1,1,952,1380005968,1397770528,229510004,1200000,1,511,0,1,evaluation,193,Release,pseudo-collect-delay-ramp,injected,light,1,delay,7,50,1000,105,1359758873,193,9,16,9,0,9,0,50960,5662,10,17,10,0,10,0,108615,10861,2,0,2,0,2,0,2,1,0,0,0,0,0,0,0,23,1,0,0,0,0,0,0,0:0:0:0:0:0:0:0:0:0:0:6:0:0:3:0:0:0:0:0:0:0:0:0:0:0:0:0:0:0:0:0:0:0:0:8:0:1:1:0:0:0:0:0:2:0:0:0:0:0:0:0:0:0:0:0:0:0:0:0:0:0:0:0:0:0
mtfs-sentinel-dataset-v1,1,952,1380005968,1397770528,230680004,1170000,1,511,0,1,evaluation,194,Release,pseudo-collect-delay-ramp,injected,light,1,delay,7,50,1000,105,1359758873,194,9,16,9,0,9,0,29338,3259,10,17,10,0,10,0,95444,9544,2,0,2,0,2,0,2,1,0,0,0,0,0,0,0,23,1,0,0,0,0,0,0,0:0:0:0:0:0:0:0:0:0:0:8:0:0:1:0:0:0:0:0:0:0:0:0:0:0:0:0:0:0:0:0:0:0:0:9:0:0:1:0:0:0:0:0:2:0:0:0:0:0:0:0:0:0:0:0:0:0:0:0:0:0:0:0:0:0
mtfs-sentinel-dataset-v1,1,952,1380005968,1397770528,231850004,1170000,1,511,0,1,evaluation,195,Release,pseudo-collect-delay-ramp,injected,light,1,delay,7,50,1000,105,1359758873,195,9,16,9,0,9,0,29365,3262,10,17,10,0,10,0,93046,9304,2,0,2,0,2,0,2,1,0,0,0,0,0,0,0,23,1,0,0,0,0,0,0,0:0:0:0:0:0:0:0:0:0:0:8:0:0:1:0:0:0:0:0:0:0:0:0:0:0:0:0:0:0:0:0:0:0:0:9:0:0:1:0:0:0:0:0:2:0:0:0:0:0:0:0:0:0:0:0:0:0:0:0:0:0:0:0:0:0
mtfs-sentinel-dataset-v1,1,952,1380005968,1397770528,233020004,1170000,1,511,0,1,evaluation,196,Release,pseudo-collect-delay-ramp,injected,light,1,delay,7,50,1000,105,1359758873,196,9,16,9,0,9,0,29443,3271,10,17,10,0,10,0,90770,9077,2,0,2,0,2,0,2,1,0,0,0,0,0,0,0,23,1,0,0,0,0,0,0,0:0:0:0:0:0:0:0:0:0:0:8:0:0:1:0:0:0:0:0:0:0:0:0:0:0:0:0:0:0:0:0:0:0:0:9:0:0:1:0:0:0:0:0:2:0:0:0:0:0:0:0:0:0:0:0:0:0:0:0:0:0:0:0:0:0
mtfs-sentinel-dataset-v1,1,952,1380005968,1397770528,234240004,1220000,1,511,0,1,evaluation,197,Release,pseudo-collect-delay-ramp,injected,light,1,delay,7,50,1000,108,1359758873,197,9,16,9,0,9,0,60850,6761,10,17,10,0,10,0,109607,10960,2,0,2,0,2,0,0,0,0,0,0,0,0,0,0,23,1,0,0,0,0,0,0,0:0:0:0:0:0:0:0:0:0:0:6:0:0:2:1:0:0:0:0:0:0:0:0:0:0:0:0:0:0:0:0:0:0:0:8:0:1:1:0:0:0:0:0:2:0:0:0:0:0:0:0:0:0:0:0:0:0:0:0:0:0:0:0:0:0
mtfs-sentinel-dataset-v1,1,952,1380005968,1397770528,235420004,1180000,1,511,0,1,evaluation,198,Release,pseudo-collect-delay-ramp,injected,light,1,delay,7,50,1000,109,1359758873,198,9,16,9,0,9,0,41494,4610,10,17,10,0,10,0,94953,9495,2,0,2,0,2,0,1,0,0,0,0,0,0,0,0,23,1,0,0,0,0,0,0,0:0:0:0:0:0:0:0:0:0:0:7:0:0:2:0:0:0:0:0:0:0:0:0:0:0:0:0:0:0:0:0:0:0:0:9:0:0:1:0:0:0:0:0:2:0:0:0:0:0:0:0:0:0:0:0:0:0:0:0:0:0:0:0:0:0
mtfs-sentinel-dataset-v1,1,952,1380005968,1397770528,236620004,1200000,1,511,0,1,evaluation,199,Release,pseudo-collect-delay-ramp,injected,light,1,delay,7,50,1000,111,1359758873,199,9,16,9,0,9,0,29272,3252,10,17,10,0,10,0,108710,10871,2,0,2,0,2,0,13968,6984,0,0,0,0,0,0,0,23,1,0,0,0,0,0,0,0:0:0:0:0:0:0:0:0:0:0:8:0:0:1:0:0:0:0:0:0:0:0:0:0:0:0:0:0:0:0:0:0:0:0:8:0:1:1:0:0:0:0:0:1:0:0:0:0:0:0:0:0:0:0:0:0:0:1:0:0:0:0:0:0:0
mtfs-sentinel-dataset-v1,1,952,1380005968,1397770528,237790004,1170000,1,511,0,1,evaluation,200,Release,pseudo-collect-delay-ramp,injected,light,1,delay,7,50,1000,111,1359758873,200,9,16,9,0,9,0,29307,3256,10,17,10,0,10,0,90981,9098,2,0,2,0,2,0,2,1,0,0,0,0,0,0,0,23,1,0,0,0,0,0,0,0:0:0:0:0:0:0:0:0:0:0:8:0:0:1:0:0:0:0:0:0:0:0:0:0:0:0:0:0:0:0:0:0:0:0:9:0:0:1:0:0:0:0:0:2:0:0:0:0:0:0:0:0:0:0:0:0:0:0:0:0:0:0:0:0:0
mtfs-sentinel-dataset-v1,1,952,1380005968,1397770528,238990004,1200000,1,511,0,1,evaluation,201,Release,pseudo-collect-delay-ramp,injected,medium,2,delay,7,100,4000,2,1358964346,201,9,16,9,0,9,0,45182,5020,10,17,10,0,10,0,109941,10994,2,0,2,0,2,0,1,0,0,0,0,0,0,0,0,23,1,0,0,0,0,0,0,0:0:0:0:0:0:0:0:0:0:0:7:0:0:1:1:0:0:0:0:0:0:0:0:0:0:0:0:0:0:0:0:0:0:0:8:0:1:1:0:0:0:0:0:2:0:0:0:0:0:0:0:0:0:0:0:0:0:0:0:0:0:0:0:0:0
mtfs-sentinel-dataset-v1,1,952,1380005968,1397770528,240200004,1210000,1,511,0,1,evaluation,202,Release,pseudo-collect-delay-ramp,injected,medium,2,delay,7,100,4000,5,1358964346,202,9,16,9,0,9,0,51471,5719,10,17,10,0,10,0,109524,10952,2,0,2,0,2,0,2,1,0,0,0,0,0,0,0,23,1,0,0,0,0,0,0,0:0:0:0:0:0:0:0:0:0:0:6:0:0:3:0:0:0:0:0:0:0:0:0:0:0:0:0:0:0:0:0:0:0:0:8:0:1:1:0:0:0:0:0:2:0:0:0:0:0:0:0:0:0:0:0:0:0:0:0:0:0:0:0:0:0
mtfs-sentinel-dataset-v1,1,952,1380005968,1397770528,241430004,1230000,1,511,0,1,evaluation,203,Release,pseudo-collect-delay-ramp,injected,medium,2,delay,7,100,4000,9,1358964346,203,9,16,9,0,9,0,29240,3248,10,17,10,0,10,0,150426,15042,2,0,2,0,2,0,2,1,0,0,0,0,0,0,0,23,1,0,0,0,0,0,0,0:0:0:0:0:0:0:0:0:0:0:8:0:0:1:0:0:0:0:0:0:0:0:0:0:0:0:0:0:0:0:0:0:0:0:5:1:3:1:0:0:0:0:0:2:0:0:0:0:0:0:0:0:0:0:0:0:0:0:0:0:0:0:0:0:0
mtfs-sentinel-dataset-v1,1,952,1380005968,1397770528,242630004,1200000,1,511,0,1,evaluation,204,Release,pseudo-collect-delay-ramp,injected,medium,2,delay,7,100,4000,11,1358964346,204,9,16,9,0,9,0,47816,5312,10,17,10,0,10,0,103132,10313,2,0,2,0,2,0,2,1,0,0,0,0,0,0,0,23,1,0,0,0,0,0,0,0:0:0:0:0:0:0:0:0:0:0:7:0:0:1:1:0:0:0:0:0:0:0:0:0:0:0:0:0:0:0:0:0:0:0:8:0:1:1:0:0:0:0:0:2:0:0:0:0:0:0:0:0:0:0:0:0:0:0:0:0:0:0:0:0:0
mtfs-sentinel-dataset-v1,1,952,1380005968,1397770528,243830004,1200000,1,511,0,1,evaluation,205,Release,pseudo-collect-delay-ramp,injected,medium,2,delay,7,100,4000,13,1358964346,205,9,16,9,0,9,0,45744,5082,10,17,10,0,10,0,105396,10539,2,0,2,0,2,0,2,1,0,0,0,0,0,0,0,23,1,0,0,0,0,0,0,0:0:0:0:0:0:0:0:0:0:0:7:0:0:1:1:0:0:0:0:0:0:0:0:0:0:0:0:0:0:0:0:0:0:0:8:0:1:1:0:0:0:0:0:2:0:0:0:0:0:0:0:0:0:0:0:0:0:0:0:0:0:0:0:0:0
mtfs-sentinel-dataset-v1,1,952,1380005968,1397770528,245000004,1170000,1,511,0,1,evaluation,206,Release,pseudo-collect-delay-ramp,injected,medium,2,delay,7,100,4000,13,1358964346,206,9,16,9,0,9,0,29314,3257,10,17,10,0,10,0,95147,9514,2,0,2,0,2,0,2,1,0,0,0,0,0,0,0,23,1,0,0,0,0,0,0,0:0:0:0:0:0:0:0:0:0:0:8:0:0:1:0:0:0:0:0:0:0:0:0:0:0:0:0:0:0:0:0:0:0:0:9:0:0:1:0:0:0:0:0:2:0:0:0:0:0:0:0:0:0:0:0:0:0:0:0:0:0:0:0:0:0
mtfs-sentinel-dataset-v1,1,952,1380005968,1397770528,246190004,1190000,1,511,0,1,evaluation,207,Release,pseudo-collect-delay-ramp,injected,medium,2,delay,7,100,4000,14,1358964346,207,9,16,9,0,9,0,29218,3246,10,17,10,0,10,0,111811,11181,2,0,2,0,2,0,2,1,0,0,0,0,0,0,0,23,1,0,0,0,0,0,0,0:0:0:0:0:0:0:0:0:0:0:8:0:0:1:0:0:0:0:0:0:0:0:0:0:0:0:0:0:0:0:0:0:0:0:8:0:1:1:0:0:0:0:0:2:0:0:0:0:0:0:0:0:0:0:0:0:0:0:0:0:0:0:0:0:0
mtfs-sentinel-dataset-v1,1,952,1380005968,1397770528,247380004,1190000,1,511,0,1,evaluation,208,Release,pseudo-collect-delay-ramp,injected,medium,2,delay,7,100,4000,16,1358964346,208,9,16,9,0,9,0,41345,4593,10,17,10,0,10,0,90773,9077,2,0,2,0,2,0,11715,5857,0,0,0,0,0,0,0,23,1,0,0,0,0,0,0,0:0:0:0:0:0:0:0:0:0:0:7:0:0:2:0:0:0:0:0:0:0:0:0:0:0:0:0:0:0:0:0:0:0:0:9:0:0:1:0:0:0:0:0:1:0:0:0:0:0:0:0:0:0:0:0:0:0:1:0:0:0:0:0:0:0
mtfs-sentinel-dataset-v1,1,952,1380005968,1397770528,248590004,1210000,1,511,0,1,evaluation,209,Release,pseudo-collect-delay-ramp,injected,medium,2,delay,7,100,4000,19,1358964346,209,9,16,9,0,9,0,59848,6649,10,17,10,0,10,0,92538,9253,2,0,2,0,2,0,12137,6068,0,0,0,0,0,0,0,23,1,0,0,0,0,0,0,0:0:0:0:0:0:0:0:0:0:0:7:0:0:1:0:1:0:0:0:0:0:0:0:0:0:0:0:0:0:0:0:0:0:0:9:0:0:1:0:0:0:0:0:1:0:0:0:0:0:0:0:0:0:0:0:0:0:1:0:0:0:0:0:0:0
mtfs-sentinel-dataset-v1,1,952,1380005968,1397770528,249850004,1260000,1,511,0,1,evaluation,210,Release,pseudo-collect-delay-ramp,injected,medium,2,delay,7,100,4000,24,1358964346,210,9,16,9,0,9,0,63882,7098,10,17,10,0,10,0,130433,13043,2,0,2,0,2,0,16058,8029,0,0,0,0,0,0,0,23,1,0,0,0,0,0,0,0:0:0:0:0:0:0:0:0:0:0:6:0:0:1:2:0:0:0:0:0:0:0:0:0:0:0:0:0:0:0:0:0:0:0:7:0:2:1:0:0:0:0:0:1:0:0:0:0:0:0:0:0:0:0:0:0:0:1:0:0:0:0:0:0:0
mtfs-sentinel-dataset-v1,1,952,1380005968,1397770528,251070004,1220000,1,511,0,1,evaluation,211,Release,pseudo-collect-delay-ramp,injected,medium,2,delay,7,100,4000,28,1358964346,211,9,16,9,0,9,0,73721,8191,10,17,10,0,10,0,104415,10441,2,0,2,0,2,0,2,1,0,0,0,0,0,0,0,23,1,0,0,0,0,0,0,0:0:0:0:0:0:0:0:0:0:0:5:0:0:3:1:0:0:0:0:0:0:0:0:0:0:0:0:0:0:0:0:0:0:0:9:0:0:1:0:0:0:0:0:2:0:0:0:0:0:0:0:0:0:0:0:0:0:0:0:0:0:0:0:0:0
mtfs-sentinel-dataset-v1,1,952,1380005968,1397770528,252270004,1200000,1,511,0,1,evaluation,212,Release,pseudo-collect-delay-ramp,injected,medium,2,delay,7,100,4000,30,1358964346,212,9,16,9,0,9,0,66201,7355,10,17,10,0,10,0,90545,9054,2,0,2,0,2,0,2,1,0,0,0,0,0,0,0,23,1,0,0,0,0,0,0,0:0:0:0:0:0:0:0:0:0:0:6:0:0:1:2:0:0:0:0:0:0:0:0:0:0:0:0:0:0:0:0:0:0:0:9:0:0:1:0:0:0:0:0:2:0:0:0:0:0:0:0:0:0:0:0:0:0:0:0:0:0:0:0:0:0
mtfs-sentinel-dataset-v1,1,952,1380005968,1397770528,253460004,1190000,1,511,0,1,evaluation,213,Release,pseudo-collect-delay-ramp,injected,medium,2,delay,7,100,4000,32,1358964346,213,9,16,9,0,9,0,39711,4412,10,17,10,0,10,0,104852,10485,2,0,2,0,2,0,2,1,0,0,0,0,0,0,0,23,1,0,0,0,0,0,0,0:0:0:0:0:0:0:0:0:0:0:7:0:0:2:0:0:0:0:0:0:0:0:0:0:0:0:0:0:0:0:0:0:0:0:8:0:1:1:0:0:0:0:0:2:0:0:0:0:0:0:0:0:0:0:0:0:0:0:0:0:0:0:0:0:0
mtfs-sentinel-dataset-v1,1,952,1380005968,1397770528,254680004,1220000,1,511,0,1,evaluation,214,Release,pseudo-collect-delay-ramp,injected,medium,2,delay,7,100,4000,36,1358964346,214,9,16,9,0,9,0,40257,4473,10,17,10,0,10,0,134823,13482,2,0,2,0,2,0,2,1,0,0,0,0,0,0,0,23,1,0,0,0,0,0,0,0:0:0:0:0:0:0:0:0:0:0:8:0:0:0:1:0:0:0:0:0:0:0:0:0:0:0:0:0:0:0:0:0:0:0:6:0:3:1:0:0:0:0:0:2:0:0:0:0:0:0:0:0:0:0:0:0:0:0:0:0:0:0:0:0:0
mtfs-sentinel-dataset-v1,1,952,1380005968,1397770528,255920004,1240000,1,511,0,1,evaluation,215,Release,pseudo-collect-delay-ramp,injected,medium,2,delay,7,100,4000,40,1358964346,215,9,16,9,0,9,0,64536,7170,10,17,10,0,10,0,114438,11443,2,0,2,0,2,0,11954,5977,0,0,0,0,0,0,0,23,1,0,0,0,0,0,0,0:0:0:0:0:0:0:0:0:0:0:7:0:0:0:1:1:0:0:0:0:0:0:0:0:0:0:0:0:0:0:0:0:0:0:8:0:1:1:0:0:0:0:0:1:0:0:0:0:0:0:0:0:0:0:0:0:0:1:0:0:0:0:0:0:0
mtfs-sentinel-dataset-v1,1,952,1380005968,1397770528,257110004,1190000,1,511,0,1,evaluation,216,Release,pseudo-collect-delay-ramp,injected,medium,2,delay,7,100,4000,42,1358964346,216,9,16,9,0,9,0,29255,3250,10,17,10,0,10,0,119484,11948,2,0,2,0,2,0,2,1,0,0,0,0,0,0,0,23,1,0,0,0,0,0,0,0:0:0:0:0:0:0:0:0:0:0:8:0:0:1:0:0:0:0:0:0:0:0:0:0:0:0:0:0:0:0:0:0:0:0:7:0:2:1:0:0:0:0:0:2:0:0:0:0:0:0:0:0:0:0:0:0:0:0:0:0:0:0:0:0:0
mtfs-sentinel-dataset-v1,1,952,1380005968,1397770528,258290004,1180000,1,511,0,1,evaluation,217,Release,pseudo-collect-delay-ramp,injected,medium,2,delay,7,100,4000,43,1358964346,217,9,16,9,0,9,0,29052,3228,10,17,10,0,10,0,107239,10723,2,0,2,0,2,0,2,1,0,0,0,0,0,0,0,23,1,0,0,0,0,0,0,0:0:0:0:0:0:0:0:0:0:0:8:0:0:1:0:0:0:0:0:0:0:0:0:0:0:0:0:0:0:0:0:0:0:0:7:1:1:1:0:0:0:0:0:2:0:0:0:0:0:0:0:0:0:0:0:0:0:0:0:0:0:0:0:0:0
mtfs-sentinel-dataset-v1,1,952,1380005968,1397770528,259460004,1170000,1,511,0,1,evaluation,218,Release,pseudo-collect-delay-ramp,injected,medium,2,delay,7,100,4000,43,1358964346,218,9,16,9,0,9,0,29246,3249,10,17,10,0,10,0,91773,9177,2,0,2,0,2,0,2,1,0,0,0,0,0,0,0,23,1,0,0,0,0,0,0,0:0:0:0:0:0:0:0:0:0:0:8:0:0:1:0:0:0:0:0:0:0:0:0:0:0:0:0:0:0:0:0:0:0:0:9:0:0:1:0:0:0:0:0:2:0:0:0:0:0:0:0:0:0:0:0:0:0:0:0:0:0:0:0:0:0
mtfs-sentinel-dataset-v1,1,952,1380005968,1397770528,260670004,1210000,1,511,0,1,evaluation,219,Release,pseudo-collect-delay-ramp,injected,medium,2,delay,7,100,4000,46,1358964346,219,9,16,9,0,9,0,29154,3239,10,17,10,0,10,0,117027,11702,2,0,2,0,2,0,17964,8982,0,0,0,0,0,0,0,23,1,0,0,0,0,0,0,0:0:0:0:0:0:0:0:0:0:0:8:0:0:1:0:0:0:0:0:0:0:0:0:0:0:0:0:0:0:0:0:0:0:0:8:0:1:1:0:0:0:0:0:1:0:0:0:0:0:0:0:0:0:0:0:0:0:0:1:0:0:0:0:0:0
mtfs-sentinel-dataset-v1,1,952,1380005968,1397770528,261900004,1230000,1,511,0,1,evaluation,220,Release,pseudo-collect-delay-ramp,injected,medium,2,delay,7,100,4000,50,1358964346,220,9,16,9,0,9,0,61867,6874,10,17,10,0,10,0,127039,12703,2,0,2,0,2,0,1,0,0,0,0,0,0,0,0,23,1,0,0,0,0,0,0,0:0:0:0:0:0:0:0:0:0:0:6:0:0:2:1:0:0:0:0:0:0:0:0:0:0:0:0:0:0:0:0:0:0:0:7:0:2:1:0:0:0:0:0:2:0:0:0:0:0:0:0:0:0:0:0:0:0:0:0:0:0:0:0:0:0
mtfs-sentinel-dataset-v1,1,952,1380005968,1397770528,263100004,1200000,1,511,0,1,evaluation,221,Release,pseudo-collect-delay-ramp,injected,medium,2,delay,7,100,4000,52,1358964346,221,9,16,9,0,9,0,47133,5237,10,17,10,0,10,0,111923,11192,2,0,2,0,2,0,2,1,0,0,0,0,0,0,0,23,1,0,0,0,0,0,0,0:0:0:0:0:0:0:0:0:0:0:7:0:0:1:1:0:0:0:0:0:0:0:0:0:0:0:0:0:0:0:0:0:0:0:8:0:1:1:0:0:0:0:0:2:0:0:0:0:0:0:0:0:0:0:0:0:0:0:0:0:0:0:0:0:0
mtfs-sentinel-dataset-v1,1,952,1380005968,1397770528,264320004,1220000,1,511,0,1,evaluation,222,Release,pseudo-collect-delay-ramp,injected,medium,2,delay,7,100,4000,55,1358964346,222,9,16,9,0,9,0,45569,5063,10,17,10,0,10,0,125064,12506,2,0,2,0,2,0,2,1,0,0,0,0,0,0,0,23,1,0,0,0,0,0,0,0:0:0:0:0:0:0:0:0:0:0:7:0:0:1:1:0:0:0:0:0:0:0:0:0:0:0:0:0:0:0:0:0:0:0:7:0:2:1:0:0:0:0:0:2:0:0:0:0:0:0:0:0:0:0:0:0:0:0:0:0:0:0:0:0:0
mtfs-sentinel-dataset-v1,1,952,1380005968,1397770528,265520004,1200000,1,511,0,1,evaluation,223,Release,pseudo-collect-delay-ramp,injected,medium,2,delay,7,100,4000,57,1358964346,223,9,16,9,0,9,0,47495,5277,10,17,10,0,10,0,103213,10321,2,0,2,0,2,0,2,1,0,0,0,0,0,0,0,23,1,0,0,0,0,0,0,0:0:0:0:0:0:0:0:0:0:0:7:0:0:1:1:0:0:0:0:0:0:0:0:0:0:0:0:0:0:0:0:0:0:0:8:0:1:1:0:0:0:0:0:2:0:0:0:0:0:0:0:0:0:0:0:0:0:0:0:0:0:0:0:0:0
mtfs-sentinel-dataset-v1,1,952,1380005968,1397770528,266730004,1210000,1,511,0,1,evaluation,224,Release,pseudo-collect-delay-ramp,injected,medium,2,delay,7,100,4000,60,1358964346,224,9,16,9,0,9,0,29087,3231,10,17,10,0,10,0,130568,13056,2,0,2,0,2,0,2,1,0,0,0,0,0,0,0,23,1,0,0,0,0,0,0,0:0:0:0:0:0:0:0:0:0:0:8:0:0:1:0:0:0:0:0:0:0:0:0:0:0:0:0:0:0:0:0:0:0:0:6:0:3:1:0:0:0:0:0:2:0:0:0:0:0:0:0:0:0:0:0:0:0:0:0:0:0:0:0:0:0
mtfs-sentinel-dataset-v1,1,952,1380005968,1397770528,268590004,1860000,1,511,0,1,evaluation,225,Release,pseudo-collect-delay-ramp,injected,medium,2,delay,7,100,4000,63,1358964346,225,9,16,9,0,9,0,41543,4615,10,17,10,0,10,0,771447,77144,2,0,2,0,2,0,2,1,0,0,0,0,0,0,0,23,1,0,0,0,0,0,0,0:0:0:0:0:0:0:0:0:0:0:7:0:0:2:0:0:0:0:0:0:0:0:0:0:0:0:0:0:0:0:0:0:0:0:0:0:1:8:0:1:0:0:0:2:0:0:0:0:0:0:0:0:0:0:0:0:0:0:0:0:0:0:0:0:0
mtfs-sentinel-dataset-v1,1,952,1380005968,1397770528,270480004,1890000,1,511,0,1,evaluation,226,Release,pseudo-collect-delay-ramp,injected,medium,2,delay,7,100,4000,67,1358964346,226,9,16,9,0,9,0,29385,3265,10,17,10,0,10,0,815586,81558,2,0,2,0,2,0,1,0,0,0,0,0,0,0,0,23,1,0,0,0,0,0,0,0:0:0:0:0:0:0:0:0:0:0:8:0:0:1:0:0:0:0:0:0:0:0:0:0:0:0:0:0:0:0:0:0:0:0:2:0:1:3:3:1:0:0:0:2:0:0:0:0:0:0:0:0:0:0:0:0:0:0:0:0:0:0:0:0:0
mtfs-sentinel-dataset-v1,1,952,1380005968,1397770528,271730004,1250000,1,511,0,1,evaluation,227,Release,pseudo-collect-delay-ramp,injected,medium,2,delay,7,100,4000,69,1358964346,227,9,16,9,0,9,0,29303,3255,10,17,10,0,10,0,176795,17679,2,0,2,0,2,0,2,1,0,0,0,0,0,0,0,23,1,0,0,0,0,0,0,0:0:0:0:0:0:0:0:0:0:0:8:0:0:1:0:0:0:0:0:0:0:0:0:0:0:0:0:0:0:0:0:0:0:0:7:0:2:0:1:0:0:0:0:2:0:0:0:0:0:0:0:0:0:0:0:0:0:0:0:0:0:0:0:0:0
mtfs-sentinel-dataset-v1,1,952,1380005968,1397770528,272950004,1220000,1,511,0,1,evaluation,228,Release,pseudo-collect-delay-ramp,injected,medium,2,delay,7,100,4000,73,1358964346,228,9,16,9,0,9,0,56400,6266,10,17,10,0,10,0,90452,9045,2,0,2,0,2,0,27121,13560,0,0,0,0,0,0,0,23,1,0,0,0,0,0,0,0:0:0:0:0:0:0:0:0:0:0:6:0:0:2:1:0:0:0:0:0:0:0:0:0:0:0:0:0:0:0:0:0:0:0:9:0:0:1:0:0:0:0:0:0:0:0:0:0:0:0:0:0:0:0:0:0:0:1:1:0:0:0:0:0:0
mtfs-sentinel-dataset-v1,1,952,1380005968,1397770528,274130004,1180000,1,511,0,1,evaluation,229,Release,pseudo-collect-delay-ramp,injected,medium,2,delay,7,100,4000,74,1358964346,229,9,16,9,0,9,0,29288,3254,10,17,10,0,10,0,109249,10924,2,0,2,0,2,0,2,1,0,0,0,0,0,0,0,23,1,0,0,0,0,0,0,0:0:0:0:0:0:0:0:0:0:0:8:0:0:1:0:0:0:0:0:0:0:0:0:0:0:0:0:0:0:0:0:0:0:0:8:0:1:1:0:0:0:0:0:2:0:0:0:0:0:0:0:0:0:0:0:0:0:0:0:0:0:0:0:0:0
mtfs-sentinel-dataset-v1,1,952,1380005968,1397770528,275330004,1200000,1,511,0,1,evaluation,230,Release,pseudo-collect-delay-ramp,injected,medium,2,delay,7,100,4000,76,1358964346,230,9,16,9,0,9,0,29423,3269,10,17,10,0,10,0,124919,12491,2,0,2,0,2,0,2,1,0,0,0,0,0,0,0,23,1,0,0,0,0,0,0,0:0:0:0:0:0:0:0:0:0:0:8:0:0:1:0:0:0:0:0:0:0:0:0:0:0:0:0:0:0:0:0:0:0:0:8:0:1:1:0:0:0:0:0:2:0:0:0:0:0:0:0:0:0:0:0:0:0:0:0:0:0:0:0:0:0
mtfs-sentinel-dataset-v1,1,952,1380005968,1397770528,276530004,1200000,1,511,0,1,evaluation,231,Release,pseudo-collect-delay-ramp,injected,medium,2,delay,7,100,4000,78,1358964346,231,9,16,9,0,9,0,44253,4917,10,17,10,0,10,0,109998,10999,2,0,2,0,2,0,2,1,0,0,0,0,0,0,0,23,1,0,0,0,0,0,0,0:0:0:0:0:0:0:0:0:0:0:7:0:0:1:1:0:0:0:0:0:0:0:0:0:0:0:0:0:0:0:0:0:0:0:8:0:1:1:0:0:0:0:0:2:0:0:0:0:0:0:0:0:0:0:0:0:0:0:0:0:0:0:0:0:0
mtfs-sentinel-dataset-v1,1,952,1380005968,1397770528,277720004,1190000,1,511,0,1,evaluation,232,Release,pseudo-collect-delay-ramp,injected,medium,2,delay,7,100,4000,80,1358964346,232,9,16,9,0,9,0,58333,6481,10,17,10,0,10,0,90789,9078,2,0,2,0,2,0,2,1,0,0,0,0,0,0,0,23,1,0,0,0,0,0,0,0:0:0:0:0:0:0:0:0:0:0:6:0:0:2:1:0:0:0:0:0:0:0:0:0:0:0:0:0:0:0:0:0:0:0:9:0:0:1:0:0:0:0:0:2:0:0:0:0:0:0:0:0:0:0:0:0:0:0:0:0:0:0:0:0:0
mtfs-sentinel-dataset-v1,1,952,1380005968,1397770528,278950004,1230000,1,511,0,1,evaluation,233,Release,pseudo-collect-delay-ramp,injected,medium,2,delay,7,100,4000,84,1358964346,233,9,16,9,0,9,0,57816,6424,10,17,10,0,10,0,123507,12350,2,0,2,0,2,0,2,1,0,0,0,0,0,0,0,23,1,0,0,0,0,0,0,0:0:0:0:0:0:0:0:0:0:0:6:0:0:2:1:0:0:0:0:0:0:0:0:0:0:0:0:0:0:0:0:0:0:0:7:0:2:1:0:0:0:0:0:2:0:0:0:0:0:0:0:0:0:0:0:0:0:0:0:0:0:0:0:0:0
mtfs-sentinel-dataset-v1,1,952,1380005968,1397770528,280150004,1200000,1,511,0,1,evaluation,234,Release,pseudo-collect-delay-ramp,injected,medium,2,delay,7,100,4000,86,1358964346,234,9,16,9,0,9,0,29401,3266,10,17,10,0,10,0,125567,12556,2,0,2,0,2,0,2,1,0,0,0,0,0,0,0,23,1,0,0,0,0,0,0,0:0:0:0:0:0:0:0:0:0:0:8:0:0:1:0:0:0:0:0:0:0:0:0:0:0:0:0:0:0:0:0:0:0:0:7:0:2:1:0:0:0:0:0:2:0:0:0:0:0:0:0:0:0:0:0:0:0:0:0:0:0:0:0:0:0
mtfs-sentinel-dataset-v1,1,952,1380005968,1397770528,281360004,1210000,1,511,0,1,evaluation,235,Release,pseudo-collect-delay-ramp,injected,medium,2,delay,7,100,4000,89,1358964346,235,9,16,9,0,9,0,54044,6004,10,17,10,0,10,0,109769,10976,2,0,2,0,2,0,2,1,0,0,0,0,0,0,0,23,1,0,0,0,0,0,0,0:0:0:0:0:0:0:0:0:0:0:6:0:0:3:0:0:0:0:0:0:0:0:0:0:0:0:0:0:0:0:0:0:0:0:8:0:1:1:0:0:0:0:0:2:0:0:0:0:0:0:0:0:0:0:0:0:0:0:0:0:0:0:0:0:0
mtfs-sentinel-dataset-v1,1,952,1380005968,1397770528,282530004,1170000,1,511,0,1,evaluation,236,Release,pseudo-collect-delay-ramp,injected,medium,2,delay,7,100,4000,89,1358964346,236,9,16,9,0,9,0,29273,3252,10,17,10,0,10,0,90905,9090,2,0,2,0,2,0,0,0,0,0,0,0,0,0,0,23,1,0,0,0,0,0,0,0:0:0:0:0:0:0:0:0:0:0:8:0:0:1:0:0:0:0:0:0:0:0:0:0:0:0:0:0:0:0:0:0:0:0:9:0:0:1:0:0:0:0:0:2:0:0:0:0:0:0:0:0:0:0:0:0:0:0:0:0:0:0:0:0:0
mtfs-sentinel-dataset-v1,1,952,1380005968,1397770528,283720004,1190000,1,511,0,1,evaluation,237,Release,pseudo-collect-delay-ramp,injected,medium,2,delay,7,100,4000,91,1358964346,237,9,16,9,0,9,0,40458,4495,10,17,10,0,10,0,104455,10445,2,0,2,0,2,0,1,0,0,0,0,0,0,0,0,23,1,0,0,0,0,0,0,0:0:0:0:0:0:0:0:0:0:0:7:0:0:2:0:0:0:0:0:0:0:0:0:0:0:0:0:0:0:0:0:0:0:0:8:0:1:1:0:0:0:0:0:2:0:0:0:0:0:0:0:0:0:0:0:0:0:0:0:0:0:0:0:0:0
mtfs-sentinel-dataset-v1,1,952,1380005968,1397770528,284930004,1210000,1,511,0,1,evaluation,238,Release,pseudo-collect-delay-ramp,injected,medium,2,delay,7,100,4000,93,1358964346,238,9,16,9,0,9,0,47782,5309,10,17,10,0,10,0,113656,11365,2,0,2,0,2,0,2,1,0,0,0,0,0,0,0,23,1,0,0,0,0,0,0,0:0:0:0:0:0:0:0:0:0:0:7:0:0:1:1:0:0:0:0:0:0:0:0:0:0:0:0:0:0:0:0:0:0:0:8:0:1:1:0:0:0:0:0:2:0:0:0:0:0:0:0:0:0:0:0:0:0:0:0:0:0:0:0:0:0
mtfs-sentinel-dataset-v1,1,952,1380005968,1397770528,286130004,1200000,1,511,0,1,evaluation,239,Release,pseudo-collect-delay-ramp,injected,medium,2,delay,7,100,4000,95,1358964346,239,9,16,9,0,9,0,46925,5213,10,17,10,0,10,0,92978,9297,2,0,2,0,2,0,13692,6846,0,0,0,0,0,0,0,23,1,0,0,0,0,0,0,0:0:0:0:0:0:0:0:0:0:0:7:0:0:1:1:0:0:0:0:0:0:0:0:0:0:0:0:0:0:0:0:0:0:0:9:0:0:1:0:0:0:0:0:1:0:0:0:0:0:0:0:0:0:0:0:0:0:1:0:0:0:0:0:0:0
mtfs-sentinel-dataset-v1,1,952,1380005968,1397770528,287340004,1210000,1,511,0,1,evaluation,240,Release,pseudo-collect-delay-ramp,injected,medium,2,delay,7,100,4000,98,1358964346,240,9,16,9,0,9,0,61754,6861,10,17,10,0,10,0,90486,9048,2,0,2,0,2,0,11296,5648,0,0,0,0,0,0,0,23,1,0,0,0,0,0,0,0:0:0:0:0:0:0:0:0:0:0:6:0:0:2:1:0:0:0:0:0:0:0:0:0:0:0:0:0:0:0:0:0:0:0:9:0:0:1:0:0:0:0:0:1:0:0:0:0:0:0:0:0:0:0:0:0:0:1:0:0:0:0:0:0:0
mtfs-sentinel-dataset-v1,1,952,1380005968,1397770528,288540004,1200000,1,511,0,1,evaluation,241,Release,pseudo-collect-delay-ramp,injected,medium,2,delay,7,100,4000,100,1358964346,241,9,16,9,0,9,0,49087,5454,10,17,10,0,10,0,106509,10650,2,0,2,0,2,0,2,1,0,0,0,0,0,0,0,23,1,0,0,0,0,0,0,0:0:0:0:0:0:0:0:0:0:0:7:0:0:1:1:0:0:0:0:0:0:0:0:0:0:0:0:0:0:0:0:0:0:0:8:0:1:1:0:0:0:0:0:2:0:0:0:0:0:0:0:0:0:0:0:0:0:0:0:0:0:0:0:0:0
mtfs-sentinel-dataset-v1,1,952,1380005968,1397770528,289730004,1190000,1,511,0,1,evaluation,242,Release,pseudo-collect-delay-ramp,injected,medium,2,delay,7,100,4000,102,1358964346,242,9,16,9,0,9,0,41306,4589,10,17,10,0,10,0,105568,10556,2,0,2,0,2,0,1,0,0,0,0,0,0,0,0,23,1,0,0,0,0,0,0,0:0:0:0:0:0:0:0:0:0:0:7:0:0:2:0:0:0:0:0:0:0:0:0:0:0:0:0:0:0:0:0:0:0:0:8:0:1:1:0:0:0:0:0:2:0:0:0:0:0:0:0:0:0:0:0:0:0:0:0:0:0:0:0:0:0
mtfs-sentinel-dataset-v1,1,952,1380005968,1397770528,290950004,1220000,1,511,0,1,evaluation,243,Release,pseudo-collect-delay-ramp,injected,medium,2,delay,7,100,4000,105,1358964346,243,9,16,9,0,9,0,29413,3268,10,17,10,0,10,0,131599,13159,2,0,2,0,2,0,12876,6438,0,0,0,0,0,0,0,23,1,0,0,0,0,0,0,0:0:0:0:0:0:0:0:0:0:0:8:0:0:1:0:0:0:0:0:0:0:0:0:0:0:0:0:0:0:0:0:0:0:0:8:0:1:1:0:0:0:0:0:1:0:0:0:0:0:0:0:0:0:0:0:0:0:1:0:0:0:0:0:0:0
mtfs-sentinel-dataset-v1,1,952,1380005968,1397770528,292140004,1190000,1,511,0,1,evaluation,244,Release,pseudo-collect-delay-ramp,injected,medium,2,delay,7,100,4000,106,1358964346,244,9,16,9,0,9,0,48849,5427,10,17,10,0,10,0,99031,9903,2,0,2,0,2,0,1,0,0,0,0,0,0,0,0,23,1,0,0,0,0,0,0,0:0:0:0:0:0:0:0:0:0:0:7:0:0:1:1:0:0:0:0:0:0:0:0:0:0:0:0:0:0:0:0:0:0:0:9:0:0:1:0:0:0:0:0:2:0:0:0:0:0:0:0:0:0:0:0:0:0:0:0:0:0:0:0:0:0
mtfs-sentinel-dataset-v1,1,952,1380005968,1397770528,293330004,1190000,1,511,0,1,evaluation,245,Release,pseudo-collect-delay-ramp,injected,medium,2,delay,7,100,4000,107,1358964346,245,9,16,9,0,9,0,29281,3253,10,17,10,0,10,0,115413,11541,2,0,2,0,2,0,2,1,0,0,0,0,0,0,0,23,1,0,0,0,0,0,0,0:0:0:0:0:0:0:0:0:0:0:8:0:0:1:0:0:0:0:0:0:0:0:0:0:0:0:0:0:0:0:0:0:0:0:7:1:1:1:0:0:0:0:0:2:0:0:0:0:0:0:0:0:0:0:0:0:0:0:0:0:0:0:0:0:0
mtfs-sentinel-dataset-v1,1,952,1380005968,1397770528,294530004,1200000,1,511,0,1,evaluation,246,Release,pseudo-collect-delay-ramp,injected,medium,2,delay,7,100,4000,109,1358964346,246,9,16,9,0,9,0,43274,4808,10,17,10,0,10,0,108849,10884,2,0,2,0,2,0,2,1,0,0,0,0,0,0,0,23,1,0,0,0,0,0,0,0:0:0:0:0:0:0:0:0:0:0:7:0:0:2:0:0:0:0:0:0:0:0:0:0:0:0:0:0:0:0:0:0:0:0:8:0:1:1:0:0:0:0:0:2:0:0:0:0:0:0:0:0:0:0:0:0:0:0:0:0:0:0:0:0:0
mtfs-sentinel-dataset-v1,1,952,1380005968,1397770528,295710004,1180000,1,511,0,1,evaluation,247,Release,pseudo-collect-delay-ramp,injected,medium,2,delay,7,100,4000,110,1358964346,247,9,16,9,0,9,0,40897,4544,10,17,10,0,10,0,92471,9247,2,0,2,0,2,0,2,1,0,0,0,0,0,0,0,23,1,0,0,0,0,0,0,0:0:0:0:0:0:0:0:0:0:0:7:0:0:2:0:0:0:0:0:0:0:0:0:0:0:0:0:0:0:0:0:0:0:0:9:0:0:1:0:0:0:0:0:2:0:0:0:0:0:0:0:0:0:0:0:0:0:0:0:0:0:0:0:0:0
mtfs-sentinel-dataset-v1,1,952,1380005968,1397770528,296900004,1190000,1,511,0,1,evaluation,248,Release,pseudo-collect-delay-ramp,injected,medium,2,delay,7,100,4000,112,1358964346,248,9,16,9,0,9,0,29387,3265,10,17,10,0,10,0,104182,10418,2,0,2,0,2,0,10246,5123,0,0,0,0,0,0,0,23,1,0,0,0,0,0,0,0:0:0:0:0:0:0:0:0:0:0:8:0:0:1:0:0:0:0:0:0:0:0:0:0:0:0:0:0:0:0:0:0:0:0:8:0:1:1:0:0:0:0:0:1:0:0:0:0:0:0:0:0:0:0:0:0:0:1:0:0:0:0:0:0:0
mtfs-sentinel-dataset-v1,1,952,1380005968,1397770528,298120004,1220000,1,511,0,1,evaluation,249,Release,pseudo-collect-delay-ramp,injected,medium,2,delay,7,100,4000,115,1358964346,249,9,16,9,0,9,0,60676,6741,10,17,10,0,10,0,109451,10945,2,0,2,0,2,0,2,1,0,0,0,0,0,0,0,23,1,0,0,0,0,0,0,0:0:0:0:0:0:0:0:0:0:0:6:0:0:2:1:0:0:0:0:0:0:0:0:0:0:0:0:0:0:0:0:0:0:0:9:0:0:1:0:0:0:0:0:2:0:0:0:0:0:0:0:0:0:0:0:0:0:0:0:0:0:0:0:0:0
mtfs-sentinel-dataset-v1,1,952,1380005968,1397770528,299350004,1230000,1,511,0,1,evaluation,250,Release,pseudo-collect-delay-ramp,injected,medium,2,delay,7,100,4000,120,1358964346,250,9,16,9,0,9,0,70444,7827,10,17,10,0,10,0,118904,11890,2,0,2,0,2,0,2,1,0,0,0,0,0,0,0,23,1,0,0,0,0,0,0,0:0:0:0:0:0:0:0:0:0:0:6:0:0:2:0:1:0:0:0:0:0:0:0:0:0:0:0:0:0:0:0:0:0:0:7:1:1:1:0:0:0:0:0:2:0:0:0:0:0:0:0:0:0:0:0:0:0:0:0:0:0:0:0:0:0
mtfs-sentinel-dataset-v1,1,952,1380005968,1397770528,300560004,1210000,1,511,0,1,evaluation,251,Release,pseudo-collect-delay-ramp,injected,medium,2,delay,7,100,4000,123,1358964346,251,9,16,9,0,9,0,29252,3250,10,17,10,0,10,0,102629,10262,2,0,2,0,2,0,32003,16001,0,0,0,0,0,0,0,23,1,0,0,0,0,0,0,0:0:0:0:0:0:0:0:0:0:0:8:0:0:1:0:0:0:0:0:0:0:0:0:0:0:0:0:0:0:0:0:0:0:0:8:0:1:1:0:0:0:0:0:0:0:0:0:0:0:0:0:0:0:0:0:0:0:1:1:0:0:0:0:0:0
mtfs-sentinel-dataset-v1,1,952,1380005968,1397770528,301780004,1220000,1,511,0,1,evaluation,252,Release,pseudo-collect-delay-ramp,injected,medium,2,delay,7,100,4000,126,1358964346,252,9,16,9,0,9,0,48450,5383,10,17,10,0,10,0,120409,12040,2,0,2,0,2,0,1,0,0,0,0,0,0,0,0,23,1,0,0,0,0,0,0,0:0:0:0:0:0:0:0:0:0:0:7:0:0:1:1:0:0:0:0:0:0:0:0:0:0:0:0:0:0:0:0:0:0:0:7:1:1:1:0:0:0:0:0:2:0:0:0:0:0:0:0:0:0:0:0:0:0:0:0:0:0:0:0:0:0
mtfs-sentinel-dataset-v1,1,952,1380005968,1397770528,302970004,1190000,1,511,0,1,evaluation,253,Release,pseudo-collect-delay-ramp,injected,medium,2,delay,7,100,4000,127,1358964346,253,9,16,9,0,9,0,29340,3260,10,17,10,0,10,0,111754,11175,2,0,2,0,2,0,2,1,0,0,0,0,0,0,0,23,1,0,0,0,0,0,0,0:0:0:0:0:0:0:0:0:0:0:8:0:0:1:0:0:0:0:0:0:0:0:0:0:0:0:0:0:0:0:0:0:0:0:8:0:1:1:0:0:0:0:0:2:0:0:0:0:0:0:0:0:0:0:0:0:0:0:0:0:0:0:0:0:0
mtfs-sentinel-dataset-v1,1,952,1380005968,1397770528,304160004,1190000,1,511,0,1,evaluation,254,Release,pseudo-collect-delay-ramp,injected,medium,2,delay,7,100,4000,128,1358964346,254,9,16,9,0,9,0,29366,3262,10,17,10,0,10,0,94571,9457,2,0,2,0,2,0,19946,9973,0,0,0,0,0,0,0,23,1,0,0,0,0,0,0,0:0:0:0:0:0:0:0:0:0:0:8:0:0:1:0:0:0:0:0:0:0:0:0:0:0:0:0:0:0:0:0:0:0:0:9:0:0:1:0:0:0:0:0:1:0:0:0:0:0:0:0:0:0:0:0:0:0:0:1:0:0:0:0:0:0
mtfs-sentinel-dataset-v1,1,952,1380005968,1397770528,305360004,1200000,1,511,0,1,evaluation,255,Release,pseudo-collect-delay-ramp,injected,medium,2,delay,7,100,4000,130,1358964346,255,9,16,9,0,9,0,29334,3259,10,17,10,0,10,0,129566,12956,2,0,2,0,2,0,2,1,0,0,0,0,0,0,0,23,1,0,0,0,0,0,0,0:0:0:0:0:0:0:0:0:0:0:8:0:0:1:0:0:0:0:0:0:0:0:0:0:0:0:0:0:0:0:0:0:0:0:7:0:2:1:0:0:0:0:0:2:0:0:0:0:0:0:0:0:0:0:0:0:0:0:0:0:0:0:0:0:0
mtfs-sentinel-dataset-v1,1,952,1380005968,1397770528,306530004,1170000,1,511,0,1,evaluation,256,Release,pseudo-collect-delay-ramp,injected,medium,2,delay,7,100,4000,131,1358964346,256,9,16,9,0,9,0,39016,4335,10,17,10,0,10,0,89329,8932,2,0,2,0,2,0,2,1,0,0,0,0,0,0,0,23,1,0,0,0,0,0,0,0:0:0:0:0:0:0:0:0:0:0:7:0:0:2:0:0:0:0:0:0:0:0:0:0:0:0:0:0:0:0:0:0:0:0:9:0:0:1:0:0:0:0:0:2:0:0:0:0:0:0:0:0:0:0:0:0:0:0:0:0:0:0:0:0:0
mtfs-sentinel-dataset-v1,1,952,1380005968,1397770528,307740004,1210000,1,511,0,1,evaluation,257,Release,pseudo-collect-delay-ramp,injected,medium,2,delay,7,100,4000,134,1358964346,257,9,16,9,0,9,0,29309,3256,10,17,10,0,10,0,106074,10607,2,0,2,0,2,0,28668,14334,0,0,0,0,0,0,0,23,1,0,0,0,0,0,0,0:0:0:0:0:0:0:0:0:0:0:8:0:0:1:0:0:0:0:0:0:0:0:0:0:0:0:0:0:0:0:0:0:0:0:8:0:1:1:0:0:0:0:0:0:0:0:0:0:0:0:0:0:0:0:0:0:0:2:0:0:0:0:0:0:0
mtfs-sentinel-dataset-v1,1,952,1380005968,1397770528,308950004,1210000,1,511,0,1,evaluation,258,Release,pseudo-collect-delay-ramp,injected,medium,2,delay,7,100,4000,136,1358964346,258,9,16,9,0,9,0,64317,7146,10,17,10,0,10,0,95346,9534,2,0,2,0,2,0,2,1,0,0,0,0,0,0,0,23,1,0,0,0,0,0,0,0:0:0:0:0:0:0:0:0:0:0:6:0:0:1:2:0:0:0:0:0:0:0:0:0:0:0:0:0:0:0:0:0:0:0:9:0:0:1:0:0:0:0:0:2:0:0:0:0:0:0:0:0:0:0:0:0:0:0:0:0:0:0:0:0:0
mtfs-sentinel-dataset-v1,1,952,1380005968,1397770528,310130004,1180000,1,511,0,1,evaluation,259,Release,pseudo-collect-delay-ramp,injected,medium,2,delay,7,100,4000,137,1358964346,259,9,16,9,0,9,0,29268,3252,10,17,10,0,10,0,109842,10984,2,0,2,0,2,0,2,1,0,0,0,0,0,0,0,23,1,0,0,0,0,0,0,0:0:0:0:0:0:0:0:0:0:0:8:0:0:1:0:0:0:0:0:0:0:0:0:0:0:0:0:0:0:0:0:0:0:0:8:0:1:1:0:0:0:0:0:2:0:0:0:0:0:0:0:0:0:0:0:0:0:0:0:0:0:0:0:0:0
mtfs-sentinel-dataset-v1,1,952,1380005968,1397770528,311300004,1170000,1,511,0,1,evaluation,260,Release,pseudo-collect-delay-ramp,injected,medium,2,delay,7,100,4000,137,1358964346,260,9,16,9,0,9,0,29331,3259,10,17,10,0,10,0,90782,9078,2,0,2,0,2,0,2,1,0,0,0,0,0,0,0,23,1,0,0,0,0,0,0,0:0:0:0:0:0:0:0:0:0:0:8:0:0:1:0:0:0:0:0:0:0:0:0:0:0:0:0:0:0:0:0:0:0:0:9:0:0:1:0:0:0:0:0:2:0:0:0:0:0:0:0:0:0:0:0:0:0:0:0:0:0:0:0:0:0
mtfs-sentinel-dataset-v1,1,952,1380005968,1397770528,312530004,1230000,1,511,0,1,evaluation,261,Release,pseudo-collect-delay-ramp,injected,medium,2,delay,7,100,4000,141,1358964346,261,9,16,9,0,9,0,70774,7863,10,17,10,0,10,0,110867,11086,2,0,2,0,2,0,2,1,0,0,0,0,0,0,0,23,1,0,0,0,0,0,0,0:0:0:0:0:0:0:0:0:0:0:5:0:0:4:0:0:0:0:0:0:0:0:0:0:0:0:0:0:0:0:0:0:0:0:8:0:1:1:0:0:0:0:0:2:0:0:0:0:0:0:0:0:0:0:0:0:0:0:0:0:0:0:0:0:0
mtfs-sentinel-dataset-v1,1,952,1380005968,1397770528,313730004,1200000,1,511,0,1,evaluation,262,Release,pseudo-collect-delay-ramp,injected,medium,2,delay,7,100,4000,143,1358964346,262,9,16,9,0,9,0,29347,3260,10,17,10,0,10,0,127577,12757,2,0,2,0,2,0,1,0,0,0,0,0,0,0,0,23,1,0,0,0,0,0,0,0:0:0:0:0:0:0:0:0:0:0:8:0:0:1:0:0:0:0:0:0:0:0:0:0:0:0:0:0:0:0:0:0:0:0:7:0:2:1:0:0:0:0:0:2:0:0:0:0:0:0:0:0:0:0:0:0:0:0:0:0:0:0:0:0:0
mtfs-sentinel-dataset-v1,1,952,1380005968,1397770528,314950004,1220000,1,511,0,1,evaluation,263,Release,pseudo-collect-delay-ramp,injected,medium,2,delay,7,100,4000,147,1358964346,263,9,16,9,0,9,0,61270,6807,10,17,10,0,10,0,106143,10614,2,0,2,0,2,0,11835,5917,0,0,0,0,0,0,0,23,1,0,0,0,0,0,0,0:0:0:0:0:0:0:0:0:0:0:6:0:0:2:1:0:0:0:0:0:0:0:0:0:0:0:0:0:0:0:0:0:0:0:8:0:1:1:0:0:0:0:0:1:0:0:0:0:0:0:0:0:0:0:0:0:0:1:0:0:0:0:0:0:0
mtfs-sentinel-dataset-v1,1,952,1380005968,1397770528,316130004,1180000,1,511,0,1,evaluation,264,Release,pseudo-collect-delay-ramp,injected,medium,2,delay,7,100,4000,148,1358964346,264,9,16,9,0,9,0,29408,3267,10,17,10,0,10,0,91010,9101,2,0,2,0,2,0,12610,6305,0,0,0,0,0,0,0,23,1,0,0,0,0,0,0,0:0:0:0:0:0:0:0:0:0:0:8:0:0:1:0:0:0:0:0:0:0:0:0:0:0:0:0:0:0:0:0:0:0:0:9:0:0:1:0:0:0:0:0:1:0:0:0:0:0:0:0:0:0:0:0:0:0:1:0:0:0:0:0:0:0
mtfs-sentinel-dataset-v1,1,952,1380005968,1397770528,317360004,1230000,1,511,0,1,evaluation,265,Release,pseudo-collect-delay-ramp,injected,medium,2,delay,7,100,4000,152,1358964346,265,9,16,9,0,9,0,67253,7472,10,17,10,0,10,0,103014,10301,2,0,2,0,2,0,13971,6985,0,0,0,0,0,0,0,23,1,0,0,0,0,0,0,0:0:0:0:0:0:0:0:0:0:0:7:0:0:0:1:1:0:0:0:0:0:0:0:0:0:0:0:0:0:0:0:0:0:0:9:0:0:1:0:0:0:0:0:1:0:0:0:0:0:0:0:0:0:0:0:0:0:1:0:0:0:0:0:0:0
mtfs-sentinel-dataset-v1,1,952,1380005968,1397770528,318580004,1220000,1,511,0,1,evaluation,266,Release,pseudo-collect-delay-ramp,injected,medium,2,delay,7,100,4000,155,1358964346,266,9,16,9,0,9,0,42758,4750,10,17,10,0,10,0,131673,13167,2,0,2,0,2,0,1,0,0,0,0,0,0,0,0,23,1,0,0,0,0,0,0,0:0:0:0:0:0:0:0:0:0:0:7:0:0:2:0:0:0:0:0:0:0:0:0:0:0:0:0:0:0:0:0:0:0:0:7:0:2:1:0:0:0:0:0:2:0:0:0:0:0:0:0:0:0:0:0:0:0:0:0:0:0:0:0:0:0
mtfs-sentinel-dataset-v1,1,952,1380005968,1397770528,319780004,1200000,1,511,0,1,evaluation,267,Release,pseudo-collect-delay-ramp,injected,medium,2,delay,7,100,4000,157,1358964346,267,9,16,9,0,9,0,60541,6726,10,17,10,0,10,0,91563,9156,2,0,2,0,2,0,2,1,0,0,0,0,0,0,0,23,1,0,0,0,0,0,0,0:0:0:0:0:0:0:0:0:0:0:6:0:0:2:1:0:0:0:0:0:0:0:0:0:0:0:0:0:0:0:0:0:0:0:9:0:0:1:0:0:0:0:0:2:0:0:0:0:0:0:0:0:0:0:0:0:0:0:0:0:0:0:0:0:0
mtfs-sentinel-dataset-v1,1,952,1380005968,1397770528,321000004,1220000,1,511,0,1,evaluation,268,Release,pseudo-collect-delay-ramp,injected,medium,2,delay,7,100,4000,157,1358964346,268,9,16,9,0,9,0,29380,3264,10,17,10,0,10,0,145665,14566,2,0,2,0,2,0,2,1,0,0,0,0,0,0,0,23,1,0,0,0,0,0,0,0:0:0:0:0:0:0:0:0:0:0:8:0:0:1:0:0:0:0:0:0:0:0:0:0:0:0:0:0:0:0:0:0:0:0:8:0:0:2:0:0:0:0:0:2:0:0:0:0:0:0:0:0:0:0:0:0:0:0:0:0:0:0:0:0:0
mtfs-sentinel-dataset-v1,1,952,1380005968,1397770528,322220004,1220000,1,511,0,1,evaluation,269,Release,pseudo-collect-delay-ramp,injected,medium,2,delay,7,100,4000,161,1358964346,269,9,16,9,0,9,0,39501,4389,10,17,10,0,10,0,139862,13986,2,0,2,0,2,0,2,1,0,0,0,0,0,0,0,23,1,0,0,0,0,0,0,0:0:0:0:0:0:0:0:0:0:0:7:0:0:2:0:0:0:0:0:0:0:0:0:0:0:0:0:0:0:0:0:0:0:0:6:1:2:1:0:0:0:0:0:2:0:0:0:0:0:0:0:0:0:0:0:0:0:0:0:0:0:0:0:0:0
mtfs-sentinel-dataset-v1,1,952,1380005968,1397770528,323410004,1190000,1,511,0,1,evaluation,270,Release,pseudo-collect-delay-ramp,injected,medium,2,delay,7,100,4000,162,1358964346,270,9,16,9,0,9,0,29384,3264,10,17,10,0,10,0,95962,9596,2,0,2,0,2,0,18541,9270,0,0,0,0,0,0,0,23,1,0,0,0,0,0,0,0:0:0:0:0:0:0:0:0:0:0:8:0:0:1:0:0:0:0:0:0:0:0:0:0:0:0:0:0:0:0:0:0:0:0:9:0:0:1:0:0:0:0:0:1:0:0:0:0:0:0:0:0:0:0:0:0:0:0:1:0:0:0:0:0:0
mtfs-sentinel-dataset-v1,1,952,1380005968,1397770528,324610004,1200000,1,511,0,1,evaluation,271,Release,pseudo-collect-delay-ramp,injected,medium,2,delay,7,100,4000,164,1358964346,271,9,16,9,0,9,0,40612,4512,10,17,10,0,10,0,109645,10964,2,0,2,0,2,0,2,1,0,0,0,0,0,0,0,23,1,0,0,0,0,0,0,0:0:0:0:0:0:0:0:0:0:0:7:0:0:2:0:0:0:0:0:0:0:0:0:0:0:0:0:0:0:0:0:0:0:0:8:0:1:1:0:0:0:0:0:2:0:0:0:0:0:0:0:0:0:0:0:0:0:0:0:0:0:0:0:0:0
mtfs-sentinel-dataset-v1,1,952,1380005968,1397770528,325790004,1180000,1,511,0,1,evaluation,272,Release,pseudo-collect-delay-ramp,injected,medium,2,delay,7,100,4000,165,1358964346,272,9,16,9,0,9,0,39458,4384,10,17,10,0,10,0,91227,9122,2,0,2,0,2,0,2,1,0,0,0,0,0,0,0,23,1,0,0,0,0,0,0,0:0:0:0:0:0:0:0:0:0:0:7:0:0:2:0:0:0:0:0:0:0:0:0:0:0:0:0:0:0:0:0:0:0:0:9:0:0:1:0:0:0:0:0:2:0:0:0:0:0:0:0:0:0:0:0:0:0:0:0:0:0:0:0:0:0
mtfs-sentinel-dataset-v1,1,952,1380005968,1397770528,326980004,1190000,1,511,0,1,evaluation,273,Release,pseudo-collect-delay-ramp,injected,medium,2,delay,7,100,4000,166,1358964346,273,9,16,9,0,9,0,29216,3246,10,17,10,0,10,0,116795,11679,2,0,2,0,2,0,1,0,0,0,0,0,0,0,0,23,1,0,0,0,0,0,0,0:0:0:0:0:0:0:0:0:0:0:8:0:0:1:0:0:0:0:0:0:0:0:0:0:0:0:0:0:0:0:0:0:0:0:7:1:1:1:0:0:0:0:0:2:0:0:0:0:0:0:0:0:0:0:0:0:0:0:0:0:0:0:0:0:0
mtfs-sentinel-dataset-v1,1,952,1380005968,1397770528,328170004,1190000,1,511,0,1,evaluation,274,Release,pseudo-collect-delay-ramp,injected,medium,2,delay,7,100,4000,167,1358964346,274,9,16,9,0,9,0,29231,3247,10,17,10,0,10,0,111857,11185,2,0,2,0,2,0,2,1,0,0,0,0,0,0,0,23,1,0,0,0,0,0,0,0:0:0:0:0:0:0:0:0:0:0:8:0:0:1:0:0:0:0:0:0:0:0:0:0:0:0:0:0:0:0:0:0:0:0:8:0:1:1:0:0:0:0:0:2:0:0:0:0:0:0:0:0:0:0:0:0:0:0:0:0:0:0:0:0:0
mtfs-sentinel-dataset-v1,1,952,1380005968,1397770528,329370004,1200000,1,511,0,1,evaluation,275,Release,pseudo-collect-delay-ramp,injected,medium,2,delay,7,100,4000,169,1358964346,275,9,16,9,0,9,0,47531,5281,10,17,10,0,10,0,104838,10483,2,0,2,0,2,0,2,1,0,0,0,0,0,0,0,23,1,0,0,0,0,0,0,0:0:0:0:0:0:0:0:0:0:0:7:0:0:1:1:0:0:0:0:0:0:0:0:0:0:0:0:0:0:0:0:0:0:0:8:0:1:1:0:0:0:0:0:2:0:0:0:0:0:0:0:0:0:0:0:0:0:0:0:0:0:0:0:0:0
mtfs-sentinel-dataset-v1,1,952,1380005968,1397770528,330580004,1210000,1,511,0,1,evaluation,276,Release,pseudo-collect-delay-ramp,injected,medium,2,delay,7,100,4000,171,1358964346,276,9,16,9,0,9,0,44562,4951,10,17,10,0,10,0,114964,11496,2,0,2,0,2,0,2,1,0,0,0,0,0,0,0,23,1,0,0,0,0,0,0,0:0:0:0:0:0:0:0:0:0:0:8:0:0:0:1:0:0:0:0:0:0:0:0:0:0:0:0:0:0:0:0:0:0:0:8:0:1:1:0:0:0:0:0:2:0:0:0:0:0:0:0:0:0:0:0:0:0:0:0:0:0:0:0:0:0
mtfs-sentinel-dataset-v1,1,952,1380005968,1397770528,331800004,1220000,1,511,0,1,evaluation,277,Release,pseudo-collect-delay-ramp,injected,medium,2,delay,7,100,4000,175,1358964346,277,9,16,9,0,9,0,57580,6397,10,17,10,0,10,0,112318,11231,2,0,2,0,2,0,1,0,0,0,0,0,0,0,0,23,1,0,0,0,0,0,0,0:0:0:0:0:0:0:0:0:0:0:6:0:0:2:1:0:0:0:0:0:0:0:0:0:0:0:0:0:0:0:0:0:0:0:8:0:1:1:0:0:0:0:0:2:0:0:0:0:0:0:0:0:0:0:0:0:0:0:0:0:0:0:0:0:0
mtfs-sentinel-dataset-v1,1,952,1380005968,1397770528,332990004,1190000,1,511,0,1,evaluation,278,Release,pseudo-collect-delay-ramp,injected,medium,2,delay,7,100,4000,176,1358964346,278,9,16,9,0,9,0,29234,3248,10,17,10,0,10,0,112332,11233,2,0,2,0,2,0,2,1,0,0,0,0,0,0,0,23,1,0,0,0,0,0,0,0:0:0:0:0:0:0:0:0:0:0:8:0:0:1:0:0:0:0:0:0:0:0:0:0:0:0:0:0:0:0:0:0:0:0:8:0:1:1:0:0:0:0:0:2:0:0:0:0:0:0:0:0:0:0:0:0:0:0:0:0:0:0:0:0:0
mtfs-sentinel-dataset-v1,1,952,1380005968,1397770528,334170004,1180000,1,511,0,1,evaluation,279,Release,pseudo-collect-delay-ramp,injected,medium,2,delay,7,100,4000,177,1358964346,279,9,16,9,0,9,0,46034,5114,10,17,10,0,10,0,90915,9091,2,0,2,0,2,0,2,1,0,0,0,0,0,0,0,23,1,0,0,0,0,0,0,0:0:0:0:0:0:0:0:0:0:0:7:0:0:1:1:0:0:0:0:0:0:0:0:0:0:0:0:0:0:0:0:0:0:0:9:0:0:1:0:0:0:0:0:2:0:0:0:0:0:0:0:0:0:0:0:0:0:0:0:0:0:0:0:0:0
mtfs-sentinel-dataset-v1,1,952,1380005968,1397770528,335350004,1180000,1,511,0,1,evaluation,280,Release,pseudo-collect-delay-ramp,injected,medium,2,delay,7,100,4000,178,1358964346,280,9,16,9,0,9,0,29306,3256,10,17,10,0,10,0,109026,10902,2,0,2,0,2,0,2,1,0,0,0,0,0,0,0,23,1,0,0,0,0,0,0,0:0:0:0:0:0:0:0:0:0:0:8:0:0:1:0:0:0:0:0:0:0:0:0:0:0:0:0:0:0:0:0:0:0:0:8:0:1:1:0:0:0:0:0:2:0:0:0:0:0:0:0:0:0:0:0:0:0:0:0:0:0:0:0:0:0
mtfs-sentinel-dataset-v1,1,952,1380005968,1397770528,336530004,1180000,1,511,0,1,evaluation,281,Release,pseudo-collect-delay-ramp,injected,medium,2,delay,7,100,4000,179,1358964346,281,9,16,9,0,9,0,47611,5290,10,17,10,0,10,0,91306,9130,2,0,2,0,2,0,2,1,0,0,0,0,0,0,0,23,1,0,0,0,0,0,0,0:0:0:0:0:0:0:0:0:0:0:7:0:0:1:1:0:0:0:0:0:0:0:0:0:0:0:0:0:0:0:0:0:0:0:9:0:0:1:0:0:0:0:0:2:0:0:0:0:0:0:0:0:0:0:0:0:0:0:0:0:0:0:0:0:0
mtfs-sentinel-dataset-v1,1,952,1380005968,1397770528,337700004,1170000,1,511,0,1,evaluation,282,Release,pseudo-collect-delay-ramp,injected,medium,2,delay,7,100,4000,179,1358964346,282,9,16,9,0,9,0,29356,3261,10,17,10,0,10,0,95133,9513,2,0,2,0,2,0,1,0,0,0,0,0,0,0,0,23,1,0,0,0,0,0,0,0:0:0:0:0:0:0:0:0:0:0:8:0:0:1:0:0:0:0:0:0:0:0:0:0:0:0:0:0:0:0:0:0:0:0:9:0:0:1:0:0:0:0:0:2:0:0:0:0:0:0:0:0:0:0:0:0:0:0:0:0:0:0:0:0:0
mtfs-sentinel-dataset-v1,1,952,1380005968,1397770528,338880004,1180000,1,511,0,1,evaluation,283,Release,pseudo-collect-delay-ramp,injected,medium,2,delay,7,100,4000,180,1358964346,283,9,16,9,0,9,0,41035,4559,10,17,10,0,10,0,91285,9128,2,0,2,0,2,0,2,1,0,0,0,0,0,0,0,23,1,0,0,0,0,0,0,0:0:0:0:0:0:0:0:0:0:0:7:0:0:2:0:0:0:0:0:0:0:0:0:0:0:0:0:0:0:0:0:0:0:0:9:0:0:1:0:0:0:0:0:2:0:0:0:0:0:0:0:0:0:0:0:0:0:0:0:0:0:0:0:0:0
mtfs-sentinel-dataset-v1,1,952,1380005968,1397770528,340070004,1190000,1,511,0,1,evaluation,284,Release,pseudo-collect-delay-ramp,injected,medium,2,delay,7,100,4000,182,1358964346,284,9,16,9,0,9,0,29344,3260,10,17,10,0,10,0,101994,10199,2,0,2,0,2,0,13656,6828,0,0,0,0,0,0,0,23,1,0,0,0,0,0,0,0:0:0:0:0:0:0:0:0:0:0:8:0:0:1:0:0:0:0:0:0:0:0:0:0:0:0:0:0:0:0:0:0:0:0:8:0:1:1:0:0:0:0:0:1:0:0:0:0:0:0:0:0:0:0:0:0:0:1:0:0:0:0:0:0:0
mtfs-sentinel-dataset-v1,1,952,1380005968,1397770528,341280004,1210000,1,511,0,1,evaluation,285,Release,pseudo-collect-delay-ramp,injected,medium,2,delay,7,100,4000,185,1358964346,285,9,16,9,0,9,0,70289,7809,10,17,10,0,10,0,91349,9134,2,0,2,0,2,0,2,1,0,0,0,0,0,0,0,23,1,0,0,0,0,0,0,0:0:0:0:0:0:0:0:0:0:0:5:0:0:3:1:0:0:0:0:0:0:0:0:0:0:0:0:0:0:0:0:0:0:0:9:0:0:1:0:0:0:0:0:2:0:0:0:0:0:0:0:0:0:0:0:0:0:0:0:0:0:0:0:0:0
mtfs-sentinel-dataset-v1,1,952,1380005968,1397770528,342530004,1250000,1,511,0,1,evaluation,286,Release,pseudo-collect-delay-ramp,injected,medium,2,delay,7,100,4000,189,1358964346,286,9,16,9,0,9,0,39543,4393,10,17,10,0,10,0,162421,16242,2,0,2,0,2,0,2,1,0,0,0,0,0,0,0,23,1,0,0,0,0,0,0,0:0:0:0:0:0:0:0:0:0:0:7:0:0:2:0:0:0:0:0:0:0:0:0:0:0:0:0:0:0:0:0:0:0:0:5:0:4:1:0:0:0:0:0:2:0:0:0:0:0:0:0:0:0:0:0:0:0:0:0:0:0:0:0:0:0
mtfs-sentinel-dataset-v1,1,952,1380005968,1397770528,343730004,1200000,1,511,0,1,evaluation,287,Release,pseudo-collect-delay-ramp,injected,medium,2,delay,7,100,4000,191,1358964346,287,9,16,9,0,9,0,47531,5281,10,17,10,0,10,0,91675,9167,2,0,2,0,2,0,14678,7339,0,0,0,0,0,0,0,23,1,0,0,0,0,0,0,0:0:0:0:0:0:0:0:0:0:0:7:0:0:1:1:0:0:0:0:0:0:0:0:0:0:0:0:0:0:0:0:0:0:0:9:0:0:1:0:0:0:0:0:1:0:0:0:0:0:0:0:0:0:0:0:0:0:1:0:0:0:0:0:0:0
mtfs-sentinel-dataset-v1,1,952,1380005968,1397770528,344910004,1180000,1,511,0,1,evaluation,288,Release,pseudo-collect-delay-ramp,injected,medium,2,delay,7,100,4000,192,1358964346,288,9,16,9,0,9,0,29049,3227,10,17,10,0,10,0,102237,10223,2,0,2,0,2,0,2,1,0,0,0,0,0,0,0,23,1,0,0,0,0,0,0,0:0:0:0:0:0:0:0:0:0:0:8:0:0:1:0:0:0:0:0:0:0:0:0:0:0:0:0:0:0:0:0:0:0:0:8:0:1:1:0:0:0:0:0:2:0:0:0:0:0:0:0:0:0:0:0:0:0:0:0:0:0:0:0:0:0
mtfs-sentinel-dataset-v1,1,952,1380005968,1397770528,346100004,1190000,1,511,0,1,evaluation,289,Release,pseudo-collect-delay-ramp,injected,medium,2,delay,7,100,4000,194,1358964346,289,9,16,9,0,9,0,40141,4460,10,17,10,0,10,0,100883,10088,2,0,2,0,2,0,2,1,0,0,0,0,0,0,0,23,1,0,0,0,0,0,0,0:0:0:0:0:0:0:0:0:0:0:7:0:0:2:0:0:0:0:0:0:0:0:0:0:0:0:0:0:0:0:0:0:0:0:8:0:1:1:0:0:0:0:0:2:0:0:0:0:0:0:0:0:0:0:0:0:0:0:0:0:0:0:0:0:0
mtfs-sentinel-dataset-v1,1,952,1380005968,1397770528,347290004,1190000,1,511,0,1,evaluation,290,Release,pseudo-collect-delay-ramp,injected,medium,2,delay,7,100,4000,195,1358964346,290,9,16,9,0,9,0,29411,3267,10,17,10,0,10,0,113866,11386,2,0,2,0,2,0,1,0,0,0,0,0,0,0,0,23,1,0,0,0,0,0,0,0:0:0:0:0:0:0:0:0:0:0:8:0:0:1:0:0:0:0:0:0:0:0:0:0:0:0:0:0:0:0:0:0:0:0:8:0:1:1:0:0:0:0:0:2:0:0:0:0:0:0:0:0:0:0:0:0:0:0:0:0:0:0:0:0:0
mtfs-sentinel-dataset-v1,1,952,1380005968,1397770528,348500004,1210000,1,511,0,1,evaluation,291,Release,pseudo-collect-delay-ramp,injected,medium,2,delay,7,100,4000,198,1358964346,291,9,16,9,0,9,0,41292,4588,10,17,10,0,10,0,124296,12429,2,0,2,0,2,0,1,0,0,0,0,0,0,0,0,23,1,0,0,0,0,0,0,0:0:0:0:0:0:0:0:0:0:0:7:0:0:2:0:0:0:0:0:0:0:0:0:0:0:0:0:0:0:0:0:0:0:0:7:0:2:1:0:0:0:0:0:2:0:0:0:0:0:0:0:0:0:0:0:0:0:0:0:0:0:0:0:0:0
mtfs-sentinel-dataset-v1,1,952,1380005968,1397770528,349670004,1170000,1,511,0,1,evaluation,292,Release,pseudo-collect-delay-ramp,injected,medium,2,delay,7,100,4000,198,1358964346,292,9,16,9,0,9,0,29381,3264,10,17,10,0,10,0,91864,9186,2,0,2,0,2,0,2,1,0,0,0,0,0,0,0,23,1,0,0,0,0,0,0,0:0:0:0:0:0:0:0:0:0:0:8:0:0:1:0:0:0:0:0:0:0:0:0:0:0:0:0:0:0:0:0:0:0:0:9:0:0:1:0:0:0:0:0:2:0:0:0:0:0:0:0:0:0:0:0:0:0:0:0:0:0:0:0:0:0
mtfs-sentinel-dataset-v1,1,952,1380005968,1397770528,350850004,1180000,1,511,0,1,evaluation,293,Release,pseudo-collect-delay-ramp,injected,medium,2,delay,7,100,4000,199,1358964346,293,9,16,9,0,9,0,29308,3256,10,17,10,0,10,0,109667,10966,2,0,2,0,2,0,2,1,0,0,0,0,0,0,0,23,1,0,0,0,0,0,0,0:0:0:0:0:0:0:0:0:0:0:8:0:0:1:0:0:0:0:0:0:0:0:0:0:0:0:0:0:0:0:0:0:0:0:8:0:1:1:0:0:0:0:0:2:0:0:0:0:0:0:0:0:0:0:0:0:0:0:0:0:0:0:0:0:0
mtfs-sentinel-dataset-v1,1,952,1380005968,1397770528,352060004,1210000,1,511,0,1,evaluation,294,Release,pseudo-collect-delay-ramp,injected,medium,2,delay,7,100,4000,202,1358964346,294,9,16,9,0,9,0,54622,6069,10,17,10,0,10,0,106340,10634,2,0,2,0,2,0,2,1,0,0,0,0,0,0,0,23,1,0,0,0,0,0,0,0:0:0:0:0:0:0:0:0:0:0:6:0:0:3:0:0:0:0:0:0:0:0:0:0:0:0:0:0:0:0:0:0:0:0:8:0:1:1:0:0:0:0:0:2:0:0:0:0:0:0:0:0:0:0:0:0:0:0:0:0:0:0:0:0:0
mtfs-sentinel-dataset-v1,1,952,1380005968,1397770528,353310004,1250000,1,511,0,1,evaluation,295,Release,pseudo-collect-delay-ramp,injected,medium,2,delay,7,100,4000,207,1358964346,295,9,16,9,0,9,0,77601,8622,10,17,10,0,10,0,122102,12210,2,0,2,0,2,0,2,1,0,0,0,0,0,0,0,23,1,0,0,0,0,0,0,0:0:0:0:0:0:0:0:0:0:0:5:0:0:2:2:0:0:0:0:0:0:0:0:0:0:0:0:0:0:0:0:0:0:0:8:0:1:1:0:0:0:0:0:2:0:0:0:0:0:0:0:0:0:0:0:0:0:0:0:0:0:0:0:0:0
mtfs-sentinel-dataset-v1,1,952,1380005968,1397770528,354490004,1180000,1,511,0,1,evaluation,296,Release,pseudo-collect-delay-ramp,injected,medium,2,delay,7,100,4000,208,1358964346,296,9,16,9,0,9,0,39483,4387,10,17,10,0,10,0,91563,9156,2,0,2,0,2,0,2,1,0,0,0,0,0,0,0,23,1,0,0,0,0,0,0,0:0:0:0:0:0:0:0:0:0:0:7:0:0:2:0:0:0:0:0:0:0:0:0:0:0:0:0:0:0:0:0:0:0:0:9:0:0:1:0:0:0:0:0:2:0:0:0:0:0:0:0:0:0:0:0:0:0:0:0:0:0:0:0:0:0
mtfs-sentinel-dataset-v1,1,952,1380005968,1397770528,355670004,1180000,1,511,0,1,evaluation,297,Release,pseudo-collect-delay-ramp,injected,medium,2,delay,7,100,4000,209,1358964346,297,9,16,9,0,9,0,39241,4360,10,17,10,0,10,0,91639,9163,2,0,2,0,2,0,2,1,0,0,0,0,0,0,0,23,1,0,0,0,0,0,0,0:0:0:0:0:0:0:0:0:0:0:7:0:0:2:0:0:0:0:0:0:0:0:0:0:0:0:0:0:0:0:0:0:0:0:9:0:0:1:0:0:0:0:0:2:0:0:0:0:0:0:0:0:0:0:0:0:0:0:0:0:0:0:0:0:0
mtfs-sentinel-dataset-v1,1,952,1380005968,1397770528,356870004,1200000,1,511,0,1,evaluation,298,Release,pseudo-collect-delay-ramp,injected,medium,2,delay,7,100,4000,211,1358964346,298,9,16,9,0,9,0,41485,4609,10,17,10,0,10,0,113612,11361,2,0,2,0,2,0,2,1,0,0,0,0,0,0,0,23,1,0,0,0,0,0,0,0:0:0:0:0:0:0:0:0:0:0:7:0:0:2:0:0:0:0:0:0:0:0:0:0:0:0:0:0:0:0:0:0:0:0:9:0:0:1:0:0:0:0:0:2:0:0:0:0:0:0:0:0:0:0:0:0:0:0:0:0:0:0:0:0:0
mtfs-sentinel-dataset-v1,1,952,1380005968,1397770528,358040004,1170000,1,511,0,1,evaluation,299,Release,pseudo-collect-delay-ramp,injected,medium,2,delay,7,100,4000,211,1358964346,299,9,16,9,0,9,0,29319,3257,10,17,10,0,10,0,91760,9176,2,0,2,0,2,0,2,1,0,0,0,0,0,0,0,23,1,0,0,0,0,0,0,0:0:0:0:0:0:0:0:0:0:0:8:0:0:1:0:0:0:0:0:0:0:0:0:0:0:0:0:0:0:0:0:0:0:0:9:0:0:1:0:0:0:0:0:2:0:0:0:0:0:0:0:0:0:0:0:0:0:0:0:0:0:0:0:0:0
mtfs-sentinel-dataset-v1,1,952,1380005968,1397770528,359240004,1200000,1,511,0,1,evaluation,300,Release,pseudo-collect-delay-ramp,injected,medium,2,delay,7,100,4000,214,1358964346,300,9,16,9,0,9,0,54108,6012,10,17,10,0,10,0,102734,10273,2,0,2,0,2,0,2,1,0,0,0,0,0,0,0,23,1,0,0,0,0,0,0,0:0:0:0:0:0:0:0:0:0:0:6:0:0:3:0:0:0:0:0:0:0:0:0:0:0:0:0:0:0:0:0:0:0:0:8:0:1:1:0:0:0:0:0:2:0:0:0:0:0:0:0:0:0:0:0:0:0:0:0:0:0:0:0:0:0
mtfs-sentinel-dataset-v1,1,952,1380005968,1397770528,360510004,1270000,1,511,0,1,evaluation,301,Release,pseudo-collect-delay-ramp,injected,strong,3,delay,7,200,12000,4,1359218267,301,9,16,9,0,9,0,79082,8786,10,17,10,0,10,0,140805,14080,2,0,2,0,2,0,2,1,0,0,0,0,0,0,0,23,1,0,0,0,0,0,0,0:0:0:0:0:0:0:0:0:0:0:7:0:0:0:1:1:0:0:0:0:0:0:0:0:0:0:0:0:0:0:0:0:0:0:6:1:2:1:0:0:0:0:0:2:0:0:0:0:0:0:0:0:0:0:0:0:0:0:0:0:0:0:0:0:0
mtfs-sentinel-dataset-v1,1,952,1380005968,1397770528,361750004,1240000,1,511,0,1,evaluation,302,Release,pseudo-collect-delay-ramp,injected,strong,3,delay,7,200,12000,7,1359218267,302,9,16,9,0,9,0,52767,5863,10,17,10,0,10,0,113605,11360,2,0,2,0,2,0,27602,13801,0,0,0,0,0,0,0,23,1,0,0,0,0,0,0,0:0:0:0:0:0:0:0:0:0:0:8:0:0:0:0:1:0:0:0:0:0:0:0:0:0:0:0:0:0:0:0:0:0:0:9:0:0:1:0:0:0:0:0:1:0:0:0:0:0:0:0:0:0:0:0:0:0:0:1:0:0:0:0:0:0
mtfs-sentinel-dataset-v1,1,952,1380005968,1397770528,363010004,1260000,1,511,0,1,evaluation,303,Release,pseudo-collect-delay-ramp,injected,strong,3,delay,7,200,12000,10,1359218267,303,9,16,9,0,9,0,29239,3248,10,17,10,0,10,0,185525,18552,2,0,2,0,2,0,2,1,0,0,0,0,0,0,0,23,1,0,0,0,0,0,0,0:0:0:0:0:0:0:0:0:0:0:8:0:0:1:0:0:0:0:0:0:0:0:0:0:0:0:0:0:0:0:0:0:0:0:6:0:0:4:0:0:0:0:0:2:0:0:0:0:0:0:0:0:0:0:0:0:0:0:0:0:0:0:0:0:0
mtfs-sentinel-dataset-v1,1,952,1380005968,1397770528,364310004,1300000,1,511,0,1,evaluation,304,Release,pseudo-collect-delay-ramp,injected,strong,3,delay,7,200,12000,15,1359218267,304,9,16,9,0,9,0,108888,12098,10,17,10,0,10,0,116634,11663,2,0,2,0,2,0,29711,14855,0,0,0,0,0,0,0,23,1,0,0,0,0,0,0,0:0:0:0:0:0:0:0:0:0:0:5:0:0:1:3:0:0:0:0:0:0:0:0:0:0:0:0:0:0:0:0:0:0:0:8:0:1:1:0:0:0:0:0:1:0:0:0:0:0:0:0:0:0:0:0:0:0:0:1:0:0:0:0:0:0
mtfs-sentinel-dataset-v1,1,952,1380005968,1397770528,365610004,1300000,1,511,0,1,evaluation,305,Release,pseudo-collect-delay-ramp,injected,strong,3,delay,7,200,12000,20,1359218267,305,9,16,9,0,9,0,137556,15284,10,17,10,0,10,0,90174,9017,2,0,2,0,2,0,25477,12738,0,0,0,0,0,0,0,23,1,0,0,0,0,0,0,0:0:0:0:0:0:0:0:0:0:0:5:0:0:0:3:1:0:0:0:0:0:0:0:0:0:0:0:0:0:0:0:0:0:0:9:0:0:1:0:0:0:0:0:1:0:0:0:0:0:0:0:0:0:0:0:0:0:0:1:0:0:0:0:0:0
mtfs-sentinel-dataset-v1,1,952,1380005968,1397770528,366960004,1350000,1,511,0,1,evaluation,306,Release,pseudo-collect-delay-ramp,injected,strong,3,delay,7,200,12000,27,1359218267,306,9,16,9,0,9,0,131926,14658,10,17,10,0,10,0,170717,17071,2,0,2,0,2,0,1,0,0,0,0,0,0,0,0,23,1,0,0,0,0,0,0,0:0:0:0:0:0:0:0:0:0:0:5:0:0:0:3:1:0:0:0:0:0:0:0:0:0:0:0:0:0:0:0:0:0:0:6:0:2:2:0:0:0:0:0:2:0:0:0:0:0:0:0:0:0:0:0:0:0:0:0:0:0:0:0:0:0
mtfs-sentinel-dataset-v1,1,952,1380005968,1397770528,368210004,1250000,1,511,0,1,evaluation,307,Release,pseudo-collect-delay-ramp,injected,strong,3,delay,7,200,12000,30,1359218267,307,9,16,9,0,9,0,101345,11260,10,17,10,0,10,0,102416,10241,2,0,2,0,2,0,2,1,0,0,0,0,0,0,0,23,1,0,0,0,0,0,0,0:0:0:0:0:0:0:0:0:0:0:5:0:0:1:3:0:0:0:0:0:0:0:0:0:0:0:0:0:0:0:0:0:0:0:9:0:0:1:0:0:0:0:0:2:0:0:0:0:0:0:0:0:0:0:0:0:0:0:0:0:0:0:0:0:0
mtfs-sentinel-dataset-v1,1,952,1380005968,1397770528,369450004,1240000,1,511,0,1,evaluation,308,Release,pseudo-collect-delay-ramp,injected,strong,3,delay,7,200,12000,33,1359218267,308,9,16,9,0,9,0,58192,6465,10,17,10,0,10,0,135082,13508,2,0,2,0,2,0,2,1,0,0,0,0,0,0,0,23,1,0,0,0,0,0,0,0:0:0:0:0:0:0:0:0:0:0:7:0:0:1:1:0:0:0:0:0:0:0:0:0:0:0:0:0:0:0:0:0:0:0:7:0:2:1:0:0:0:0:0:2:0:0:0:0:0:0:0:0:0:0:0:0:0:0:0:0:0:0:0:0:0
mtfs-sentinel-dataset-v1,1,952,1380005968,1397770528,370740004,1290000,1,511,0,1,evaluation,309,Release,pseudo-collect-delay-ramp,injected,strong,3,delay,7,200,12000,38,1359218267,309,9,16,9,0,9,0,75248,8360,10,17,10,0,10,0,164788,16478,2,0,2,0,2,0,2,1,0,0,0,0,0,0,0,23,1,0,0,0,0,0,0,0:0:0:0:0:0:0:0:0:0:0:6:0:0:1:2:0:0:0:0:0:0:0:0:0:0:0:0:0:0:0:0:0:0:0:6:0:2:2:0:0:0:0:0:2:0:0:0:0:0:0:0:0:0:0:0:0:0:0:0:0:0:0:0:0:0
mtfs-sentinel-dataset-v1,1,952,1380005968,1397770528,371980004,1240000,1,511,0,1,evaluation,310,Release,pseudo-collect-delay-ramp,injected,strong,3,delay,7,200,12000,41,1359218267,310,9,16,9,0,9,0,77593,8621,10,17,10,0,10,0,116702,11670,2,0,2,0,2,0,2,1,0,0,0,0,0,0,0,23,1,0,0,0,0,0,0,0:0:0:0:0:0:0:0:0:0:0:6:0:0:1:2:0:0:0:0:0:0:0:0:0:0:0:0:0:0:0:0:0:0:0:9:0:0:1:0:0:0:0:0:2:0:0:0:0:0:0:0:0:0:0:0:0:0:0:0:0:0:0:0:0:0
mtfs-sentinel-dataset-v1,1,952,1380005968,1397770528,373220004,1240000,1,511,0,1,evaluation,311,Release,pseudo-collect-delay-ramp,injected,strong,3,delay,7,200,12000,44,1359218267,311,9,16,9,0,9,0,53237,5915,10,17,10,0,10,0,138958,13895,2,0,2,0,2,0,2,1,0,0,0,0,0,0,0,23,1,0,0,0,0,0,0,0:0:0:0:0:0:0:0:0:0:0:7:0:0:1:1:0:0:0:0:0:0:0:0:0:0:0:0:0:0:0:0:0:0:0:7:0:2:1:0:0:0:0:0:2:0:0:0:0:0:0:0:0:0:0:0:0:0:0:0:0:0:0:0:0:0
mtfs-sentinel-dataset-v1,1,952,1380005968,1397770528,374570004,1350000,1,511,0,1,evaluation,312,Release,pseudo-collect-delay-ramp,injected,strong,3,delay,7,200,12000,51,1359218267,312,9,16,9,0,9,0,81254,9028,10,17,10,0,10,0,195623,19562,2,0,2,0,2,0,27006,13503,0,0,0,0,0,0,0,23,1,0,0,0,0,0,0,0:0:0:0:0:0:0:0:0:0:0:6:0:0:1:2:0:0:0:0:0:0:0:0:0:0:0:0:0:0:0:0:0:0:0:6:0:2:1:1:0:0:0:0:1:0:0:0:0:0:0:0:0:0:0:0:0:0:0:1:0:0:0:0:0:0
mtfs-sentinel-dataset-v1,1,952,1380005968,1397770528,375830004,1260000,1,511,0,1,evaluation,313,Release,pseudo-collect-delay-ramp,injected,strong,3,delay,7,200,12000,55,1359218267,313,9,16,9,0,9,0,77011,8556,10,17,10,0,10,0,139713,13971,2,0,2,0,2,0,2,1,0,0,0,0,0,0,0,23,1,0,0,0,0,0,0,0:0:0:0:0:0:0:0:0:0:0:6:0:0:1:2:0:0:0:0:0:0:0:0:0:0:0:0:0:0:0:0:0:0:0:7:0:2:1:0:0:0:0:0:2:0:0:0:0:0:0:0:0:0:0:0:0:0:0:0:0:0:0:0:0:0
mtfs-sentinel-dataset-v1,1,952,1380005968,1397770528,377040004,1210000,1,511,0,1,evaluation,314,Release,pseudo-collect-delay-ramp,injected,strong,3,delay,7,200,12000,57,1359218267,314,9,16,9,0,9,0,49461,5495,10,17,10,0,10,0,117173,11717,2,0,2,0,2,0,2,1,0,0,0,0,0,0,0,23,1,0,0,0,0,0,0,0:0:0:0:0:0:0:0:0:0:0:8:0:0:0:0:1:0:0:0:0:0:0:0:0:0:0:0:0:0:0:0:0:0:0:8:0:1:1:0:0:0:0:0:2:0:0:0:0:0:0:0:0:0:0:0:0:0:0:0:0:0:0:0:0:0
mtfs-sentinel-dataset-v1,1,952,1380005968,1397770528,378330004,1290000,1,511,0,1,evaluation,315,Release,pseudo-collect-delay-ramp,injected,strong,3,delay,7,200,12000,62,1359218267,315,9,16,9,0,9,0,71336,7926,10,17,10,0,10,0,171003,17100,2,0,2,0,2,0,2,1,0,0,0,0,0,0,0,23,1,0,0,0,0,0,0,0:0:0:0:0:0:0:0:0:0:0:6:0:0:1:2:0:0:0:0:0:0:0:0:0:0:0:0:0:0:0:0:0:0:0:6:0:2:2:0:0:0:0:0:2:0:0:0:0:0:0:0:0:0:0:0:0:0:0:0:0:0:0:0:0:0
mtfs-sentinel-dataset-v1,1,952,1380005968,1397770528,379570004,1240000,1,511,0,1,evaluation,316,Release,pseudo-collect-delay-ramp,injected,strong,3,delay,7,200,12000,65,1359218267,316,9,16,9,0,9,0,54143,6015,10,17,10,0,10,0,139146,13914,2,0,2,0,2,0,2,1,0,0,0,0,0,0,0,23,1,0,0,0,0,0,0,0:0:0:0:0:0:0:0:0:0:0:7:0:0:1:1:0:0:0:0:0:0:0:0:0:0:0:0:0:0:0:0:0:0:0:7:0:2:1:0:0:0:0:0:2:0:0:0:0:0:0:0:0:0:0:0:0:0:0:0:0:0:0:0:0:0
mtfs-sentinel-dataset-v1,1,952,1380005968,1397770528,380840004,1270000,1,511,0,1,evaluation,317,Release,pseudo-collect-delay-ramp,injected,strong,3,delay,7,200,12000,69,1359218267,317,9,16,9,0,9,0,53369,5929,10,17,10,0,10,0,172050,17205,2,0,2,0,2,0,2,1,0,0,0,0,0,0,0,23,1,0,0,0,0,0,0,0:0:0:0:0:0:0:0:0:0:0:7:0:0:1:1:0:0:0:0:0:0:0:0:0:0:0:0:0:0:0:0:0:0:0:6:0:1:3:0:0:0:0:0:2:0:0:0:0:0:0:0:0:0:0:0:0:0:0:0:0:0:0:0:0:0
mtfs-sentinel-dataset-v1,1,952,1380005968,1397770528,382100004,1260000,1,511,0,1,evaluation,318,Release,pseudo-collect-delay-ramp,injected,strong,3,delay,7,200,12000,73,1359218267,318,9,16,9,0,9,0,49583,5509,10,17,10,0,10,0,167032,16703,2,0,2,0,2,0,1,0,0,0,0,0,0,0,0,23,1,0,0,0,0,0,0,0:0:0:0:0:0:0:0:0:0:0:7:0:0:1:1:0:0:0:0:0:0:0:0:0:0:0:0:0:0:0:0:0:0:0:6:0:3:1:0:0:0:0:0:2:0:0:0:0:0:0:0:0:0:0:0:0:0:0:0:0:0:0:0:0:0
mtfs-sentinel-dataset-v1,1,952,1380005968,1397770528,383320004,1220000,1,511,0,1,evaluation,319,Release,pseudo-collect-delay-ramp,injected,strong,3,delay,7,200,12000,75,1359218267,319,9,16,9,0,9,0,29364,3262,10,17,10,0,10,0,146062,14606,2,0,2,0,2,0,2,1,0,0,0,0,0,0,0,23,1,0,0,0,0,0,0,0:0:0:0:0:0:0:0:0:0:0:8:0:0:1:0:0:0:0:0:0:0:0:0:0:0:0:0:0:0:0:0:0:0:0:7:0:1:2:0:0:0:0:0:2:0:0:0:0:0:0:0:0:0:0:0:0:0:0:0:0:0:0:0:0:0
mtfs-sentinel-dataset-v1,1,952,1380005968,1397770528,384580004,1260000,1,511,0,1,evaluation,320,Release,pseudo-collect-delay-ramp,injected,strong,3,delay,7,200,12000,79,1359218267,320,9,16,9,0,9,0,100650,11183,10,17,10,0,10,0,118715,11871,2,0,2,0,2,0,1,0,0,0,0,0,0,0,0,23,1,0,0,0,0,0,0,0:0:0:0:0:0:0:0:0:0:0:5:0:0:1:3:0:0:0:0:0:0:0:0:0:0:0:0:0:0:0:0:0:0:0:8:0:0:2:0:0:0:0:0:2:0:0:0:0:0:0:0:0:0:0:0:0:0:0:0:0:0:0:0:0:0
mtfs-sentinel-dataset-v1,1,952,1380005968,1397770528,386150004,1570000,1,511,0,1,evaluation,321,Release,pseudo-collect-delay-ramp,injected,strong,3,delay,7,200,12000,84,1359218267,321,9,16,9,0,9,0,29271,3252,10,17,10,0,10,0,492679,49267,2,0,2,0,2,0,2,1,0,0,0,0,0,0,0,23,1,0,0,0,0,0,0,0:0:0:0:0:0:0:0:0:0:0:8:0:0:1:0:0:0:0:0:0:0:0:0:0:0:0:0:0:0:0:0:0:0:0:5:0:4:0:0:1:0:0:0:2:0:0:0:0:0:0:0:0:0:0:0:0:0:0:0:0:0:0:0:0:0
mtfs-sentinel-dataset-v1,1,952,1380005968,1397770528,387790004,1640000,1,511,0,1,evaluation,322,Release,pseudo-collect-delay-ramp,injected,strong,3,delay,7,200,12000,87,1359218267,322,9,16,9,0,9,0,29431,3270,10,17,10,0,10,0,560601,56060,2,0,2,0,2,0,2,1,0,0,0,0,0,0,0,23,1,0,0,0,0,0,0,0:0:0:0:0:0:0:0:0:0:0:8:0:0:1:0:0:0:0:0:0:0:0:0:0:0:0:0:0:0:0:0:0:0:0:6:0:1:2:0:1:0:0:0:2:0:0:0:0:0:0:0:0:0:0:0:0:0:0:0:0:0:0:0:0:0
mtfs-sentinel-dataset-v1,1,952,1380005968,1397770528,389110004,1320000,1,511,0,1,evaluation,323,Release,pseudo-collect-delay-ramp,injected,strong,3,delay,7,200,12000,91,1359218267,323,9,16,9,0,9,0,53328,5925,10,17,10,0,10,0,216805,21680,2,0,2,0,2,0,2,1,0,0,0,0,0,0,0,23,1,0,0,0,0,0,0,0:0:0:0:0:0:0:0:0:0:0:7:0:0:1:1:0:0:0:0:0:0:0:0:0:0:0:0:0:0:0:0:0:0:0:6:0:3:0:1:0:0:0:0:2:0:0:0:0:0:0:0:0:0:0:0:0:0:0:0:0:0:0:0:0:0
mtfs-sentinel-dataset-v1,1,952,1380005968,1397770528,390490004,1380000,1,511,0,1,evaluation,324,Release,pseudo-collect-delay-ramp,injected,strong,3,delay,7,200,12000,99,1359218267,324,9,16,9,0,9,0,134480,14942,10,17,10,0,10,0,198896,19889,2,0,2,0,2,0,2,1,0,0,0,0,0,0,0,23,1,0,0,0,0,0,0,0:0:0:0:0:0:0:0:0:0:0:5:0:0:0:3:1:0:0:0:0:0:0:0:0:0:0:0:0:0:0:0:0:0:0:6:0:2:1:1:0:0:0:0:2:0:0:0:0:0:0:0:0:0:0:0:0:0:0:0:0:0:0:0:0:0
mtfs-sentinel-dataset-v1,1,952,1380005968,1397770528,391810004,1320000,1,511,0,1,evaluation,325,Release,pseudo-collect-delay-ramp,injected,strong,3,delay,7,200,12000,105,1359218267,325,9,16,9,0,9,0,128295,14255,10,17,10,0,10,0,141965,14196,2,0,2,0,2,0,1,0,0,0,0,0,0,0,0,23,1,0,0,0,0,0,0,0:0:0:0:0:0:0:0:0:0:0:4:0:0:1:4:0:0:0:0:0:0:0:0:0:0:0:0:0:0:0:0:0:0:0:7:0:2:1:0:0:0:0:0:2:0:0:0:0:0:0:0:0:0:0:0:0:0:0:0:0:0:0:0:0:0
mtfs-sentinel-dataset-v1,1,952,1380005968,1397770528,393030004,1220000,1,511,0,1,evaluation,326,Release,pseudo-collect-delay-ramp,injected,strong,3,delay,7,200,12000,107,1359218267,326,9,16,9,0,9,0,29315,3257,10,17,10,0,10,0,123820,12382,2,0,2,0,2,0,20487,10243,0,0,0,0,0,0,0,23,1,0,0,0,0,0,0,0:0:0:0:0:0:0:0:0:0:0:8:0:0:1:0:0:0:0:0:0:0:0:0:0:0:0:0:0:0:0:0:0:0:0:8:0:0:2:0:0:0:0:0:1:0:0:0:0:0:0:0:0:0:0:0:0:0:0:1:0:0:0:0:0:0
mtfs-sentinel-dataset-v1,1,952,1380005968,1397770528,394290004,1260000,1,511,0,1,evaluation,327,Release,pseudo-collect-delay-ramp,injected,strong,3,delay,7,200,12000,111,1359218267,327,9,16,9,0,9,0,76830,8536,10,17,10,0,10,0,114402,11440,2,0,2,0,2,0,24518,12259,0,0,0,0,0,0,0,23,1,0,0,0,0,0,0,0:0:0:0:0:0:0:0:0:0:0:6:0:0:1:2:0:0:0:0:0:0:0:0:0:0:0:0:0:0:0:0:0:0:0:8:0:1:1:0:0:0:0:0:1:0:0:0:0:0:0:0:0:0:0:0:0:0:0:1:0:0:0:0:0:0
mtfs-sentinel-dataset-v1,1,952,1380005968,1397770528,395600004,1310000,1,511,0,1,evaluation,328,Release,pseudo-collect-delay-ramp,injected,strong,3,delay,7,200,12000,117,1359218267,328,9,16,9,0,9,0,80205,8911,10,17,10,0,10,0,162327,16232,2,0,2,0,2,0,20568,10284,0,0,0,0,0,0,0,23,1,0,0,0,0,0,0,0:0:0:0:0:0:0:0:0:0:0:6:0:0:1:2:0:0:0:0:0:0:0:0:0:0:0:0:0:0:0:0:0:0:0:6:0:2:2:0:0:0:0:0:1:0:0:0:0:0:0:0:0:0:0:0:0:0:0:1:0:0:0:0:0:0
mtfs-sentinel-dataset-v1,1,952,1380005968,1397770528,396890004,1290000,1,511,0,1,evaluation,329,Release,pseudo-collect-delay-ramp,injected,strong,3,delay,7,200,12000,122,1359218267,329,9,16,9,0,9,0,102755,11417,10,17,10,0,10,0,141001,14100,2,0,2,0,2,0,2,1,0,0,0,0,0,0,0,23,1,0,0,0,0,0,0,0:0:0:0:0:0:0:0:0:0:0:6:0:0:0:2:1:0:0:0:0:0:0:0:0:0:0:0:0:0:0:0:0:0:0:6:1:2:1:0:0:0:0:0:2:0:0:0:0:0:0:0:0:0:0:0:0:0:0:0:0:0:0:0:0:0
mtfs-sentinel-dataset-v1,1,952,1380005968,1397770528,398160004,1270000,1,511,0,1,evaluation,330,Release,pseudo-collect-delay-ramp,injected,strong,3,delay,7,200,12000,126,1359218267,330,9,16,9,0,9,0,77297,8588,10,17,10,0,10,0,125900,12590,2,0,2,0,2,0,20424,10212,0,0,0,0,0,0,0,23,1,0,0,0,0,0,0,0:0:0:0:0:0:0:0:0:0:0:6:0:0:1:2:0:0:0:0:0:0:0:0:0:0:0:0:0:0:0:0:0:0:0:8:0:0:2:0:0:0:0:0:1:0:0:0:0:0:0:0:0:0:0:0:0:0:0:1:0:0:0:0:0:0
mtfs-sentinel-dataset-v1,1,952,1380005968,1397770528,399450004,1290000,1,511,0,1,evaluation,331,Release,pseudo-collect-delay-ramp,injected,strong,3,delay,7,200,12000,131,1359218267,331,9,16,9,0,9,0,128474,14274,10,17,10,0,10,0,112780,11278,2,0,2,0,2,0,2,1,0,0,0,0,0,0,0,23,1,0,0,0,0,0,0,0:0:0:0:0:0:0:0:0:0:0:5:0:0:0:3:1:0:0:0:0:0:0:0:0:0:0:0:0:0:0:0:0:0:0:8:0:1:1:0:0:0:0:0:2:0:0:0:0:0:0:0:0:0:0:0:0:0:0:0:0:0:0:0:0:0
mtfs-sentinel-dataset-v1,1,952,1380005968,1397770528,400740004,1290000,1,511,0,1,evaluation,332,Release,pseudo-collect-delay-ramp,injected,strong,3,delay,7,200,12000,136,1359218267,332,9,16,9,0,9,0,108214,12023,10,17,10,0,10,0,138170,13817,2,0,2,0,2,0,1,0,0,0,0,0,0,0,0,23,1,0,0,0,0,0,0,0:0:0:0:0:0:0:0:0:0:0:6:0:0:0:2:1:0:0:0:0:0:0:0:0:0:0:0:0:0:0:0:0:0:0:7:0:2:1:0:0:0:0:0:2:0:0:0:0:0:0:0:0:0:0:0:0:0:0:0:0:0:0:0:0:0
mtfs-sentinel-dataset-v1,1,952,1380005968,1397770528,401990004,1250000,1,511,0,1,evaluation,333,Release,pseudo-collect-delay-ramp,injected,strong,3,delay,7,200,12000,139,1359218267,333,9,16,9,0,9,0,83297,9255,10,17,10,0,10,0,116571,11657,2,0,2,0,2,0,2,1,0,0,0,0,0,0,0,23,1,0,0,0,0,0,0,0:0:0:0:0:0:0:0:0:0:0:6:0:0:1:2:0:0:0:0:0:0:0:0:0:0:0:0:0:0:0:0:0:0:0:8:0:1:1:0:0:0:0:0:2:0:0:0:0:0:0:0:0:0:0:0:0:0:0:0:0:0:0:0:0:0
mtfs-sentinel-dataset-v1,1,952,1380005968,1397770528,403260004,1270000,1,511,0,1,evaluation,334,Release,pseudo-collect-delay-ramp,injected,strong,3,delay,7,200,12000,143,1359218267,334,9,16,9,0,9,0,102206,11356,10,17,10,0,10,0,124154,12415,2,0,2,0,2,0,1,0,0,0,0,0,0,0,0,23,1,0,0,0,0,0,0,0:0:0:0:0:0:0:0:0:0:0:6:0:0:0:2:1:0:0:0:0:0:0:0:0:0:0:0:0:0:0:0:0:0:0:9:0:0:0:1:0:0:0:0:2:0:0:0:0:0:0:0:0:0:0:0:0:0:0:0:0:0:0:0:0:0
mtfs-sentinel-dataset-v1,1,952,1380005968,1397770528,404560004,1300000,1,511,0,1,evaluation,335,Release,pseudo-collect-delay-ramp,injected,strong,3,delay,7,200,12000,148,1359218267,335,9,16,9,0,9,0,76848,8538,10,17,10,0,10,0,120648,12064,2,0,2,0,2,0,56124,28062,0,0,0,0,0,0,0,23,1,0,0,0,0,0,0,0:0:0:0:0:0:0:0:0:0:0:6:0:0:1:2:0:0:0:0:0:0:0:0:0:0:0:0:0:0:0:0:0:0:0:8:0:0:2:0:0:0:0:0:0:0:0:0:0:0:0:0:0:0:0:0:0:0:0:2:0:0:0:0:0:0
mtfs-sentinel-dataset-v1,1,952,1380005968,1397770528,405800004,1240000,1,511,0,1,evaluation,336,Release,pseudo-collect-delay-ramp,injected,strong,3,delay,7,200,12000,151,1359218267,336,9,16,9,0,9,0,76699,8522,10,17,10,0,10,0,112758,11275,2,0,2,0,2,0,2,1,0,0,0,0,0,0,0,23,1,0,0,0,0,0,0,0:0:0:0:0:0:0:0:0:0:0:6:0:0:1:2:0:0:0:0:0:0:0:0:0:0:0:0:0:0:0:0:0:0:0:8:0:1:1:0:0:0:0:0:2:0:0:0:0:0:0:0:0:0:0:0:0:0:0:0:0:0:0:0:0:0
mtfs-sentinel-dataset-v1,1,952,1380005968,1397770528,407070004,1270000,1,511,0,1,evaluation,337,Release,pseudo-collect-delay-ramp,injected,strong,3,delay,7,200,12000,155,1359218267,337,9,16,9,0,9,0,79252,8805,10,17,10,0,10,0,148050,14805,2,0,2,0,2,0,2,1,0,0,0,0,0,0,0,23,1,0,0,0,0,0,0,0:0:0:0:0:0:0:0:0:0:0:6:0:0:1:2:0:0:0:0:0:0:0:0:0:0:0:0:0:0:0:0:0:0:0:8:0:1:0:1:0:0:0:0:2:0:0:0:0:0:0:0:0:0:0:0:0:0:0:0:0:0:0:0:0:0
mtfs-sentinel-dataset-v1,1,952,1380005968,1397770528,408320004,1250000,1,511,0,1,evaluation,338,Release,pseudo-collect-delay-ramp,injected,strong,3,delay,7,200,12000,158,1359218267,338,9,16,9,0,9,0,85804,9533,10,17,10,0,10,0,116280,11628,2,0,2,0,2,0,1,0,0,0,0,0,0,0,0,23,1,0,0,0,0,0,0,0:0:0:0:0:0:0:0:0:0:0:6:0:0:1:2:0:0:0:0:0:0:0:0:0:0:0:0:0:0:0:0:0:0:0:9:0:0:1:0:0:0:0:0:2:0:0:0:0:0:0:0:0:0:0:0:0:0:0:0:0:0:0:0:0:0
mtfs-sentinel-dataset-v1,1,952,1380005968,1397770528,409560004,1240000,1,511,0,1,evaluation,339,Release,pseudo-collect-delay-ramp,injected,strong,3,delay,7,200,12000,161,1359218267,339,9,16,9,0,9,0,53170,5907,10,17,10,0,10,0,118677,11867,2,0,2,0,2,0,24594,12297,0,0,0,0,0,0,0,23,1,0,0,0,0,0,0,0:0:0:0:0:0:0:0:0:0:0:7:0:0:1:1:0:0:0:0:0:0:0:0:0:0:0:0:0:0:0:0:0:0:0:9:0:0:0:1:0:0:0:0:1:0:0:0:0:0:0:0:0:0:0:0:0:0:0:1:0:0:0:0:0:0
mtfs-sentinel-dataset-v1,1,952,1380005968,1397770528,410870004,1310000,1,511,0,1,evaluation,340,Release,pseudo-collect-delay-ramp,injected,strong,3,delay,7,200,12000,167,1359218267,340,9,16,9,0,9,0,102693,11410,10,17,10,0,10,0,139566,13956,2,0,2,0,2,0,20843,10421,0,0,0,0,0,0,0,23,1,0,0,0,0,0,0,0:0:0:0:0:0:0:0:0:0:0:6:0:0:0:2:1:0:0:0:0:0:0:0:0:0:0:0:0:0:0:0:0:0:0:7:0:2:1:0:0:0:0:0:1:0:0:0:0:0:0:0:0:0:0:0:0:0:0:1:0:0:0:0:0:0
mtfs-sentinel-dataset-v1,1,952,1380005968,1397770528,412110004,1240000,1,511,0,1,evaluation,341,Release,pseudo-collect-delay-ramp,injected,strong,3,delay,7,200,12000,170,1359218267,341,9,16,9,0,9,0,78577,8730,10,17,10,0,10,0,90473,9047,2,0,2,0,2,0,25106,12553,0,0,0,0,0,0,0,23,1,0,0,0,0,0,0,0:0:0:0:0:0:0:0:0:0:0:6:0:0:1:2:0:0:0:0:0:0:0:0:0:0:0:0:0:0:0:0:0:0:0:9:0:0:1:0:0:0:0:0:1:0:0:0:0:0:0:0:0:0:0:0:0:0:0:1:0:0:0:0:0:0
mtfs-sentinel-dataset-v1,1,952,1380005968,1397770528,413340004,1230000,1,511,0,1,evaluation,342,Release,pseudo-collect-delay-ramp,injected,strong,3,delay,7,200,12000,172,1359218267,342,9,16,9,0,9,0,58947,6549,10,17,10,0,10,0,123946,12394,2,0,2,0,2,0,2,1,0,0,0,0,0,0,0,23,1,0,0,0,0,0,0,0:0:0:0:0:0:0:0:0:0:0:7:0:0:1:1:0:0:0:0:0:0:0:0:0:0:0:0:0:0:0:0:0:0:0:8:0:0:2:0:0:0:0:0:2:0:0:0:0:0:0:0:0:0:0:0:0:0:0:0:0:0:0:0:0:0
mtfs-sentinel-dataset-v1,1,952,1380005968,1397770528,414530004,1190000,1,511,0,1,evaluation,343,Release,pseudo-collect-delay-ramp,injected,strong,3,delay,7,200,12000,173,1359218267,343,9,16,9,0,9,0,29249,3249,10,17,10,0,10,0,92810,9281,2,0,2,0,2,0,24291,12145,0,0,0,0,0,0,0,23,1,0,0,0,0,0,0,0:0:0:0:0:0:0:0:0:0:0:8:0:0:1:0:0:0:0:0:0:0:0:0:0:0:0:0:0:0:0:0:0:0:0:9:0:0:1:0:0:0:0:0:1:0:0:0:0:0:0:0:0:0:0:0:0:0:0:1:0:0:0:0:0:0
mtfs-sentinel-dataset-v1,1,952,1380005968,1397770528,415810004,1280000,1,511,0,1,evaluation,344,Release,pseudo-collect-delay-ramp,injected,strong,3,delay,7,200,12000,177,1359218267,344,9,16,9,0,9,0,88520,9835,10,17,10,0,10,0,142223,14222,2,0,2,0,2,0,2,1,0,0,0,0,0,0,0,23,1,0,0,0,0,0,0,0:0:0:0:0:0:0:0:0:0:0:6:0:0:1:2:0:0:0:0:0:0:0:0:0:0:0:0:0:0:0:0:0:0:0:7:0:1:2:0:0:0:0:0:2:0:0:0:0:0:0:0:0:0:0:0:0:0:0:0:0:0:0:0:0:0
mtfs-sentinel-dataset-v1,1,952,1380005968,1397770528,417080004,1270000,1,511,0,1,evaluation,345,Release,pseudo-collect-delay-ramp,injected,strong,3,delay,7,200,12000,181,1359218267,345,9,16,9,0,9,0,137010,15223,10,17,10,0,10,0,90381,9038,2,0,2,0,2,0,2,1,0,0,0,0,0,0,0,23,1,0,0,0,0,0,0,0:0:0:0:0:0:0:0:0:0:0:4:0:0:1:4:0:0:0:0:0:0:0:0:0:0:0:0:0:0:0:0:0:0:0:9:0:0:1:0:0:0:0:0:2:0:0:0:0:0:0:0:0:0:0:0:0:0:0:0:0:0:0:0:0:0
mtfs-sentinel-dataset-v1,1,952,1380005968,1397770528,418350004,1270000,1,511,0,1,evaluation,346,Release,pseudo-collect-delay-ramp,injected,strong,3,delay,7,200,12000,185,1359218267,346,9,16,9,0,9,0,102509,11389,10,17,10,0,10,0,122557,12255,2,0,2,0,2,0,2,1,0,0,0,0,0,0,0,23,1,0,0,0,0,0,0,0:0:0:0:0:0:0:0:0:0:0:5:0:0:1:3:0:0:0:0:0:0:0:0:0:0:0:0:0:0:0:0:0:0:0:8:0:1:1:0:0:0:0:0:2:0:0:0:0:0:0:0:0:0:0:0:0:0:0:0:0:0:0:0:0:0
mtfs-sentinel-dataset-v1,1,952,1380005968,1397770528,419610004,1260000,1,511,0,1,evaluation,347,Release,pseudo-collect-delay-ramp,injected,strong,3,delay,7,200,12000,189,1359218267,347,9,16,9,0,9,0,76522,8502,10,17,10,0,10,0,113048,11304,2,0,2,0,2,0,24048,12024,0,0,0,0,0,0,0,23,1,0,0,0,0,0,0,0:0:0:0:0:0:0:0:0:0:0:6:0:0:1:2:0:0:0:0:0:0:0:0:0:0:0:0:0:0:0:0:0:0:0:8:0:1:1:0:0:0:0:0:1:0:0:0:0:0:0:0:0:0:0:0:0:0:0:1:0:0:0:0:0:0
mtfs-sentinel-dataset-v1,1,952,1380005968,1397770528,420870004,1260000,1,511,0,1,evaluation,348,Release,pseudo-collect-delay-ramp,injected,strong,3,delay,7,200,12000,193,1359218267,348,9,16,9,0,9,0,29302,3255,10,17,10,0,10,0,189117,18911,2,0,2,0,2,0,2,1,0,0,0,0,0,0,0,23,1,0,0,0,0,0,0,0:0:0:0:0:0:0:0:0:0:0:8:0:0:1:0:0:0:0:0:0:0:0:0:0:0:0:0:0:0:0:0:0:0:0:5:0:3:2:0:0:0:0:0:2:0:0:0:0:0:0:0:0:0:0:0:0:0:0:0:0:0:0:0:0:0
mtfs-sentinel-dataset-v1,1,952,1380005968,1397770528,422120004,1250000,1,511,0,1,evaluation,349,Release,pseudo-collect-delay-ramp,injected,strong,3,delay,7,200,12000,196,1359218267,349,9,16,9,0,9,0,58152,6461,10,17,10,0,10,0,146480,14648,2,0,2,0,2,0,2,1,0,0,0,0,0,0,0,23,1,0,0,0,0,0,0,0:0:0:0:0:0:0:0:0:0:0:7:0:0:1:1:0:0:0:0:0:0:0:0:0:0:0:0:0:0:0:0:0:0:0:8:0:0:1:1:0:0:0:0:2:0:0:0:0:0:0:0:0:0:0:0:0:0:0:0:0:0:0:0:0:0
mtfs-sentinel-dataset-v1,1,952,1380005968,1397770528,423400004,1280000,1,511,0,1,evaluation,350,Release,pseudo-collect-delay-ramp,injected,strong,3,delay,7,200,12000,200,1359218267,350,9,16,9,0,9,0,77485,8609,10,17,10,0,10,0,152539,15253,2,0,2,0,2,0,1,0,0,0,0,0,0,0,0,23,1,0,0,0,0,0,0,0:0:0:0:0:0:0:0:0:0:0:6:0:0:1:2:0:0:0:0:0:0:0:0:0:0:0:0:0:0:0:0:0:0:0:7:0:0:3:0:0:0:0:0:2:0:0:0:0:0:0:0:0:0:0:0:0:0:0:0:0:0:0:0:0:0
mtfs-sentinel-dataset-v1,1,952,1380005968,1397770528,424690004,1290000,1,511,0,1,evaluation,351,Release,pseudo-collect-delay-ramp,injected,strong,3,delay,7,200,12000,205,1359218267,351,9,16,9,0,9,0,78574,8730,10,17,10,0,10,0,138072,13807,2,0,2,0,2,0,28737,14368,0,0,0,0,0,0,0,23,1,0,0,0,0,0,0,0:0:0:0:0:0:0:0:0:0:0:6:0:0:1:2:0:0:0:0:0:0:0:0:0:0:0:0:0:0:0:0:0:0:0:7:0:2:1:0:0:0:0:0:1:0:0:0:0:0:0:0:0:0:0:0:0:0:0:1:0:0:0:0:0:0
mtfs-sentinel-dataset-v1,1,952,1380005968,1397770528,426060004,1370000,1,511,0,1,evaluation,352,Release,pseudo-collect-delay-ramp,injected,strong,3,delay,7,200,12000,213,1359218267,352,9,16,9,0,9,0,80072,8896,10,17,10,0,10,0,213981,21398,2,0,2,0,2,0,25386,12693,0,0,0,0,0,0,0,23,1,0,0,0,0,0,0,0:0:0:0:0:0:0:0:0:0:0:6:0:0:1:2:0:0:0:0:0:0:0:0:0:0:0:0:0:0:0:0:0:0:0:4:0:5:1:0:0:0:0:0:1:0:0:0:0:0:0:0:0:0:0:0:0:0:0:1:0:0:0:0:0:0
mtfs-sentinel-dataset-v1,1,952,1380005968,1397770528,427290004,1230000,1,511,0,1,evaluation,353,Release,pseudo-collect-delay-ramp,injected,strong,3,delay,7,200,12000,216,1359218267,353,9,16,9,0,9,0,55627,6180,10,17,10,0,10,0,132319,13231,2,0,2,0,2,0,2,1,0,0,0,0,0,0,0,23,1,0,0,0,0,0,0,0:0:0:0:0:0:0:0:0:0:0:8:0:0:0:0:1:0:0:0:0:0:0:0:0:0:0:0:0:0:0:0:0:0:0:7:0:2:1:0:0:0:0:0:2:0:0:0:0:0:0:0:0:0:0:0:0:0:0:0:0:0:0:0:0:0
mtfs-sentinel-dataset-v1,1,952,1380005968,1397770528,428580004,1290000,1,511,0,1,evaluation,354,Release,pseudo-collect-delay-ramp,injected,strong,3,delay,7,200,12000,221,1359218267,354,9,16,9,0,9,0,80892,8988,10,17,10,0,10,0,141380,14138,2,0,2,0,2,0,24456,12228,0,0,0,0,0,0,0,23,1,0,0,0,0,0,0,0:0:0:0:0:0:0:0:0:0:0:6:0:0:1:2:0:0:0:0:0:0:0:0:0:0:0:0:0:0:0:0:0:0:0:7:0:2:1:0:0:0:0:0:1:0:0:0:0:0:0:0:0:0:0:0:0:0:0:1:0:0:0:0:0:0
mtfs-sentinel-dataset-v1,1,952,1380005968,1397770528,429830004,1250000,1,511,0,1,evaluation,355,Release,pseudo-collect-delay-ramp,injected,strong,3,delay,7,200,12000,224,1359218267,355,9,16,9,0,9,0,58707,6523,10,17,10,0,10,0,148470,14847,2,0,2,0,2,0,2,1,0,0,0,0,0,0,0,23,1,0,0,0,0,0,0,0:0:0:0:0:0:0:0:0:0:0:7:0:0:1:1:0:0:0:0:0:0:0:0:0:0:0:0:0:0:0:0:0:0:0:7:0:1:2:0:0:0:0:0:2:0:0:0:0:0:0:0:0:0:0:0:0:0:0:0:0:0:0:0:0:0
mtfs-sentinel-dataset-v1,1,952,1380005968,1397770528,431150004,1320000,1,511,0,1,evaluation,356,Release,pseudo-collect-delay-ramp,injected,strong,3,delay,7,200,12000,230,1359218267,356,9,16,9,0,9,0,154486,17165,10,17,10,0,10,0,114879,11487,2,0,2,0,2,0,1,0,0,0,0,0,0,0,0,23,1,0,0,0,0,0,0,0:0:0:0:0:0:0:0:0:0:0:3:0:0:1:5:0:0:0:0:0:0:0:0:0:0:0:0:0:0:0:0:0:0:0:8:0:1:1:0:0:0:0:0:2:0:0:0:0:0:0:0:0:0:0:0:0:0:0:0:0:0:0:0:0:0
mtfs-sentinel-dataset-v1,1,952,1380005968,1397770528,432450004,1300000,1,511,0,1,evaluation,357,Release,pseudo-collect-delay-ramp,injected,strong,3,delay,7,200,12000,235,1359218267,357,9,16,9,0,9,0,77265,8585,10,17,10,0,10,0,173645,17364,2,0,2,0,2,0,2,1,0,0,0,0,0,0,0,23,1,0,0,0,0,0,0,0:0:0:0:0:0:0:0:0:0:0:6:0:0:1:2:0:0:0:0:0:0:0:0:0:0:0:0:0:0:0:0:0:0:0:6:0:2:2:0:0:0:0:0:2:0:0:0:0:0:0:0:0:0:0:0:0:0:0:0:0:0:0:0:0:0
mtfs-sentinel-dataset-v1,1,952,1380005968,1397770528,433800004,1350000,1,511,0,1,evaluation,358,Release,pseudo-collect-delay-ramp,injected,strong,3,delay,7,200,12000,242,1359218267,358,9,16,9,0,9,0,133820,14868,10,17,10,0,10,0,171264,17126,2,0,2,0,2,0,1,0,0,0,0,0,0,0,0,23,1,0,0,0,0,0,0,0:0:0:0:0:0:0:0:0:0:0:5:0:0:0:3:1:0:0:0:0:0:0:0:0:0:0:0:0:0:0:0:0:0:0:7:0:1:1:1:0:0:0:0:2:0:0:0:0:0:0:0:0:0:0:0:0:0:0:0:0:0:0:0:0:0
mtfs-sentinel-dataset-v1,1,952,1380005968,1397770528,435050004,1250000,1,511,0,1,evaluation,359,Release,pseudo-collect-delay-ramp,injected,strong,3,delay,7,200,12000,245,1359218267,359,9,16,9,0,9,0,53372,5930,10,17,10,0,10,0,150260,15026,2,0,2,0,2,0,2,1,0,0,0,0,0,0,0,23,1,0,0,0,0,0,0,0:0:0:0:0:0:0:0:0:0:0:7:0:0:1:1:0:0:0:0:0:0:0:0:0:0:0:0:0:0:0:0:0:0:0:8:0:0:1:1:0:0:0:0:2:0:0:0:0:0:0:0:0:0:0:0:0:0:0:0:0:0:0:0:0:0
mtfs-sentinel-dataset-v1,1,952,1380005968,1397770528,436260004,1210000,1,511,0,1,evaluation,360,Release,pseudo-collect-delay-ramp,injected,strong,3,delay,7,200,12000,247,1359218267,360,9,16,9,0,9,0,49411,5490,10,17,10,0,10,0,118062,11806,2,0,2,0,2,0,2,1,0,0,0,0,0,0,0,23,1,0,0,0,0,0,0,0:0:0:0:0:0:0:0:0:0:0:7:0:0:1:1:0:0:0:0:0:0:0:0:0:0:0:0:0:0:0:0:0:0:0:8:0:1:1:0:0:0:0:0:2:0:0:0:0:0:0:0:0:0:0:0:0:0:0:0:0:0:0:0:0:0
mtfs-sentinel-dataset-v1,1,952,1380005968,1397770528,437470004,1210000,1,511,0,1,evaluation,361,Release,pseudo-collect-delay-ramp,injected,strong,3,delay,7,200,12000,249,1359218267,361,9,16,9,0,9,0,74339,8259,10,17,10,0,10,0,90516,9051,2,0,2,0,2,0,2,1,0,0,0,0,0,0,0,23,1,0,0,0,0,0,0,0:0:0:0:0:0:0:0:0:0:0:7:0:0:0:1:1:0:0:0:0:0:0:0:0:0:0:0:0:0:0:0:0:0:0:9:0:0:1:0:0:0:0:0:2:0:0:0:0:0:0:0:0:0:0:0:0:0:0:0:0:0:0:0:0:0
mtfs-sentinel-dataset-v1,1,952,1380005968,1397770528,438770004,1300000,1,511,0,1,evaluation,362,Release,pseudo-collect-delay-ramp,injected,strong,3,delay,7,200,12000,254,1359218267,362,9,16,9,0,9,0,100833,11203,10,17,10,0,10,0,152618,15261,2,0,2,0,2,0,1,0,0,0,0,0,0,0,0,23,1,0,0,0,0,0,0,0:0:0:0:0:0:0:0:0:0:0:5:0:0:1:3:0:0:0:0:0:0:0:0:0:0:0:0:0:0:0:0:0:0:0:7:0:0:3:0:0:0:0:0:2:0:0:0:0:0:0:0:0:0:0:0:0:0:0:0:0:0:0:0:0:0
mtfs-sentinel-dataset-v1,1,952,1380005968,1397770528,440070004,1300000,1,511,0,1,evaluation,363,Release,pseudo-collect-delay-ramp,injected,strong,3,delay,7,200,12000,259,1359218267,363,9,16,9,0,9,0,51144,5682,10,17,10,0,10,0,198642,19864,2,0,2,0,2,0,2,1,0,0,0,0,0,0,0,23,1,0,0,0,0,0,0,0:0:0:0:0:0:0:0:0:0:0:7:0:0:1:1:0:0:0:0:0:0:0:0:0:0:0:0:0:0:0:0:0:0:0:6:0:3:0:1:0:0:0:0:2:0:0:0:0:0:0:0:0:0:0:0:0:0:0:0:0:0:0:0:0:0
mtfs-sentinel-dataset-v1,1,952,1380005968,1397770528,441360004,1290000,1,511,0,1,evaluation,364,Release,pseudo-collect-delay-ramp,injected,strong,3,delay,7,200,12000,264,1359218267,364,9,16,9,0,9,0,123072,13674,10,17,10,0,10,0,119847,11984,2,0,2,0,2,0,2,1,0,0,0,0,0,0,0,23,1,0,0,0,0,0,0,0:0:0:0:0:0:0:0:0:0:0:5:0:0:0:3:1:0:0:0:0:0:0:0:0:0:0:0:0:0:0:0:0:0:0:8:0:0:2:0:0:0:0:0:2:0:0:0:0:0:0:0:0:0:0:0:0:0:0:0:0:0:0:0:0:0
mtfs-sentinel-dataset-v1,1,952,1380005968,1397770528,442610004,1250000,1,511,0,1,evaluation,365,Release,pseudo-collect-delay-ramp,injected,strong,3,delay,7,200,12000,267,1359218267,365,9,16,9,0,9,0,29337,3259,10,17,10,0,10,0,170535,17053,2,0,2,0,2,0,2,1,0,0,0,0,0,0,0,23,1,0,0,0,0,0,0,0:0:0:0:0:0:0:0:0:0:0:8:0:0:1:0:0:0:0:0:0:0:0:0:0:0:0:0:0:0:0:0:0:0:0:6:0:2:2:0:0:0:0:0:2:0:0:0:0:0:0:0:0:0:0:0:0:0:0:0:0:0:0:0:0:0
mtfs-sentinel-dataset-v1,1,952,1380005968,1397770528,443830004,1220000,1,511,0,1,evaluation,366,Release,pseudo-collect-delay-ramp,injected,strong,3,delay,7,200,12000,269,1359218267,366,9,16,9,0,9,0,77582,8620,10,17,10,0,10,0,95934,9593,2,0,2,0,2,0,2,1,0,0,0,0,0,0,0,23,1,0,0,0,0,0,0,0:0:0:0:0:0:0:0:0:0:0:6:0:0:1:2:0:0:0:0:0:0:0:0:0:0:0:0:0:0:0:0:0:0:0:9:0:0:1:0:0:0:0:0:2:0:0:0:0:0:0:0:0:0:0:0:0:0:0:0:0:0:0:0:0:0
mtfs-sentinel-dataset-v1,1,952,1380005968,1397770528,445120004,1290000,1,511,0,1,evaluation,367,Release,pseudo-collect-delay-ramp,injected,strong,3,delay,7,200,12000,274,1359218267,367,9,16,9,0,9,0,103649,11516,10,17,10,0,10,0,116572,11657,2,0,2,0,2,0,23747,11873,0,0,0,0,0,0,0,23,1,0,0,0,0,0,0,0:0:0:0:0:0:0:0:0:0:0:6:0:0:0:2:1:0:0:0:0:0:0:0:0:0:0:0:0:0:0:0:0:0:0:8:0:1:1:0:0:0:0:0:1:0:0:0:0:0:0:0:0:0:0:0:0:0:0:1:0:0:0:0:0:0
mtfs-sentinel-dataset-v1,1,952,1380005968,1397770528,446380004,1260000,1,511,0,1,evaluation,368,Release,pseudo-collect-delay-ramp,injected,strong,3,delay,7,200,12000,277,1359218267,368,9,16,9,0,9,0,78460,8717,10,17,10,0,10,0,130699,13069,2,0,2,0,2,0,1,0,0,0,0,0,0,0,0,23,1,0,0,0,0,0,0,0:0:0:0:0:0:0:0:0:0:0:6:0:0:1:2:0:0:0:0:0:0:0:0:0:0:0:0:0:0:0:0:0:0:0:9:0:0:0:1:0:0:0:0:2:0:0:0:0:0:0:0:0:0:0:0:0:0:0:0:0:0:0:0:0:0
mtfs-sentinel-dataset-v1,1,952,1380005968,1397770528,447690004,1310000,1,511,0,1,evaluation,369,Release,pseudo-collect-delay-ramp,injected,strong,3,delay,7,200,12000,283,1359218267,369,9,16,9,0,9,0,128578,14286,10,17,10,0,10,0,135241,13524,2,0,2,0,2,0,1,0,0,0,0,0,0,0,0,23,1,0,0,0,0,0,0,0:0:0:0:0:0:0:0:0:0:0:4:0:0:1:4:0:0:0:0:0:0:0:0:0:0:0:0:0:0:0:0:0:0:0:7:0:2:1:0:0:0:0:0:2:0:0:0:0:0:0:0:0:0:0:0:0:0:0:0:0:0:0:0:0:0
mtfs-sentinel-dataset-v1,1,952,1380005968,1397770528,448890004,1200000,1,511,0,1,evaluation,370,Release,pseudo-collect-delay-ramp,injected,strong,3,delay,7,200,12000,284,1359218267,370,9,16,9,0,9,0,53886,5987,10,17,10,0,10,0,95948,9594,2,0,2,0,2,0,1,0,0,0,0,0,0,0,0,23,1,0,0,0,0,0,0,0:0:0:0:0:0:0:0:0:0:0:7:0:0:1:1:0:0:0:0:0:0:0:0:0:0:0:0:0:0:0:0:0:0:0:9:0:0:1:0:0:0:0:0:2:0:0:0:0:0:0:0:0:0:0:0:0:0:0:0:0:0:0:0:0:0
mtfs-sentinel-dataset-v1,1,952,1380005968,1397770528,450160004,1270000,1,511,0,1,evaluation,371,Release,pseudo-collect-delay-ramp,injected,strong,3,delay,7,200,12000,288,1359218267,371,9,16,9,0,9,0,57703,6411,10,17,10,0,10,0,167799,16779,2,0,2,0,2,0,2,1,0,0,0,0,0,0,0,23,1,0,0,0,0,0,0,0:0:0:0:0:0:0:0:0:0:0:7:0:0:1:1:0:0:0:0:0:0:0:0:0:0:0:0:0:0:0:0:0:0:0:6:0:2:2:0:0:0:0:0:2:0:0:0:0:0:0:0:0:0:0:0:0:0:0:0:0:0:0:0:0:0
mtfs-sentinel-dataset-v1,1,952,1380005968,1397770528,451380004,1220000,1,511,0,1,evaluation,372,Release,pseudo-collect-delay-ramp,injected,strong,3,delay,7,200,12000,290,1359218267,372,9,16,9,0,9,0,85920,9546,10,17,10,0,10,0,91625,9162,2,0,2,0,2,0,1,0,0,0,0,0,0,0,0,23,1,0,0,0,0,0,0,0:0:0:0:0:0:0:0:0:0:0:7:0:0:0:1:1:0:0:0:0:0:0:0:0:0:0:0:0:0:0:0:0:0:0:9:0:0:1:0:0:0:0:0:2:0:0:0:0:0:0:0:0:0:0:0:0:0:0:0:0:0:0:0:0:0
mtfs-sentinel-dataset-v1,1,952,1380005968,1397770528,452660004,1280000,1,511,0,1,evaluation,373,Release,pseudo-collect-delay-ramp,injected,strong,3,delay,7,200,12000,295,1359218267,373,9,16,9,0,9,0,72753,8083,10,17,10,0,10,0,162804,16280,2,0,2,0,2,0,2,1,0,0,0,0,0,0,0,23,1,0,0,0,0,0,0,0:0:0:0:0:0:0:0:0:0:0:6:0:0:1:2:0:0:0:0:0:0:0:0:0:0:0:0:0:0:0:0:0:0:0:6:0:2:2:0:0:0:0:0:2:0:0:0:0:0:0:0:0:0:0:0:0:0:0:0:0:0:0:0:0:0
mtfs-sentinel-dataset-v1,1,952,1380005968,1397770528,453880004,1220000,1,511,0,1,evaluation,374,Release,pseudo-collect-delay-ramp,injected,strong,3,delay,7,200,12000,297,1359218267,374,9,16,9,0,9,0,57707,6411,10,17,10,0,10,0,118888,11888,2,0,2,0,2,0,1,0,0,0,0,0,0,0,0,23,1,0,0,0,0,0,0,0:0:0:0:0:0:0:0:0:0:0:8:0:0:0:0:1:0:0:0:0:0:0:0:0:0:0:0:0:0:0:0:0:0:0:8:0:1:1:0:0:0:0:0:2:0:0:0:0:0:0:0:0:0:0:0:0:0:0:0:0:0:0:0:0:0
mtfs-sentinel-dataset-v1,1,952,1380005968,1397770528,455220004,1340000,1,511,0,1,evaluation,375,Release,pseudo-collect-delay-ramp,injected,strong,3,delay,7,200,12000,304,1359218267,375,9,16,9,0,9,0,73450,8161,10,17,10,0,10,0,190482,19048,2,0,2,0,2,0,29862,14931,0,0,0,0,0,0,0,23,1,0,0,0,0,0,0,0:0:0:0:0:0:0:0:0:0:0:6:0:0:1:2:0:0:0:0:0:0:0:0:0:0:0:0:0:0:0:0:0:0:0:5:0:4:1:0:0:0:0:0:1:0:0:0:0:0:0:0:0:0:0:0:0:0:0:1:0:0:0:0:0:0
mtfs-sentinel-dataset-v1,1,952,1380005968,1397770528,456430004,1210000,1,511,0,1,evaluation,376,Release,pseudo-collect-delay-ramp,injected,strong,3,delay,7,200,12000,306,1359218267,376,9,16,9,0,9,0,52404,5822,10,17,10,0,10,0,113406,11340,2,0,2,0,2,0,2,1,0,0,0,0,0,0,0,23,1,0,0,0,0,0,0,0:0:0:0:0:0:0:0:0:0:0:7:0:0:1:1:0:0:0:0:0:0:0:0:0:0:0:0:0:0:0:0:0:0:0:8:0:1:1:0:0:0:0:0:2:0:0:0:0:0:0:0:0:0:0:0:0:0:0:0:0:0:0:0:0:0
mtfs-sentinel-dataset-v1,1,952,1380005968,1397770528,457670004,1240000,1,511,0,1,evaluation,377,Release,pseudo-collect-delay-ramp,injected,strong,3,delay,7,200,12000,309,1359218267,377,9,16,9,0,9,0,103487,11498,10,17,10,0,10,0,90357,9035,2,0,2,0,2,0,0,0,0,0,0,0,0,0,0,23,1,0,0,0,0,0,0,0:0:0:0:0:0:0:0:0:0:0:5:0:0:1:3:0:0:0:0:0:0:0:0:0:0:0:0:0:0:0:0:0:0:0:9:0:0:1:0:0:0:0:0:2:0:0:0:0:0:0:0:0:0:0:0:0:0:0:0:0:0:0:0:0:0
mtfs-sentinel-dataset-v1,1,952,1380005968,1397770528,458870004,1200000,1,511,0,1,evaluation,378,Release,pseudo-collect-delay-ramp,injected,strong,3,delay,7,200,12000,310,1359218267,378,9,16,9,0,9,0,29368,3263,10,17,10,0,10,0,122835,12283,2,0,2,0,2,0,2,1,0,0,0,0,0,0,0,23,1,0,0,0,0,0,0,0:0:0:0:0:0:0:0:0:0:0:8:0:0:1:0:0:0:0:0:0:0:0:0:0:0:0:0:0:0:0:0:0:0:0:8:0:1:1:0:0:0:0:0:2:0:0:0:0:0:0:0:0:0:0:0:0:0:0:0:0:0:0:0:0:0
mtfs-sentinel-dataset-v1,1,952,1380005968,1397770528,460190004,1320000,1,511,0,1,evaluation,379,Release,pseudo-collect-delay-ramp,injected,strong,3,delay,7,200,12000,316,1359218267,379,9,16,9,0,9,0,76883,8542,10,17,10,0,10,0,168807,16880,2,0,2,0,2,0,24317,12158,0,0,0,0,0,0,0,23,1,0,0,0,0,0,0,0:0:0:0:0:0:0:0:0:0:0:6:0:0:1:2:0:0:0:0:0:0:0:0:0:0:0:0:0:0:0:0:0:0:0:7:0:0:3:0:0:0:0:0:1:0:0:0:0:0:0:0:0:0:0:0:0:0:0:1:0:0:0:0:0:0
mtfs-sentinel-dataset-v1,1,952,1380005968,1397770528,461400004,1210000,1,511,0,1,evaluation,380,Release,pseudo-collect-delay-ramp,injected,strong,3,delay,7,200,12000,318,1359218267,380,9,16,9,0,9,0,52437,5826,10,17,10,0,10,0,112957,11295,2,0,2,0,2,0,1,0,0,0,0,0,0,0,0,23,1,0,0,0,0,0,0,0:0:0:0:0:0:0:0:0:0:0:7:0:0:1:1:0:0:0:0:0:0:0:0:0:0:0:0:0:0:0:0:0:0:0:8:0:1:1:0:0:0:0:0:2:0:0:0:0:0:0:0:0:0:0:0:0:0:0:0:0:0:0:0:0:0
mtfs-sentinel-dataset-v1,1,952,1380005968,1397770528,462690004,1290000,1,511,0,1,evaluation,381,Release,pseudo-collect-delay-ramp,injected,strong,3,delay,7,200,12000,323,1359218267,381,9,16,9,0,9,0,77752,8639,10,17,10,0,10,0,170709,17070,2,0,2,0,2,0,2,1,0,0,0,0,0,0,0,23,1,0,0,0,0,0,0,0:0:0:0:0:0:0:0:0:0:0:6:0:0:1:2:0:0:0:0:0:0:0:0:0:0:0:0:0:0:0:0:0:0:0:7:0:1:1:1:0:0:0:0:2:0:0:0:0:0:0:0:0:0:0:0:0:0:0:0:0:0:0:0:0:0
mtfs-sentinel-dataset-v1,1,952,1380005968,1397770528,464000004,1310000,1,511,0,1,evaluation,382,Release,pseudo-collect-delay-ramp,injected,strong,3,delay,7,200,12000,329,1359218267,382,9,16,9,0,9,0,74598,8288,10,17,10,0,10,0,166064,16606,2,0,2,0,2,0,24379,12189,0,0,0,0,0,0,0,23,1,0,0,0,0,0,0,0:0:0:0:0:0:0:0:0:0:0:6:0:0:1:2:0:0:0:0:0:0:0:0:0:0:0:0:0:0:0:0:0:0:0:6:0:3:1:0:0:0:0:0:1:0:0:0:0:0:0:0:0:0:0:0:0:0:0:1:0:0:0:0:0:0
mtfs-sentinel-dataset-v1,1,952,1380005968,1397770528,465330004,1330000,1,511,0,1,evaluation,383,Release,pseudo-collect-delay-ramp,injected,strong,3,delay,7,200,12000,335,1359218267,383,9,16,9,0,9,0,80013,8890,10,17,10,0,10,0,173293,17329,2,0,2,0,2,0,29801,14900,0,0,0,0,0,0,0,23,1,0,0,0,0,0,0,0:0:0:0:0:0:0:0:0:0:0:6:0:0:1:2:0:0:0:0:0:0:0:0:0:0:0:0:0:0:0:0:0:0:0:6:0:1:3:0:0:0:0:0:1:0:0:0:0:0:0:0:0:0:0:0:0:0:0:1:0:0:0:0:0:0
mtfs-sentinel-dataset-v1,1,952,1380005968,1397770528,466590004,1260000,1,511,0,1,evaluation,384,Release,pseudo-collect-delay-ramp,injected,strong,3,delay,7,200,12000,339,1359218267,384,9,16,9,0,9,0,79069,8785,10,17,10,0,10,0,134938,13493,2,0,2,0,2,0,1,0,0,0,0,0,0,0,0,23,1,0,0,0,0,0,0,0:0:0:0:0:0:0:0:0:0:0:6:0:0:1:2:0:0:0:0:0:0:0:0:0:0:0:0:0:0:0:0:0:0:0:7:0:2:1:0:0:0:0:0:2:0:0:0:0:0:0:0:0:0:0:0:0:0:0:0:0:0:0:0:0:0
mtfs-sentinel-dataset-v1,1,952,1380005968,1397770528,467840004,1250000,1,511,0,1,evaluation,385,Release,pseudo-collect-delay-ramp,injected,strong,3,delay,7,200,12000,342,1359218267,385,9,16,9,0,9,0,29323,3258,10,17,10,0,10,0,176213,17621,2,0,2,0,2,0,2,1,0,0,0,0,0,0,0,23,1,0,0,0,0,0,0,0:0:0:0:0:0:0:0:0:0:0:8:0:0:1:0:0:0:0:0:0:0:0:0:0:0:0:0:0:0:0:0:0:0:0:7:0:0:2:1:0:0:0:0:2:0:0:0:0:0:0:0:0:0:0:0:0:0:0:0:0:0:0:0:0:0
mtfs-sentinel-dataset-v1,1,952,1380005968,1397770528,469090004,1250000,1,511,0,1,evaluation,386,Release,pseudo-collect-delay-ramp,injected,strong,3,delay,7,200,12000,345,1359218267,386,9,16,9,0,9,0,79966,8885,10,17,10,0,10,0,120040,12004,2,0,2,0,2,0,2,1,0,0,0,0,0,0,0,23,1,0,0,0,0,0,0,0:0:0:0:0:0:0:0:0:0:0:6:0:0:1:2:0:0:0:0:0:0:0:0:0:0:0:0:0:0:0:0:0:0:0:8:0:1:1:0:0:0:0:0:2:0:0:0:0:0:0:0:0:0:0:0:0:0:0:0:0:0:0:0:0:0
mtfs-sentinel-dataset-v1,1,952,1380005968,1397770528,470330004,1240000,1,511,0,1,evaluation,387,Release,pseudo-collect-delay-ramp,injected,strong,3,delay,7,200,12000,348,1359218267,387,9,16,9,0,9,0,53417,5935,10,17,10,0,10,0,136519,13651,2,0,2,0,2,0,1,0,0,0,0,0,0,0,0,23,1,0,0,0,0,0,0,0:0:0:0:0:0:0:0:0:0:0:7:0:0:1:1:0:0:0:0:0:0:0:0:0:0:0:0:0:0:0:0:0:0:0:7:0:2:1:0:0:0:0:0:2:0:0:0:0:0:0:0:0:0:0:0:0:0:0:0:0:0:0:0:0:0
mtfs-sentinel-dataset-v1,1,952,1380005968,1397770528,471590004,1260000,1,511,0,1,evaluation,388,Release,pseudo-collect-delay-ramp,injected,strong,3,delay,7,200,12000,352,1359218267,388,9,16,9,0,9,0,101779,11308,10,17,10,0,10,0,112046,11204,2,0,2,0,2,0,2,1,0,0,0,0,0,0,0,23,1,0,0,0,0,0,0,0:0:0:0:0:0:0:0:0:0:0:6:0:0:0:2:1:0:0:0:0:0:0:0:0:0:0:0:0:0:0:0:0:0:0:8:0:1:1:0:0:0:0:0:2:0:0:0:0:0:0:0:0:0:0:0:0:0:0:0:0:0:0:0:0:0
mtfs-sentinel-dataset-v1,1,952,1380005968,1397770528,472810004,1220000,1,511,0,1,evaluation,389,Release,pseudo-collect-delay-ramp,injected,strong,3,delay,7,200,12000,354,1359218267,389,9,16,9,0,9,0,29121,3235,10,17,10,0,10,0,140639,14063,2,0,2,0,2,0,2,1,0,0,0,0,0,0,0,23,1,0,0,0,0,0,0,0:0:0:0:0:0:0:0:0:0:0:8:0:0:1:0:0:0:0:0:0:0:0:0:0:0:0:0:0:0:0:0:0:0:0:7:0:2:1:0:0:0:0:0:2:0:0:0:0:0:0:0:0:0:0:0:0:0:0:0:0:0:0:0:0:0
mtfs-sentinel-dataset-v1,1,952,1380005968,1397770528,474050004,1240000,1,511,0,1,evaluation,390,Release,pseudo-collect-delay-ramp,injected,strong,3,delay,7,200,12000,357,1359218267,390,9,16,9,0,9,0,69915,7768,10,17,10,0,10,0,96481,9648,2,0,2,0,2,0,27394,13697,0,0,0,0,0,0,0,23,1,0,0,0,0,0,0,0:0:0:0:0:0:0:0:0:0:0:6:0:0:1:2:0:0:0:0:0:0:0:0:0:0:0:0:0:0:0:0:0:0:0:9:0:0:1:0:0:0:0:0:1:0:0:0:0:0:0:0:0:0:0:0:0:0:0:1:0:0:0:0:0:0
mtfs-sentinel-dataset-v1,1,952,1380005968,1397770528,475300004,1250000,1,511,0,1,evaluation,391,Release,pseudo-collect-delay-ramp,injected,strong,3,delay,7,200,12000,360,1359218267,391,9,16,9,0,9,0,86460,9606,10,17,10,0,10,0,92792,9279,2,0,2,0,2,0,26629,13314,0,0,0,0,0,0,0,23,1,0,0,0,0,0,0,0:0:0:0:0:0:0:0:0:0:0:6:0:0:1:2:0:0:0:0:0:0:0:0:0:0:0:0:0:0:0:0:0:0:0:9:0:0:1:0:0:0:0:0:1:0:0:0:0:0:0:0:0:0:0:0:0:0:0:1:0:0:0:0:0:0
mtfs-sentinel-dataset-v1,1,952,1380005968,1397770528,476600004,1300000,1,511,0,1,evaluation,392,Release,pseudo-collect-delay-ramp,injected,strong,3,delay,7,200,12000,365,1359218267,392,9,16,9,0,9,0,101587,11287,10,17,10,0,10,0,148851,14885,2,0,2,0,2,0,1,0,0,0,0,0,0,0,0,23,1,0,0,0,0,0,0,0:0:0:0:0:0:0:0:0:0:0:5:0:0:1:3:0:0:0:0:0:0:0:0:0:0:0:0:0:0:0:0:0:0:0:7:0:0:3:0:0:0:0:0:2:0:0:0:0:0:0:0:0:0:0:0:0:0:0:0:0:0:0:0:0:0
mtfs-sentinel-dataset-v1,1,952,1380005968,1397770528,477810004,1210000,1,511,0,1,evaluation,393,Release,pseudo-collect-delay-ramp,injected,strong,3,delay,7,200,12000,367,1359218267,393,9,16,9,0,9,0,76495,8499,10,17,10,0,10,0,90670,9067,2,0,2,0,2,0,1,0,0,0,0,0,0,0,0,23,1,0,0,0,0,0,0,0:0:0:0:0:0:0:0:0:0:0:6:0:0:1:2:0:0:0:0:0:0:0:0:0:0:0:0:0:0:0:0:0:0:0:9:0:0:1:0:0:0:0:0:2:0:0:0:0:0:0:0:0:0:0:0:0:0:0:0:0:0:0:0:0:0
mtfs-sentinel-dataset-v1,1,952,1380005968,1397770528,479020004,1210000,1,511,0,1,evaluation,394,Release,pseudo-collect-delay-ramp,injected,strong,3,delay,7,200,12000,369,1359218267,394,9,16,9,0,9,0,70289,7809,10,17,10,0,10,0,96353,9635,2,0,2,0,2,0,1,0,0,0,0,0,0,0,0,23,1,0,0,0,0,0,0,0:0:0:0:0:0:0:0:0:0:0:6:0:0:1:2:0:0:0:0:0:0:0:0:0:0:0:0:0:0:0:0:0:0:0:9:0:0:1:0:0:0:0:0:2:0:0:0:0:0:0:0:0:0:0:0:0:0:0:0:0:0:0:0:0:0
mtfs-sentinel-dataset-v1,1,952,1380005968,1397770528,480220004,1200000,1,511,0,1,evaluation,395,Release,pseudo-collect-delay-ramp,injected,strong,3,delay,7,200,12000,370,1359218267,395,9,16,9,0,9,0,29369,3263,10,17,10,0,10,0,120802,12080,2,0,2,0,2,0,2,1,0,0,0,0,0,0,0,23,1,0,0,0,0,0,0,0:0:0:0:0:0:0:0:0:0:0:8:0:0:1:0:0:0:0:0:0:0:0:0:0:0:0:0:0:0:0:0:0:0:0:8:0:0:2:0:0:0:0:0:2:0:0:0:0:0:0:0:0:0:0:0:0:0:0:0:0:0:0:0:0:0
mtfs-sentinel-dataset-v1,1,952,1380005968,1397770528,481520004,1300000,1,511,0,1,evaluation,396,Release,pseudo-collect-delay-ramp,injected,strong,3,delay,7,200,12000,375,1359218267,396,9,16,9,0,9,0,80604,8956,10,17,10,0,10,0,169443,16944,2,0,2,0,2,0,2,1,0,0,0,0,0,0,0,23,1,0,0,0,0,0,0,0:0:0:0:0:0:0:0:0:0:0:7:0:0:0:1:1:0:0:0:0:0:0:0:0:0:0:0:0:0:0:0:0:0:0:7:0:2:0:1:0:0:0:0:2:0:0:0:0:0:0:0:0:0:0:0:0:0:0:0:0:0:0:0:0:0
mtfs-sentinel-dataset-v1,1,952,1380005968,1397770528,482750004,1230000,1,511,0,1,evaluation,397,Release,pseudo-collect-delay-ramp,injected,strong,3,delay,7,200,12000,378,1359218267,397,9,16,9,0,9,0,49309,5478,10,17,10,0,10,0,110579,11057,2,0,2,0,2,0,23909,11954,0,0,0,0,0,0,0,23,1,0,0,0,0,0,0,0:0:0:0:0:0:0:0:0:0:0:7:0:0:1:1:0:0:0:0:0:0:0:0:0:0:0:0:0:0:0:0:0:0:0:8:0:1:1:0:0:0:0:0:1:0:0:0:0:0:0:0:0:0:0:0:0:0:0:1:0:0:0:0:0:0
mtfs-sentinel-dataset-v1,1,952,1380005968,1397770528,484150004,1400000,1,511,0,1,evaluation,398,Release,pseudo-collect-delay-ramp,injected,strong,3,delay,7,200,12000,387,1359218267,398,9,16,9,0,9,0,105428,11714,10,17,10,0,10,0,223868,22386,2,0,2,0,2,0,23805,11902,0,0,0,0,0,0,0,23,1,0,0,0,0,0,0,0:0:0:0:0:0:0:0:0:0:0:5:0:0:1:3:0:0:0:0:0:0:0:0:0:0:0:0:0:0:0:0:0:0:0:4:0:3:3:0:0:0:0:0:1:0:0:0:0:0:0:0:0:0:0:0:0:0:0:1:0:0:0:0:0:0
mtfs-sentinel-dataset-v1,1,952,1380005968,1397770528,485360004,1210000,1,511,0,1,evaluation,399,Release,pseudo-collect-delay-ramp,injected,strong,3,delay,7,200,12000,388,1359218267,399,9,16,9,0,9,0,56626,6291,10,17,10,0,10,0,101973,10197,2,0,2,0,2,0,2,1,0,0,0,0,0,0,0,23,1,0,0,0,0,0,0,0:0:0:0:0:0:0:0:0:0:0:7:0:0:1:1:0:0:0:0:0:0:0:0:0:0:0:0:0:0:0:0:0:0:0:9:0:0:1:0:0:0:0:0:2:0:0:0:0:0:0:0:0:0:0:0:0:0:0:0:0:0:0:0:0:0
mtfs-sentinel-dataset-v1,1,952,1380005968,1397770528,486630004,1270000,1,511,0,1,evaluation,400,Release,pseudo-collect-delay-ramp,injected,strong,3,delay,7,200,12000,392,1359218267,400,9,16,9,0,9,0,80177,8908,10,17,10,0,10,0,141064,14106,2,0,2,0,2,0,1,0,0,0,0,0,0,0,0,23,1,0,0,0,0,0,0,0:0:0:0:0:0:0:0:0:0:0:7:0:0:0:1:1:0:0:0:0:0:0:0:0:0:0:0:0:0:0:0:0:0:0:8:0:1:1:0:0:0:0:0:2:0:0:0:0:0:0:0:0:0:0:0:0:0:0:0:0:0:0:0:0:0
mtfs-sentinel-dataset-v1,1,952,1380005968,1397770528,487800004,1170000,1,511,0,1,evaluation,401,Release,pseudo-collect-delay-ramp,injected,recovery,0,none,0,0,0,0,1360586428,401,9,16,9,0,9,0,29275,3252,10,17,10,0,10,0,90304,9030,2,0,2,0,2,0,2,1,0,0,0,0,0,0,0,23,1,0,0,0,0,0,0,0:0:0:0:0:0:0:0:0:0:0:8:0:0:1:0:0:0:0:0:0:0:0:0:0:0:0:0:0:0:0:0:0:0:0:9:0:0:1:0:0:0:0:0:2:0:0:0:0:0:0:0:0:0:0:0:0:0:0:0:0:0:0:0:0:0
mtfs-sentinel-dataset-v1,1,952,1380005968,1397770528,488970004,1170000,1,511,0,1,evaluation,402,Release,pseudo-collect-delay-ramp,injected,recovery,0,none,0,0,0,0,1360586428,402,9,16,9,0,9,0,29360,3262,10,17,10,0,10,0,96226,9622,2,0,2,0,2,0,2,1,0,0,0,0,0,0,0,23,1,0,0,0,0,0,0,0:0:0:0:0:0:0:0:0:0:0:8:0:0:1:0:0:0:0:0:0:0:0:0:0:0:0:0:0:0:0:0:0:0:0:9:0:0:1:0:0:0:0:0:2:0:0:0:0:0:0:0:0:0:0:0:0:0:0:0:0:0:0:0:0:0
mtfs-sentinel-dataset-v1,1,952,1380005968,1397770528,490140004,1170000,1,511,0,1,evaluation,403,Release,pseudo-collect-delay-ramp,injected,recovery,0,none,0,0,0,0,1360586428,403,9,16,9,0,9,0,29438,3270,10,17,10,0,10,0,92635,9263,2,0,2,0,2,0,1,0,0,0,0,0,0,0,0,23,1,0,0,0,0,0,0,0:0:0:0:0:0:0:0:0:0:0:8:0:0:1:0:0:0:0:0:0:0:0:0:0:0:0:0:0:0:0:0:0:0:0:9:0:0:1:0:0:0:0:0:2:0:0:0:0:0:0:0:0:0:0:0:0:0:0:0:0:0:0:0:0:0
mtfs-sentinel-dataset-v1,1,952,1380005968,1397770528,491310004,1170000,1,511,0,1,evaluation,404,Release,pseudo-collect-delay-ramp,injected,recovery,0,none,0,0,0,0,1360586428,404,9,16,9,0,9,0,29252,3250,10,17,10,0,10,0,91393,9139,2,0,2,0,2,0,2,1,0,0,0,0,0,0,0,23,1,0,0,0,0,0,0,0:0:0:0:0:0:0:0:0:0:0:8:0:0:1:0:0:0:0:0:0:0:0:0:0:0:0:0:0:0:0:0:0:0:0:9:0:0:1:0:0:0:0:0:2:0:0:0:0:0:0:0:0:0:0:0:0:0:0:0:0:0:0:0:0:0
mtfs-sentinel-dataset-v1,1,952,1380005968,1397770528,492470004,1160000,1,511,0,1,evaluation,405,Release,pseudo-collect-delay-ramp,injected,recovery,0,none,0,0,0,0,1360586428,405,9,16,9,0,9,0,29392,3265,10,17,10,0,10,0,89983,8998,2,0,2,0,2,0,2,1,0,0,0,0,0,0,0,23,1,0,0,0,0,0,0,0:0:0:0:0:0:0:0:0:0:0:8:0:0:1:0:0:0:0:0:0:0:0:0:0:0:0:0:0:0:0:0:0:0:0:9:0:0:1:0:0:0:0:0:2:0:0:0:0:0:0:0:0:0:0:0:0:0:0:0:0:0:0:0:0:0
mtfs-sentinel-dataset-v1,1,952,1380005968,1397770528,493640004,1170000,1,511,0,1,evaluation,406,Release,pseudo-collect-delay-ramp,injected,recovery,0,none,0,0,0,0,1360586428,406,9,16,9,0,9,0,29391,3265,10,17,10,0,10,0,95875,9587,2,0,2,0,2,0,2,1,0,0,0,0,0,0,0,23,1,0,0,0,0,0,0,0:0:0:0:0:0:0:0:0:0:0:8:0:0:1:0:0:0:0:0:0:0:0:0:0:0:0:0:0:0:0:0:0:0:0:9:0:0:1:0:0:0:0:0:2:0:0:0:0:0:0:0:0:0:0:0:0:0:0:0:0:0:0:0:0:0
mtfs-sentinel-dataset-v1,1,952,1380005968,1397770528,494810004,1170000,1,511,0,1,evaluation,407,Release,pseudo-collect-delay-ramp,injected,recovery,0,none,0,0,0,0,1360586428,407,9,16,9,0,9,0,29358,3262,10,17,10,0,10,0,92905,9290,2,0,2,0,2,0,1,0,0,0,0,0,0,0,0,23,1,0,0,0,0,0,0,0:0:0:0:0:0:0:0:0:0:0:8:0:0:1:0:0:0:0:0:0:0:0:0:0:0:0:0:0:0:0:0:0:0:0:9:0:0:1:0:0:0:0:0:2:0:0:0:0:0:0:0:0:0:0:0:0:0:0:0:0:0:0:0:0:0
mtfs-sentinel-dataset-v1,1,952,1380005968,1397770528,495980004,1170000,1,511,0,1,evaluation,408,Release,pseudo-collect-delay-ramp,injected,recovery,0,none,0,0,0,0,1360586428,408,9,16,9,0,9,0,29286,3254,10,17,10,0,10,0,91571,9157,2,0,2,0,2,0,1,0,0,0,0,0,0,0,0,23,1,0,0,0,0,0,0,0:0:0:0:0:0:0:0:0:0:0:8:0:0:1:0:0:0:0:0:0:0:0:0:0:0:0:0:0:0:0:0:0:0:0:9:0:0:1:0:0:0:0:0:2:0:0:0:0:0:0:0:0:0:0:0:0:0:0:0:0:0:0:0:0:0
mtfs-sentinel-dataset-v1,1,952,1380005968,1397770528,497140004,1160000,1,511,0,1,evaluation,409,Release,pseudo-collect-delay-ramp,injected,recovery,0,none,0,0,0,0,1360586428,409,9,16,9,0,9,0,29367,3263,10,17,10,0,10,0,90021,9002,2,0,2,0,2,0,1,0,0,0,0,0,0,0,0,23,1,0,0,0,0,0,0,0:0:0:0:0:0:0:0:0:0:0:8:0:0:1:0:0:0:0:0:0:0:0:0:0:0:0:0:0:0:0:0:0:0:0:9:0:0:1:0:0:0:0:0:2:0:0:0:0:0:0:0:0:0:0:0:0:0:0:0:0:0:0:0:0:0
mtfs-sentinel-dataset-v1,1,952,1380005968,1397770528,498310004,1170000,1,511,0,1,evaluation,410,Release,pseudo-collect-delay-ramp,injected,recovery,0,none,0,0,0,0,1360586428,410,9,16,9,0,9,0,29378,3264,10,17,10,0,10,0,95728,9572,2,0,2,0,2,0,2,1,0,0,0,0,0,0,0,23,1,0,0,0,0,0,0,0:0:0:0:0:0:0:0:0:0:0:8:0:0:1:0:0:0:0:0:0:0:0:0:0:0:0:0:0:0:0:0:0:0:0:9:0:0:1:0:0:0:0:0:2:0:0:0:0:0:0:0:0:0:0:0:0:0:0:0:0:0:0:0:0:0
mtfs-sentinel-dataset-v1,1,952,1380005968,1397770528,499480004,1170000,1,511,0,1,evaluation,411,Release,pseudo-collect-delay-ramp,injected,recovery,0,none,0,0,0,0,1360586428,411,9,16,9,0,9,0,29365,3262,10,17,10,0,10,0,92569,9256,2,0,2,0,2,0,1,0,0,0,0,0,0,0,0,23,1,0,0,0,0,0,0,0:0:0:0:0:0:0:0:0:0:0:8:0:0:1:0:0:0:0:0:0:0:0:0:0:0:0:0:0:0:0:0:0:0:0:9:0:0:1:0:0:0:0:0:2:0:0:0:0:0:0:0:0:0:0:0:0:0:0:0:0:0:0:0:0:0
mtfs-sentinel-dataset-v1,1,952,1380005968,1397770528,500640004,1160000,1,511,0,1,evaluation,412,Release,pseudo-collect-delay-ramp,injected,recovery,0,none,0,0,0,0,1360586428,412,9,16,9,0,9,0,29179,3242,10,17,10,0,10,0,88849,8884,2,0,2,0,2,0,2,1,0,0,0,0,0,0,0,23,1,0,0,0,0,0,0,0:0:0:0:0:0:0:0:0:0:0:8:0:0:1:0:0:0:0:0:0:0:0:0:0:0:0:0:0:0:0:0:0:0:0:9:0:0:1:0:0:0:0:0:2:0:0:0:0:0:0:0:0:0:0:0:0:0:0:0:0:0:0:0:0:0
mtfs-sentinel-dataset-v1,1,952,1380005968,1397770528,501830004,1190000,1,511,0,1,evaluation,413,Release,pseudo-collect-delay-ramp,injected,recovery,0,none,0,0,0,0,1360586428,413,9,16,9,0,9,0,29186,3242,10,17,10,0,10,0,116589,11658,2,0,2,0,2,0,2,1,0,0,0,0,0,0,0,23,1,0,0,0,0,0,0,0:0:0:0:0:0:0:0:0:0:0:8:0:0:1:0:0:0:0:0:0:0:0:0:0:0:0:0:0:0:0:0:0:0:0:7:1:1:1:0:0:0:0:0:2:0:0:0:0:0:0:0:0:0:0:0:0:0:0:0:0:0:0:0:0:0
mtfs-sentinel-dataset-v1,1,952,1380005968,1397770528,503000004,1170000,1,511,0,1,evaluation,414,Release,pseudo-collect-delay-ramp,injected,recovery,0,none,0,0,0,0,1360586428,414,9,16,9,0,9,0,29320,3257,10,17,10,0,10,0,96298,9629,2,0,2,0,2,0,2,1,0,0,0,0,0,0,0,23,1,0,0,0,0,0,0,0:0:0:0:0:0:0:0:0:0:0:8:0:0:1:0:0:0:0:0:0:0:0:0:0:0:0:0:0:0:0:0:0:0:0:9:0:0:1:0:0:0:0:0:2:0:0:0:0:0:0:0:0:0:0:0:0:0:0:0:0:0:0:0:0:0
mtfs-sentinel-dataset-v1,1,952,1380005968,1397770528,504170004,1170000,1,511,0,1,evaluation,415,Release,pseudo-collect-delay-ramp,injected,recovery,0,none,0,0,0,0,1360586428,415,9,16,9,0,9,0,29353,3261,10,17,10,0,10,0,92421,9242,2,0,2,0,2,0,2,1,0,0,0,0,0,0,0,23,1,0,0,0,0,0,0,0:0:0:0:0:0:0:0:0:0:0:8:0:0:1:0:0:0:0:0:0:0:0:0:0:0:0:0:0:0:0:0:0:0:0:9:0:0:1:0:0:0:0:0:2:0:0:0:0:0:0:0:0:0:0:0:0:0:0:0:0:0:0:0:0:0
mtfs-sentinel-dataset-v1,1,952,1380005968,1397770528,505330004,1160000,1,511,0,1,evaluation,416,Release,pseudo-collect-delay-ramp,injected,recovery,0,none,0,0,0,0,1360586428,416,9,16,9,0,9,0,28972,3219,10,17,10,0,10,0,90540,9054,2,0,2,0,2,0,2,1,0,0,0,0,0,0,0,23,1,0,0,0,0,0,0,0:0:0:0:0:0:0:0:0:0:0:8:0:0:1:0:0:0:0:0:0:0:0:0:0:0:0:0:0:0:0:0:0:0:0:9:0:0:1:0:0:0:0:0:2:0:0:0:0:0:0:0:0:0:0:0:0:0:0:0:0:0:0:0:0:0
mtfs-sentinel-dataset-v1,1,952,1380005968,1397770528,507150004,1820000,1,511,0,1,evaluation,417,Release,pseudo-collect-delay-ramp,injected,recovery,0,none,0,0,0,0,1360586428,417,9,16,9,0,9,0,29519,3279,10,17,10,0,10,0,746333,74633,2,0,2,0,2,0,2,1,0,0,0,0,0,0,0,23,1,0,0,0,0,0,0,0:0:0:0:0:0:0:0:0:0:0:8:0:0:1:0:0:0:0:0:0:0:0:0:0:0:0:0:0:0:0:0:0:0:0:1:0:0:8:0:1:0:0:0:2:0:0:0:0:0:0:0:0:0:0:0:0:0:0:0:0:0:0:0:0:0
mtfs-sentinel-dataset-v1,1,952,1380005968,1397770528,508390004,1240000,1,511,0,1,evaluation,418,Release,pseudo-collect-delay-ramp,injected,recovery,0,none,0,0,0,0,1360586428,418,9,16,9,0,9,0,29393,3265,10,17,10,0,10,0,164035,16403,2,0,2,0,2,0,2,1,0,0,0,0,0,0,0,23,1,0,0,0,0,0,0,0:0:0:0:0:0:0:0:0:0:0:8:0:0:1:0:0:0:0:0:0:0:0:0:0:0:0:0:0:0:0:0:0:0:0:8:0:0:2:0:0:0:0:0:2:0:0:0:0:0:0:0:0:0:0:0:0:0:0:0:0:0:0:0:0:0
mtfs-sentinel-dataset-v1,1,952,1380005968,1397770528,509560004,1170000,1,511,0,1,evaluation,419,Release,pseudo-collect-delay-ramp,injected,recovery,0,none,0,0,0,0,1360586428,419,9,16,9,0,9,0,29450,3272,10,17,10,0,10,0,93520,9352,2,0,2,0,2,0,1,0,0,0,0,0,0,0,0,23,1,0,0,0,0,0,0,0:0:0:0:0:0:0:0:0:0:0:8:0:0:1:0:0:0:0:0:0:0:0:0:0:0:0:0:0:0:0:0:0:0:0:9:0:0:1:0:0:0:0:0:2:0:0:0:0:0:0:0:0:0:0:0:0:0:0:0:0:0:0:0:0:0
mtfs-sentinel-dataset-v1,1,952,1380005968,1397770528,510730004,1170000,1,511,0,1,evaluation,420,Release,pseudo-collect-delay-ramp,injected,recovery,0,none,0,0,0,0,1360586428,420,9,16,9,0,9,0,29291,3254,10,17,10,0,10,0,92419,9241,2,0,2,0,2,0,2,1,0,0,0,0,0,0,0,23,1,0,0,0,0,0,0,0:0:0:0:0:0:0:0:0:0:0:8:0:0:1:0:0:0:0:0:0:0:0:0:0:0:0:0:0:0:0:0:0:0:0:9:0:0:1:0:0:0:0:0:2:0:0:0:0:0:0:0:0:0:0:0:0:0:0:0:0:0:0:0:0:0
mtfs-sentinel-dataset-v1,1,952,1380005968,1397770528,511900004,1170000,1,511,0,1,evaluation,421,Release,pseudo-collect-delay-ramp,injected,recovery,0,none,0,0,0,0,1360586428,421,9,16,9,0,9,0,29369,3263,10,17,10,0,10,0,92296,9229,2,0,2,0,2,0,2,1,0,0,0,0,0,0,0,23,1,0,0,0,0,0,0,0:0:0:0:0:0:0:0:0:0:0:8:0:0:1:0:0:0:0:0:0:0:0:0:0:0:0:0:0:0:0:0:0:0:0:9:0:0:1:0:0:0:0:0:2:0:0:0:0:0:0:0:0:0:0:0:0:0:0:0:0:0:0:0:0:0
mtfs-sentinel-dataset-v1,1,952,1380005968,1397770528,513070004,1170000,1,511,0,1,evaluation,422,Release,pseudo-collect-delay-ramp,injected,recovery,0,none,0,0,0,0,1360586428,422,9,16,9,0,9,0,29419,3268,10,17,10,0,10,0,95714,9571,2,0,2,0,2,0,1,0,0,0,0,0,0,0,0,23,1,0,0,0,0,0,0,0:0:0:0:0:0:0:0:0:0:0:8:0:0:1:0:0:0:0:0:0:0:0:0:0:0:0:0:0:0:0:0:0:0:0:9:0:0:1:0:0:0:0:0:2:0:0:0:0:0:0:0:0:0:0:0:0:0:0:0:0:0:0:0:0:0
mtfs-sentinel-dataset-v1,1,952,1380005968,1397770528,514230004,1160000,1,511,0,1,evaluation,423,Release,pseudo-collect-delay-ramp,injected,recovery,0,none,0,0,0,0,1360586428,423,9,16,9,0,9,0,29320,3257,10,17,10,0,10,0,90463,9046,2,0,2,0,2,0,1,0,0,0,0,0,0,0,0,23,1,0,0,0,0,0,0,0:0:0:0:0:0:0:0:0:0:0:8:0:0:1:0:0:0:0:0:0:0:0:0:0:0:0:0:0:0:0:0:0:0:0:9:0:0:1:0:0:0:0:0:2:0:0:0:0:0:0:0:0:0:0:0:0:0:0:0:0:0:0:0:0:0
mtfs-sentinel-dataset-v1,1,952,1380005968,1397770528,515400004,1170000,1,511,0,1,evaluation,424,Release,pseudo-collect-delay-ramp,injected,recovery,0,none,0,0,0,0,1360586428,424,9,16,9,0,9,0,29245,3249,10,17,10,0,10,0,92434,9243,2,0,2,0,2,0,2,1,0,0,0,0,0,0,0,23,1,0,0,0,0,0,0,0:0:0:0:0:0:0:0:0:0:0:8:0:0:1:0:0:0:0:0:0:0:0:0:0:0:0:0:0:0:0:0:0:0:0:9:0:0:1:0:0:0:0:0:2:0:0:0:0:0:0:0:0:0:0:0:0:0:0:0:0:0:0:0:0:0
mtfs-sentinel-dataset-v1,1,952,1380005968,1397770528,516570004,1170000,1,511,0,1,evaluation,425,Release,pseudo-collect-delay-ramp,injected,recovery,0,none,0,0,0,0,1360586428,425,9,16,9,0,9,0,29335,3259,10,17,10,0,10,0,93022,9302,2,0,2,0,2,0,2,1,0,0,0,0,0,0,0,23,1,0,0,0,0,0,0,0:0:0:0:0:0:0:0:0:0:0:8:0:0:1:0:0:0:0:0:0:0:0:0:0:0:0:0:0:0:0:0:0:0:0:9:0:0:1:0:0:0:0:0:2:0:0:0:0:0:0:0:0:0:0:0:0:0:0:0:0:0:0:0:0:0
mtfs-sentinel-dataset-v1,1,952,1380005968,1397770528,517740004,1170000,1,511,0,1,evaluation,426,Release,pseudo-collect-delay-ramp,injected,recovery,0,none,0,0,0,0,1360586428,426,9,16,9,0,9,0,29396,3266,10,17,10,0,10,0,95570,9557,2,0,2,0,2,0,1,0,0,0,0,0,0,0,0,23,1,0,0,0,0,0,0,0:0:0:0:0:0:0:0:0:0:0:8:0:0:1:0:0:0:0:0:0:0:0:0:0:0:0:0:0:0:0:0:0:0:0:9:0:0:1:0:0:0:0:0:2:0:0:0:0:0:0:0:0:0:0:0:0:0:0:0:0:0:0:0:0:0
mtfs-sentinel-dataset-v1,1,952,1380005968,1397770528,518900004,1160000,1,511,0,1,evaluation,427,Release,pseudo-collect-delay-ramp,injected,recovery,0,none,0,0,0,0,1360586428,427,9,16,9,0,9,0,29386,3265,10,17,10,0,10,0,90313,9031,2,0,2,0,2,0,2,1,0,0,0,0,0,0,0,23,1,0,0,0,0,0,0,0:0:0:0:0:0:0:0:0:0:0:8:0:0:1:0:0:0:0:0:0:0:0:0:0:0:0:0:0:0:0:0:0:0:0:9:0:0:1:0:0:0:0:0:2:0:0:0:0:0:0:0:0:0:0:0:0:0:0:0:0:0:0:0:0:0
mtfs-sentinel-dataset-v1,1,952,1380005968,1397770528,520070004,1170000,1,511,0,1,evaluation,428,Release,pseudo-collect-delay-ramp,injected,recovery,0,none,0,0,0,0,1360586428,428,9,16,9,0,9,0,29266,3251,10,17,10,0,10,0,92922,9292,2,0,2,0,2,0,1,0,0,0,0,0,0,0,0,23,1,0,0,0,0,0,0,0:0:0:0:0:0:0:0:0:0:0:8:0:0:1:0:0:0:0:0:0:0:0:0:0:0:0:0:0:0:0:0:0:0:0:9:0:0:1:0:0:0:0:0:2:0:0:0:0:0:0:0:0:0:0:0:0:0:0:0:0:0:0:0:0:0
mtfs-sentinel-dataset-v1,1,952,1380005968,1397770528,521250004,1180000,1,511,0,1,evaluation,429,Release,pseudo-collect-delay-ramp,injected,recovery,0,none,0,0,0,0,1360586428,429,9,16,9,0,9,0,29286,3254,10,17,10,0,10,0,101406,10140,2,0,2,0,2,0,2,1,0,0,0,0,0,0,0,23,1,0,0,0,0,0,0,0:0:0:0:0:0:0:0:0:0:0:8:0:0:1:0:0:0:0:0:0:0:0:0:0:0:0:0:0:0:0:0:0:0:0:9:0:0:1:0:0:0:0:0:2:0:0:0:0:0:0:0:0:0:0:0:0:0:0:0:0:0:0:0:0:0
mtfs-sentinel-dataset-v1,1,952,1380005968,1397770528,522420004,1170000,1,511,0,1,evaluation,430,Release,pseudo-collect-delay-ramp,injected,recovery,0,none,0,0,0,0,1360586428,430,9,16,9,0,9,0,29275,3252,10,17,10,0,10,0,95592,9559,2,0,2,0,2,0,2,1,0,0,0,0,0,0,0,23,1,0,0,0,0,0,0,0:0:0:0:0:0:0:0:0:0:0:8:0:0:1:0:0:0:0:0:0:0:0:0:0:0:0:0:0:0:0:0:0:0:0:9:0:0:1:0:0:0:0:0:2:0:0:0:0:0:0:0:0:0:0:0:0:0:0:0:0:0:0:0:0:0
mtfs-sentinel-dataset-v1,1,952,1380005968,1397770528,523580004,1160000,1,511,0,1,evaluation,431,Release,pseudo-collect-delay-ramp,injected,recovery,0,none,0,0,0,0,1360586428,431,9,16,9,0,9,0,29284,3253,10,17,10,0,10,0,90128,9012,2,0,2,0,2,0,2,1,0,0,0,0,0,0,0,23,1,0,0,0,0,0,0,0:0:0:0:0:0:0:0:0:0:0:8:0:0:1:0:0:0:0:0:0:0:0:0:0:0:0:0:0:0:0:0:0:0:0:9:0:0:1:0:0:0:0:0:2:0:0:0:0:0:0:0:0:0:0:0:0:0:0:0:0:0:0:0:0:0
mtfs-sentinel-dataset-v1,1,952,1380005968,1397770528,524750004,1170000,1,511,0,1,evaluation,432,Release,pseudo-collect-delay-ramp,injected,recovery,0,none,0,0,0,0,1360586428,432,9,16,9,0,9,0,29299,3255,10,17,10,0,10,0,92522,9252,2,0,2,0,2,0,2,1,0,0,0,0,0,0,0,23,1,0,0,0,0,0,0,0:0:0:0:0:0:0:0:0:0:0:8:0:0:1:0:0:0:0:0:0:0:0:0:0:0:0:0:0:0:0:0:0:0:0:9:0:0:1:0:0:0:0:0:2:0:0:0:0:0:0:0:0:0:0:0:0:0:0:0:0:0:0:0:0:0
mtfs-sentinel-dataset-v1,1,952,1380005968,1397770528,525920004,1170000,1,511,0,1,evaluation,433,Release,pseudo-collect-delay-ramp,injected,recovery,0,none,0,0,0,0,1360586428,433,9,16,9,0,9,0,29396,3266,10,17,10,0,10,0,92484,9248,2,0,2,0,2,0,2,1,0,0,0,0,0,0,0,23,1,0,0,0,0,0,0,0:0:0:0:0:0:0:0:0:0:0:8:0:0:1:0:0:0:0:0:0:0:0:0:0:0:0:0:0:0:0:0:0:0:0:9:0:0:1:0:0:0:0:0:2:0:0:0:0:0:0:0:0:0:0:0:0:0:0:0:0:0:0:0:0:0
mtfs-sentinel-dataset-v1,1,952,1380005968,1397770528,527090004,1170000,1,511,0,1,evaluation,434,Release,pseudo-collect-delay-ramp,injected,recovery,0,none,0,0,0,0,1360586428,434,9,16,9,0,9,0,29292,3254,10,17,10,0,10,0,95755,9575,2,0,2,0,2,0,1,0,0,0,0,0,0,0,0,23,1,0,0,0,0,0,0,0:0:0:0:0:0:0:0:0:0:0:8:0:0:1:0:0:0:0:0:0:0:0:0:0:0:0:0:0:0:0:0:0:0:0:9:0:0:1:0:0:0:0:0:2:0:0:0:0:0:0:0:0:0:0:0:0:0:0:0:0:0:0:0:0:0
mtfs-sentinel-dataset-v1,1,952,1380005968,1397770528,528250004,1160000,1,511,0,1,evaluation,435,Release,pseudo-collect-delay-ramp,injected,recovery,0,none,0,0,0,0,1360586428,435,9,16,9,0,9,0,29252,3250,10,17,10,0,10,0,90264,9026,2,0,2,0,2,0,2,1,0,0,0,0,0,0,0,23,1,0,0,0,0,0,0,0:0:0:0:0:0:0:0:0:0:0:8:0:0:1:0:0:0:0:0:0:0:0:0:0:0:0:0:0:0:0:0:0:0:0:9:0:0:1:0:0:0:0:0:2:0:0:0:0:0:0:0:0:0:0:0:0:0:0:0:0:0:0:0:0:0
mtfs-sentinel-dataset-v1,1,952,1380005968,1397770528,529420004,1170000,1,511,0,1,evaluation,436,Release,pseudo-collect-delay-ramp,injected,recovery,0,none,0,0,0,0,1360586428,436,9,16,9,0,9,0,29290,3254,10,17,10,0,10,0,92359,9235,2,0,2,0,2,0,2,1,0,0,0,0,0,0,0,23,1,0,0,0,0,0,0,0:0:0:0:0:0:0:0:0:0:0:8:0:0:1:0:0:0:0:0:0:0:0:0:0:0:0:0:0:0:0:0:0:0:0:9:0:0:1:0:0:0:0:0:2:0:0:0:0:0:0:0:0:0:0:0:0:0:0:0:0:0:0:0:0:0
mtfs-sentinel-dataset-v1,1,952,1380005968,1397770528,530590004,1170000,1,511,0,1,evaluation,437,Release,pseudo-collect-delay-ramp,injected,recovery,0,none,0,0,0,0,1360586428,437,9,16,9,0,9,0,29274,3252,10,17,10,0,10,0,92027,9202,2,0,2,0,2,0,2,1,0,0,0,0,0,0,0,23,1,0,0,0,0,0,0,0:0:0:0:0:0:0:0:0:0:0:8:0:0:1:0:0:0:0:0:0:0:0:0:0:0:0:0:0:0:0:0:0:0:0:9:0:0:1:0:0:0:0:0:2:0:0:0:0:0:0:0:0:0:0:0:0:0:0:0:0:0:0:0:0:0
mtfs-sentinel-dataset-v1,1,952,1380005968,1397770528,531760004,1170000,1,511,0,1,evaluation,438,Release,pseudo-collect-delay-ramp,injected,recovery,0,none,0,0,0,0,1360586428,438,9,16,9,0,9,0,29366,3262,10,17,10,0,10,0,95270,9527,2,0,2,0,2,0,2,1,0,0,0,0,0,0,0,23,1,0,0,0,0,0,0,0:0:0:0:0:0:0:0:0:0:0:8:0:0:1:0:0:0:0:0:0:0:0:0:0:0:0:0:0:0:0:0:0:0:0:9:0:0:1:0:0:0:0:0:2:0:0:0:0:0:0:0:0:0:0:0:0:0:0:0:0:0:0:0:0:0
mtfs-sentinel-dataset-v1,1,952,1380005968,1397770528,532920004,1160000,1,511,0,1,evaluation,439,Release,pseudo-collect-delay-ramp,injected,recovery,0,none,0,0,0,0,1360586428,439,9,16,9,0,9,0,29378,3264,10,17,10,0,10,0,90413,9041,2,0,2,0,2,0,2,1,0,0,0,0,0,0,0,23,1,0,0,0,0,0,0,0:0:0:0:0:0:0:0:0:0:0:8:0:0:1:0:0:0:0:0:0:0:0:0:0:0:0:0:0:0:0:0:0:0:0:9:0:0:1:0:0:0:0:0:2:0:0:0:0:0:0:0:0:0:0:0:0:0:0:0:0:0:0:0:0:0
mtfs-sentinel-dataset-v1,1,952,1380005968,1397770528,534090004,1170000,1,511,0,1,evaluation,440,Release,pseudo-collect-delay-ramp,injected,recovery,0,none,0,0,0,0,1360586428,440,9,16,9,0,9,0,29235,3248,10,17,10,0,10,0,92532,9253,2,0,2,0,2,0,2,1,0,0,0,0,0,0,0,23,1,0,0,0,0,0,0,0:0:0:0:0:0:0:0:0:0:0:8:0:0:1:0:0:0:0:0:0:0:0:0:0:0:0:0:0:0:0:0:0:0:0:9:0:0:1:0:0:0:0:0:2:0:0:0:0:0:0:0:0:0:0:0:0:0:0:0:0:0:0:0:0:0
mtfs-sentinel-dataset-v1,1,952,1380005968,1397770528,535260004,1170000,1,511,0,1,evaluation,441,Release,pseudo-collect-delay-ramp,injected,recovery,0,none,0,0,0,0,1360586428,441,9,16,9,0,9,0,29434,3270,10,17,10,0,10,0,92544,9254,2,0,2,0,2,0,2,1,0,0,0,0,0,0,0,23,1,0,0,0,0,0,0,0:0:0:0:0:0:0:0:0:0:0:8:0:0:1:0:0:0:0:0:0:0:0:0:0:0:0:0:0:0:0:0:0:0:0:9:0:0:1:0:0:0:0:0:2:0:0:0:0:0:0:0:0:0:0:0:0:0:0:0:0:0:0:0:0:0
mtfs-sentinel-dataset-v1,1,952,1380005968,1397770528,536440004,1180000,1,511,0,1,evaluation,442,Release,pseudo-collect-delay-ramp,injected,recovery,0,none,0,0,0,0,1360586428,442,9,16,9,0,9,0,29138,3237,10,17,10,0,10,0,101189,10118,2,0,2,0,2,0,2,1,0,0,0,0,0,0,0,23,1,0,0,0,0,0,0,0:0:0:0:0:0:0:0:0:0:0:8:0:0:1:0:0:0:0:0:0:0:0:0:0:0:0:0:0:0:0:0:0:0:0:8:1:0:1:0:0:0:0:0:2:0:0:0:0:0:0:0:0:0:0:0:0:0:0:0:0:0:0:0:0:0
mtfs-sentinel-dataset-v1,1,952,1380005968,1397770528,537600004,1160000,1,511,0,1,evaluation,443,Release,pseudo-collect-delay-ramp,injected,recovery,0,none,0,0,0,0,1360586428,443,9,16,9,0,9,0,29206,3245,10,17,10,0,10,0,89903,8990,2,0,2,0,2,0,2,1,0,0,0,0,0,0,0,23,1,0,0,0,0,0,0,0:0:0:0:0:0:0:0:0:0:0:8:0:0:1:0:0:0:0:0:0:0:0:0:0:0:0:0:0:0:0:0:0:0:0:9:0:0:1:0:0:0:0:0:2:0:0:0:0:0:0:0:0:0:0:0:0:0:0:0:0:0:0:0:0:0
mtfs-sentinel-dataset-v1,1,952,1380005968,1397770528,538770004,1170000,1,511,0,1,evaluation,444,Release,pseudo-collect-delay-ramp,injected,recovery,0,none,0,0,0,0,1360586428,444,9,16,9,0,9,0,29356,3261,10,17,10,0,10,0,91930,9193,2,0,2,0,2,0,2,1,0,0,0,0,0,0,0,23,1,0,0,0,0,0,0,0:0:0:0:0:0:0:0:0:0:0:8:0:0:1:0:0:0:0:0:0:0:0:0:0:0:0:0:0:0:0:0:0:0:0:9:0:0:1:0:0:0:0:0:2:0:0:0:0:0:0:0:0:0:0:0:0:0:0:0:0:0:0:0:0:0
mtfs-sentinel-dataset-v1,1,952,1380005968,1397770528,539940004,1170000,1,511,0,1,evaluation,445,Release,pseudo-collect-delay-ramp,injected,recovery,0,none,0,0,0,0,1360586428,445,9,16,9,0,9,0,29282,3253,10,17,10,0,10,0,92528,9252,2,0,2,0,2,0,2,1,0,0,0,0,0,0,0,23,1,0,0,0,0,0,0,0:0:0:0:0:0:0:0:0:0:0:8:0:0:1:0:0:0:0:0:0:0:0:0:0:0:0:0:0:0:0:0:0:0:0:9:0:0:1:0:0:0:0:0:2:0:0:0:0:0:0:0:0:0:0:0:0:0:0:0:0:0:0:0:0:0
mtfs-sentinel-dataset-v1,1,952,1380005968,1397770528,541110004,1170000,1,511,0,1,evaluation,446,Release,pseudo-collect-delay-ramp,injected,recovery,0,none,0,0,0,0,1360586428,446,9,16,9,0,9,0,29399,3266,10,17,10,0,10,0,95510,9551,2,0,2,0,2,0,2,1,0,0,0,0,0,0,0,23,1,0,0,0,0,0,0,0:0:0:0:0:0:0:0:0:0:0:8:0:0:1:0:0:0:0:0:0:0:0:0:0:0:0:0:0:0:0:0:0:0:0:9:0:0:1:0:0:0:0:0:2:0:0:0:0:0:0:0:0:0:0:0:0:0:0:0:0:0:0:0:0:0
mtfs-sentinel-dataset-v1,1,952,1380005968,1397770528,542270004,1160000,1,511,0,1,evaluation,447,Release,pseudo-collect-delay-ramp,injected,recovery,0,none,0,0,0,0,1360586428,447,9,16,9,0,9,0,29259,3251,10,17,10,0,10,0,89576,8957,2,0,2,0,2,0,1,0,0,0,0,0,0,0,0,23,1,0,0,0,0,0,0,0:0:0:0:0:0:0:0:0:0:0:8:0:0:1:0:0:0:0:0:0:0:0:0:0:0:0:0:0:0:0:0:0:0:0:9:0:0:1:0:0:0:0:0:2:0:0:0:0:0:0:0:0:0:0:0:0:0:0:0:0:0:0:0:0:0
mtfs-sentinel-dataset-v1,1,952,1380005968,1397770528,543440004,1170000,1,511,0,1,evaluation,448,Release,pseudo-collect-delay-ramp,injected,recovery,0,none,0,0,0,0,1360586428,448,9,16,9,0,9,0,28898,3210,10,17,10,0,10,0,91586,9158,2,0,2,0,2,0,2,1,0,0,0,0,0,0,0,23,1,0,0,0,0,0,0,0:0:0:0:0:0:0:0:0:0:0:8:0:0:1:0:0:0:0:0:0:0:0:0:0:0:0:0:0:0:0:0:0:0:0:9:0:0:1:0:0:0:0:0:2:0:0:0:0:0:0:0:0:0:0:0:0:0:0:0:0:0:0:0:0:0
mtfs-sentinel-dataset-v1,1,952,1380005968,1397770528,544600004,1160000,1,511,0,1,evaluation,449,Release,pseudo-collect-delay-ramp,injected,recovery,0,none,0,0,0,0,1360586428,449,9,16,9,0,9,0,29335,3259,10,17,10,0,10,0,89218,8921,2,0,2,0,2,0,1,0,0,0,0,0,0,0,0,23,1,0,0,0,0,0,0,0:0:0:0:0:0:0:0:0:0:0:8:0:0:1:0:0:0:0:0:0:0:0:0:0:0:0:0:0:0:0:0:0:0:0:9:0:0:1:0:0:0:0:0:2:0:0:0:0:0:0:0:0:0:0:0:0:0:0:0:0:0:0:0:0:0
mtfs-sentinel-dataset-v1,1,952,1380005968,1397770528,545770004,1170000,1,511,0,1,evaluation,450,Release,pseudo-collect-delay-ramp,injected,recovery,0,none,0,0,0,0,1360586428,450,9,16,9,0,9,0,29401,3266,10,17,10,0,10,0,95388,9538,2,0,2,0,2,0,2,1,0,0,0,0,0,0,0,23,1,0,0,0,0,0,0,0:0:0:0:0:0:0:0:0:0:0:8:0:0:1:0:0:0:0:0:0:0:0:0:0:0:0:0:0:0:0:0:0:0:0:9:0:0:1:0:0:0:0:0:2:0:0:0:0:0:0:0:0:0:0:0:0:0:0:0:0:0:0:0:0:0
mtfs-sentinel-dataset-v1,1,952,1380005968,1397770528,546930004,1160000,1,511,0,1,evaluation,451,Release,pseudo-collect-delay-ramp,injected,recovery,0,none,0,0,0,0,1360586428,451,9,16,9,0,9,0,29360,3262,10,17,10,0,10,0,90351,9035,2,0,2,0,2,0,2,1,0,0,0,0,0,0,0,23,1,0,0,0,0,0,0,0:0:0:0:0:0:0:0:0:0:0:8:0:0:1:0:0:0:0:0:0:0:0:0:0:0:0:0:0:0:0:0:0:0:0:9:0:0:1:0:0:0:0:0:2:0:0:0:0:0:0:0:0:0:0:0:0:0:0:0:0:0:0:0:0:0
mtfs-sentinel-dataset-v1,1,952,1380005968,1397770528,548100004,1170000,1,511,0,1,evaluation,452,Release,pseudo-collect-delay-ramp,injected,recovery,0,none,0,0,0,0,1360586428,452,9,16,9,0,9,0,29355,3261,10,17,10,0,10,0,92628,9262,2,0,2,0,2,0,1,0,0,0,0,0,0,0,0,23,1,0,0,0,0,0,0,0:0:0:0:0:0:0:0:0:0:0:8:0:0:1:0:0:0:0:0:0:0:0:0:0:0:0:0:0:0:0:0:0:0:0:9:0:0:1:0:0:0:0:0:2:0:0:0:0:0:0:0:0:0:0:0:0:0:0:0:0:0:0:0:0:0
mtfs-sentinel-dataset-v1,1,952,1380005968,1397770528,549270004,1170000,1,511,0,1,evaluation,453,Release,pseudo-collect-delay-ramp,injected,recovery,0,none,0,0,0,0,1360586428,453,9,16,9,0,9,0,29411,3267,10,17,10,0,10,0,92699,9269,2,0,2,0,2,0,2,1,0,0,0,0,0,0,0,23,1,0,0,0,0,0,0,0:0:0:0:0:0:0:0:0:0:0:8:0:0:1:0:0:0:0:0:0:0:0:0:0:0:0:0:0:0:0:0:0:0:0:9:0:0:1:0:0:0:0:0:2:0:0:0:0:0:0:0:0:0:0:0:0:0:0:0:0:0:0:0:0:0
mtfs-sentinel-dataset-v1,1,952,1380005968,1397770528,550440004,1170000,1,511,0,1,evaluation,454,Release,pseudo-collect-delay-ramp,injected,recovery,0,none,0,0,0,0,1360586428,454,9,16,9,0,9,0,29318,3257,10,17,10,0,10,0,95075,9507,2,0,2,0,2,0,2,1,0,0,0,0,0,0,0,23,1,0,0,0,0,0,0,0:0:0:0:0:0:0:0:0:0:0:8:0:0:1:0:0:0:0:0:0:0:0:0:0:0:0:0:0:0:0:0:0:0:0:9:0:0:1:0:0:0:0:0:2:0:0:0:0:0:0:0:0:0:0:0:0:0:0:0:0:0:0:0:0:0
mtfs-sentinel-dataset-v1,1,952,1380005968,1397770528,551600004,1160000,1,511,0,1,evaluation,455,Release,pseudo-collect-delay-ramp,injected,recovery,0,none,0,0,0,0,1360586428,455,9,16,9,0,9,0,29385,3265,10,17,10,0,10,0,90512,9051,2,0,2,0,2,0,2,1,0,0,0,0,0,0,0,23,1,0,0,0,0,0,0,0:0:0:0:0:0:0:0:0:0:0:8:0:0:1:0:0:0:0:0:0:0:0:0:0:0:0:0:0:0:0:0:0:0:0:9:0:0:1:0:0:0:0:0:2:0:0:0:0:0:0:0:0:0:0:0:0:0:0:0:0:0:0:0:0:0
mtfs-sentinel-dataset-v1,1,952,1380005968,1397770528,552770004,1170000,1,511,0,1,evaluation,456,Release,pseudo-collect-delay-ramp,injected,recovery,0,none,0,0,0,0,1360586428,456,9,16,9,0,9,0,29390,3265,10,17,10,0,10,0,92719,9271,2,0,2,0,2,0,2,1,0,0,0,0,0,0,0,23,1,0,0,0,0,0,0,0:0:0:0:0:0:0:0:0:0:0:8:0:0:1:0:0:0:0:0:0:0:0:0:0:0:0:0:0:0:0:0:0:0:0:9:0:0:1:0:0:0:0:0:2:0:0:0:0:0:0:0:0:0:0:0:0:0:0:0:0:0:0:0:0:0
mtfs-sentinel-dataset-v1,1,952,1380005968,1397770528,553940004,1170000,1,511,0,1,evaluation,457,Release,pseudo-collect-delay-ramp,injected,recovery,0,none,0,0,0,0,1360586428,457,9,16,9,0,9,0,29328,3258,10,17,10,0,10,0,92268,9226,2,0,2,0,2,0,2,1,0,0,0,0,0,0,0,23,1,0,0,0,0,0,0,0:0:0:0:0:0:0:0:0:0:0:8:0:0:1:0:0:0:0:0:0:0:0:0:0:0:0:0:0:0:0:0:0:0:0:9:0:0:1:0:0:0:0:0:2:0:0:0:0:0:0:0:0:0:0:0:0:0:0:0:0:0:0:0:0:0
mtfs-sentinel-dataset-v1,1,952,1380005968,1397770528,555110004,1170000,1,511,0,1,evaluation,458,Release,pseudo-collect-delay-ramp,injected,recovery,0,none,0,0,0,0,1360586428,458,9,16,9,0,9,0,29407,3267,10,17,10,0,10,0,95205,9520,2,0,2,0,2,0,2,1,0,0,0,0,0,0,0,23,1,0,0,0,0,0,0,0:0:0:0:0:0:0:0:0:0:0:8:0:0:1:0:0:0:0:0:0:0:0:0:0:0:0:0:0:0:0:0:0:0:0:9:0:0:1:0:0:0:0:0:2:0:0:0:0:0:0:0:0:0:0:0:0:0:0:0:0:0:0:0:0:0
mtfs-sentinel-dataset-v1,1,952,1380005968,1397770528,556270004,1160000,1,511,0,1,evaluation,459,Release,pseudo-collect-delay-ramp,injected,recovery,0,none,0,0,0,0,1360586428,459,9,16,9,0,9,0,29414,3268,10,17,10,0,10,0,90331,9033,2,0,2,0,2,0,2,1,0,0,0,0,0,0,0,23,1,0,0,0,0,0,0,0:0:0:0:0:0:0:0:0:0:0:8:0:0:1:0:0:0:0:0:0:0:0:0:0:0:0:0:0:0:0:0:0:0:0:9:0:0:1:0:0:0:0:0:2:0:0:0:0:0:0:0:0:0:0:0:0:0:0:0:0:0:0:0:0:0
mtfs-sentinel-dataset-v1,1,952,1380005968,1397770528,557450004,1180000,1,511,0,1,evaluation,460,Release,pseudo-collect-delay-ramp,injected,recovery,0,none,0,0,0,0,1360586428,460,9,16,9,0,9,0,29240,3248,10,17,10,0,10,0,102254,10225,2,0,2,0,2,0,2,1,0,0,0,0,0,0,0,23,1,0,0,0,0,0,0,0:0:0:0:0:0:0:0:0:0:0:8:0:0:1:0:0:0:0:0:0:0:0:0:0:0:0:0:0:0:0:0:0:0:0:9:0:0:1:0:0:0:0:0:2:0:0:0:0:0:0:0:0:0:0:0:0:0:0:0:0:0:0:0:0:0
mtfs-sentinel-dataset-v1,1,952,1380005968,1397770528,558620004,1170000,1,511,0,1,evaluation,461,Release,pseudo-collect-delay-ramp,injected,recovery,0,none,0,0,0,0,1360586428,461,9,16,9,0,9,0,29426,3269,10,17,10,0,10,0,92158,9215,2,0,2,0,2,0,2,1,0,0,0,0,0,0,0,23,1,0,0,0,0,0,0,0:0:0:0:0:0:0:0:0:0:0:8:0:0:1:0:0:0:0:0:0:0:0:0:0:0:0:0:0:0:0:0:0:0:0:9:0:0:1:0:0:0:0:0:2:0:0:0:0:0:0:0:0:0:0:0:0:0:0:0:0:0:0:0:0:0
mtfs-sentinel-dataset-v1,1,952,1380005968,1397770528,559790004,1170000,1,511,0,1,evaluation,462,Release,pseudo-collect-delay-ramp,injected,recovery,0,none,0,0,0,0,1360586428,462,9,16,9,0,9,0,29303,3255,10,17,10,0,10,0,94973,9497,2,0,2,0,2,0,2,1,0,0,0,0,0,0,0,23,1,0,0,0,0,0,0,0:0:0:0:0:0:0:0:0:0:0:8:0:0:1:0:0:0:0:0:0:0:0:0:0:0:0:0:0:0:0:0:0:0:0:9:0:0:1:0:0:0:0:0:2:0:0:0:0:0:0:0:0:0:0:0:0:0:0:0:0:0:0:0:0:0
mtfs-sentinel-dataset-v1,1,952,1380005968,1397770528,560950004,1160000,1,511,0,1,evaluation,463,Release,pseudo-collect-delay-ramp,injected,recovery,0,none,0,0,0,0,1360586428,463,9,16,9,0,9,0,29268,3252,10,17,10,0,10,0,90255,9025,2,0,2,0,2,0,1,0,0,0,0,0,0,0,0,23,1,0,0,0,0,0,0,0:0:0:0:0:0:0:0:0:0:0:8:0:0:1:0:0:0:0:0:0:0:0:0:0:0:0:0:0:0:0:0:0:0:0:9:0:0:1:0:0:0:0:0:2:0:0:0:0:0:0:0:0:0:0:0:0:0:0:0:0:0:0:0:0:0
mtfs-sentinel-dataset-v1,1,952,1380005968,1397770528,562120004,1170000,1,511,0,1,evaluation,464,Release,pseudo-collect-delay-ramp,injected,recovery,0,none,0,0,0,0,1360586428,464,9,16,9,0,9,0,29316,3257,10,17,10,0,10,0,92389,9238,2,0,2,0,2,0,1,0,0,0,0,0,0,0,0,23,1,0,0,0,0,0,0,0:0:0:0:0:0:0:0:0:0:0:8:0:0:1:0:0:0:0:0:0:0:0:0:0:0:0:0:0:0:0:0:0:0:0:9:0:0:1:0:0:0:0:0:2:0:0:0:0:0:0:0:0:0:0:0:0:0:0:0:0:0:0:0:0:0
mtfs-sentinel-dataset-v1,1,952,1380005968,1397770528,563290004,1170000,1,511,0,1,evaluation,465,Release,pseudo-collect-delay-ramp,injected,recovery,0,none,0,0,0,0,1360586428,465,9,16,9,0,9,0,29324,3258,10,17,10,0,10,0,92341,9234,2,0,2,0,2,0,2,1,0,0,0,0,0,0,0,23,1,0,0,0,0,0,0,0:0:0:0:0:0:0:0:0:0:0:8:0:0:1:0:0:0:0:0:0:0:0:0:0:0:0:0:0:0:0:0:0:0:0:9:0:0:1:0:0:0:0:0:2:0:0:0:0:0:0:0:0:0:0:0:0:0:0:0:0:0:0:0:0:0
mtfs-sentinel-dataset-v1,1,952,1380005968,1397770528,564460004,1170000,1,511,0,1,evaluation,466,Release,pseudo-collect-delay-ramp,injected,recovery,0,none,0,0,0,0,1360586428,466,9,16,9,0,9,0,29282,3253,10,17,10,0,10,0,95140,9514,2,0,2,0,2,0,2,1,0,0,0,0,0,0,0,23,1,0,0,0,0,0,0,0:0:0:0:0:0:0:0:0:0:0:8:0:0:1:0:0:0:0:0:0:0:0:0:0:0:0:0:0:0:0:0:0:0:0:9:0:0:1:0:0:0:0:0:2:0:0:0:0:0:0:0:0:0:0:0:0:0:0:0:0:0:0:0:0:0
mtfs-sentinel-dataset-v1,1,952,1380005968,1397770528,565620004,1160000,1,511,0,1,evaluation,467,Release,pseudo-collect-delay-ramp,injected,recovery,0,none,0,0,0,0,1360586428,467,9,16,9,0,9,0,29341,3260,10,17,10,0,10,0,89875,8987,2,0,2,0,2,0,0,0,0,0,0,0,0,0,0,23,1,0,0,0,0,0,0,0:0:0:0:0:0:0:0:0:0:0:8:0:0:1:0:0:0:0:0:0:0:0:0:0:0:0:0:0:0:0:0:0:0:0:9:0:0:1:0:0:0:0:0:2:0:0:0:0:0:0:0:0:0:0:0:0:0:0:0:0:0:0:0:0:0
mtfs-sentinel-dataset-v1,1,952,1380005968,1397770528,566790004,1170000,1,511,0,1,evaluation,468,Release,pseudo-collect-delay-ramp,injected,recovery,0,none,0,0,0,0,1360586428,468,9,16,9,0,9,0,29262,3251,10,17,10,0,10,0,91904,9190,2,0,2,0,2,0,2,1,0,0,0,0,0,0,0,23,1,0,0,0,0,0,0,0:0:0:0:0:0:0:0:0:0:0:8:0:0:1:0:0:0:0:0:0:0:0:0:0:0:0:0:0:0:0:0:0:0:0:9:0:0:1:0:0:0:0:0:2:0:0:0:0:0:0:0:0:0:0:0:0:0:0:0:0:0:0:0:0:0
mtfs-sentinel-dataset-v1,1,952,1380005968,1397770528,567960004,1170000,1,511,0,1,evaluation,469,Release,pseudo-collect-delay-ramp,injected,recovery,0,none,0,0,0,0,1360586428,469,9,16,9,0,9,0,29352,3261,10,17,10,0,10,0,92171,9217,2,0,2,0,2,0,2,1,0,0,0,0,0,0,0,23,1,0,0,0,0,0,0,0:0:0:0:0:0:0:0:0:0:0:8:0:0:1:0:0:0:0:0:0:0:0:0:0:0:0:0:0:0:0:0:0:0:0:9:0:0:1:0:0:0:0:0:2:0:0:0:0:0:0:0:0:0:0:0:0:0:0:0:0:0:0:0:0:0
mtfs-sentinel-dataset-v1,1,952,1380005968,1397770528,569130004,1170000,1,511,0,1,evaluation,470,Release,pseudo-collect-delay-ramp,injected,recovery,0,none,0,0,0,0,1360586428,470,9,16,9,0,9,0,29244,3249,10,17,10,0,10,0,100619,10061,2,0,2,0,2,0,1,0,0,0,0,0,0,0,0,23,1,0,0,0,0,0,0,0:0:0:0:0:0:0:0:0:0:0:8:0:0:1:0:0:0:0:0:0:0:0:0:0:0:0:0:0:0:0:0:0:0:0:8:1:0:1:0:0:0:0:0:2:0:0:0:0:0:0:0:0:0:0:0:0:0:0:0:0:0:0:0:0:0
mtfs-sentinel-dataset-v1,1,952,1380005968,1397770528,570290004,1160000,1,511,0,1,evaluation,471,Release,pseudo-collect-delay-ramp,injected,recovery,0,none,0,0,0,0,1360586428,471,9,16,9,0,9,0,29099,3233,10,17,10,0,10,0,88872,8887,2,0,2,0,2,0,2,1,0,0,0,0,0,0,0,23,1,0,0,0,0,0,0,0:0:0:0:0:0:0:0:0:0:0:8:0:0:1:0:0:0:0:0:0:0:0:0:0:0:0:0:0:0:0:0:0:0:0:9:0:0:1:0:0:0:0:0:2:0:0:0:0:0:0:0:0:0:0:0:0:0:0:0:0:0:0:0:0:0
mtfs-sentinel-dataset-v1,1,952,1380005968,1397770528,571450004,1160000,1,511,0,1,evaluation,472,Release,pseudo-collect-delay-ramp,injected,recovery,0,none,0,0,0,0,1360586428,472,9,16,9,0,9,0,29180,3242,10,17,10,0,10,0,90840,9084,2,0,2,0,2,0,1,0,0,0,0,0,0,0,0,23,1,0,0,0,0,0,0,0:0:0:0:0:0:0:0:0:0:0:8:0:0:1:0:0:0:0:0:0:0:0:0:0:0:0:0:0:0:0:0:0:0:0:9:0:0:1:0:0:0:0:0:2:0:0:0:0:0:0:0:0:0:0:0:0:0:0:0:0:0:0:0:0:0
mtfs-sentinel-dataset-v1,1,952,1380005968,1397770528,572630004,1180000,1,511,0,1,evaluation,473,Release,pseudo-collect-delay-ramp,injected,recovery,0,none,0,0,0,0,1360586428,473,9,16,9,0,9,0,29206,3245,10,17,10,0,10,0,101257,10125,2,0,2,0,2,0,2,1,0,0,0,0,0,0,0,23,1,0,0,0,0,0,0,0:0:0:0:0:0:0:0:0:0:0:8:0:0:1:0:0:0:0:0:0:0:0:0:0:0:0:0:0:0:0:0:0:0:0:8:1:0:1:0:0:0:0:0:2:0:0:0:0:0:0:0:0:0:0:0:0:0:0:0:0:0:0:0:0:0
mtfs-sentinel-dataset-v1,1,952,1380005968,1397770528,573800004,1170000,1,511,0,1,evaluation,474,Release,pseudo-collect-delay-ramp,injected,recovery,0,none,0,0,0,0,1360586428,474,9,16,9,0,9,0,29068,3229,10,17,10,0,10,0,91859,9185,2,0,2,0,2,0,2,1,0,0,0,0,0,0,0,23,1,0,0,0,0,0,0,0:0:0:0:0:0:0:0:0:0:0:8:0:0:1:0:0:0:0:0:0:0:0:0:0:0:0:0:0:0:0:0:0:0:0:9:0:0:1:0:0:0:0:0:2:0:0:0:0:0:0:0:0:0:0:0:0:0:0:0:0:0:0:0:0:0
mtfs-sentinel-dataset-v1,1,952,1380005968,1397770528,574960004,1160000,1,511,0,1,evaluation,475,Release,pseudo-collect-delay-ramp,injected,recovery,0,none,0,0,0,0,1360586428,475,9,16,9,0,9,0,29229,3247,10,17,10,0,10,0,88532,8853,2,0,2,0,2,0,1,0,0,0,0,0,0,0,0,23,1,0,0,0,0,0,0,0:0:0:0:0:0:0:0:0:0:0:8:0:0:1:0:0:0:0:0:0:0:0:0:0:0:0:0:0:0:0:0:0:0:0:9:0:0:1:0:0:0:0:0:2:0:0:0:0:0:0:0:0:0:0:0:0:0:0:0:0:0:0:0:0:0
mtfs-sentinel-dataset-v1,1,952,1380005968,1397770528,576130004,1170000,1,511,0,1,evaluation,476,Release,pseudo-collect-delay-ramp,injected,recovery,0,none,0,0,0,0,1360586428,476,9,16,9,0,9,0,29352,3261,10,17,10,0,10,0,91360,9136,2,0,2,0,2,0,2,1,0,0,0,0,0,0,0,23,1,0,0,0,0,0,0,0:0:0:0:0:0:0:0:0:0:0:8:0:0:1:0:0:0:0:0:0:0:0:0:0:0:0:0:0:0:0:0:0:0:0:9:0:0:1:0:0:0:0:0:2:0:0:0:0:0:0:0:0:0:0:0:0:0:0:0:0:0:0:0:0:0
mtfs-sentinel-dataset-v1,1,952,1380005968,1397770528,577300004,1170000,1,511,0,1,evaluation,477,Release,pseudo-collect-delay-ramp,injected,recovery,0,none,0,0,0,0,1360586428,477,9,16,9,0,9,0,29381,3264,10,17,10,0,10,0,92540,9254,2,0,2,0,2,0,1,0,0,0,0,0,0,0,0,23,1,0,0,0,0,0,0,0:0:0:0:0:0:0:0:0:0:0:8:0:0:1:0:0:0:0:0:0:0:0:0:0:0:0:0:0:0:0:0:0:0:0:9:0:0:1:0:0:0:0:0:2:0:0:0:0:0:0:0:0:0:0:0:0:0:0:0:0:0:0:0:0:0
mtfs-sentinel-dataset-v1,1,952,1380005968,1397770528,578470004,1170000,1,511,0,1,evaluation,478,Release,pseudo-collect-delay-ramp,injected,recovery,0,none,0,0,0,0,1360586428,478,9,16,9,0,9,0,29317,3257,10,17,10,0,10,0,94754,9475,2,0,2,0,2,0,1,0,0,0,0,0,0,0,0,23,1,0,0,0,0,0,0,0:0:0:0:0:0:0:0:0:0:0:8:0:0:1:0:0:0:0:0:0:0:0:0:0:0:0:0:0:0:0:0:0:0:0:9:0:0:1:0:0:0:0:0:2:0:0:0:0:0:0:0:0:0:0:0:0:0:0:0:0:0:0:0:0:0
mtfs-sentinel-dataset-v1,1,952,1380005968,1397770528,579630004,1160000,1,511,0,1,evaluation,479,Release,pseudo-collect-delay-ramp,injected,recovery,0,none,0,0,0,0,1360586428,479,9,16,9,0,9,0,29319,3257,10,17,10,0,10,0,90724,9072,2,0,2,0,2,0,1,0,0,0,0,0,0,0,0,23,1,0,0,0,0,0,0,0:0:0:0:0:0:0:0:0:0:0:8:0:0:1:0:0:0:0:0:0:0:0:0:0:0:0:0:0:0:0:0:0:0:0:9:0:0:1:0:0:0:0:0:2:0:0:0:0:0:0:0:0:0:0:0:0:0:0:0:0:0:0:0:0:0
mtfs-sentinel-dataset-v1,1,952,1380005968,1397770528,580800004,1170000,1,511,0,1,evaluation,480,Release,pseudo-collect-delay-ramp,injected,recovery,0,none,0,0,0,0,1360586428,480,9,16,9,0,9,0,28949,3216,10,17,10,0,10,0,92614,9261,2,0,2,0,2,0,1,0,0,0,0,0,0,0,0,23,1,0,0,0,0,0,0,0:0:0:0:0:0:0:0:0:0:0:8:0:0:1:0:0:0:0:0:0:0:0:0:0:0:0:0:0:0:0:0:0:0:0:9:0:0:1:0:0:0:0:0:2:0:0:0:0:0:0:0:0:0:0:0:0:0:0:0:0:0:0:0:0:0
mtfs-sentinel-dataset-v1,1,952,1380005968,1397770528,581960004,1160000,1,511,0,1,evaluation,481,Release,pseudo-collect-delay-ramp,injected,recovery,0,none,0,0,0,0,1360586428,481,9,16,9,0,9,0,29271,3252,10,17,10,0,10,0,89409,8940,2,0,2,0,2,0,2,1,0,0,0,0,0,0,0,23,1,0,0,0,0,0,0,0:0:0:0:0:0:0:0:0:0:0:8:0:0:1:0:0:0:0:0:0:0:0:0:0:0:0:0:0:0:0:0:0:0:0:9:0:0:1:0:0:0:0:0:2:0:0:0:0:0:0:0:0:0:0:0:0:0:0:0:0:0:0:0:0:0
mtfs-sentinel-dataset-v1,1,952,1380005968,1397770528,583130004,1170000,1,511,0,1,evaluation,482,Release,pseudo-collect-delay-ramp,injected,recovery,0,none,0,0,0,0,1360586428,482,9,16,9,0,9,0,29397,3266,10,17,10,0,10,0,94780,9478,2,0,2,0,2,0,1,0,0,0,0,0,0,0,0,23,1,0,0,0,0,0,0,0:0:0:0:0:0:0:0:0:0:0:8:0:0:1:0:0:0:0:0:0:0:0:0:0:0:0:0:0:0:0:0:0:0:0:9:0:0:1:0:0:0:0:0:2:0:0:0:0:0:0:0:0:0:0:0:0:0:0:0:0:0:0:0:0:0
mtfs-sentinel-dataset-v1,1,952,1380005968,1397770528,584300004,1170000,1,511,0,1,evaluation,483,Release,pseudo-collect-delay-ramp,injected,recovery,0,none,0,0,0,0,1360586428,483,9,16,9,0,9,0,29355,3261,10,17,10,0,10,0,91045,9104,2,0,2,0,2,0,2,1,0,0,0,0,0,0,0,23,1,0,0,0,0,0,0,0:0:0:0:0:0:0:0:0:0:0:8:0:0:1:0:0:0:0:0:0:0:0:0:0:0:0:0:0:0:0:0:0:0:0:9:0:0:1:0:0:0:0:0:2:0:0:0:0:0:0:0:0:0:0:0:0:0:0:0:0:0:0:0:0:0
mtfs-sentinel-dataset-v1,1,952,1380005968,1397770528,585470004,1170000,1,511,0,1,evaluation,484,Release,pseudo-collect-delay-ramp,injected,recovery,0,none,0,0,0,0,1360586428,484,9,16,9,0,9,0,29366,3262,10,17,10,0,10,0,93790,9379,2,0,2,0,2,0,1,0,0,0,0,0,0,0,0,23,1,0,0,0,0,0,0,0:0:0:0:0:0:0:0:0:0:0:8:0:0:1:0:0:0:0:0:0:0:0:0:0:0:0:0:0:0:0:0:0:0:0:9:0:0:1:0:0:0:0:0:2:0:0:0:0:0:0:0:0:0:0:0:0:0:0:0:0:0:0:0:0:0
mtfs-sentinel-dataset-v1,1,952,1380005968,1397770528,586640004,1170000,1,511,0,1,evaluation,485,Release,pseudo-collect-delay-ramp,injected,recovery,0,none,0,0,0,0,1360586428,485,9,16,9,0,9,0,29262,3251,10,17,10,0,10,0,92599,9259,2,0,2,0,2,0,2,1,0,0,0,0,0,0,0,23,1,0,0,0,0,0,0,0:0:0:0:0:0:0:0:0:0:0:8:0:0:1:0:0:0:0:0:0:0:0:0:0:0:0:0:0:0:0:0:0:0:0:9:0:0:1:0:0:0:0:0:2:0:0:0:0:0:0:0:0:0:0:0:0:0:0:0:0:0:0:0:0:0
mtfs-sentinel-dataset-v1,1,952,1380005968,1397770528,587810004,1170000,1,511,0,1,evaluation,486,Release,pseudo-collect-delay-ramp,injected,recovery,0,none,0,0,0,0,1360586428,486,9,16,9,0,9,0,29415,3268,10,17,10,0,10,0,94478,9447,2,0,2,0,2,0,2,1,0,0,0,0,0,0,0,23,1,0,0,0,0,0,0,0:0:0:0:0:0:0:0:0:0:0:8:0:0:1:0:0:0:0:0:0:0:0:0:0:0:0:0:0:0:0:0:0:0:0:9:0:0:1:0:0:0:0:0:2:0:0:0:0:0:0:0:0:0:0:0:0:0:0:0:0:0:0:0:0:0
mtfs-sentinel-dataset-v1,1,952,1380005968,1397770528,588970004,1160000,1,511,0,1,evaluation,487,Release,pseudo-collect-delay-ramp,injected,recovery,0,none,0,0,0,0,1360586428,487,9,16,9,0,9,0,29271,3252,10,17,10,0,10,0,90820,9082,2,0,2,0,2,0,2,1,0,0,0,0,0,0,0,23,1,0,0,0,0,0,0,0:0:0:0:0:0:0:0:0:0:0:8:0:0:1:0:0:0:0:0:0:0:0:0:0:0:0:0:0:0:0:0:0:0:0:9:0:0:1:0:0:0:0:0:2:0:0:0:0:0:0:0:0:0:0:0:0:0:0:0:0:0:0:0:0:0
mtfs-sentinel-dataset-v1,1,952,1380005968,1397770528,590140004,1170000,1,511,0,1,evaluation,488,Release,pseudo-collect-delay-ramp,injected,recovery,0,none,0,0,0,0,1360586428,488,9,16,9,0,9,0,29419,3268,10,17,10,0,10,0,94049,9404,2,0,2,0,2,0,2,1,0,0,0,0,0,0,0,23,1,0,0,0,0,0,0,0:0:0:0:0:0:0:0:0:0:0:8:0:0:1:0:0:0:0:0:0:0:0:0:0:0:0:0:0:0:0:0:0:0:0:9:0:0:1:0:0:0:0:0:2:0:0:0:0:0:0:0:0:0:0:0:0:0:0:0:0:0:0:0:0:0
mtfs-sentinel-dataset-v1,1,952,1380005968,1397770528,591310004,1170000,1,511,0,1,evaluation,489,Release,pseudo-collect-delay-ramp,injected,recovery,0,none,0,0,0,0,1360586428,489,9,16,9,0,9,0,29360,3262,10,17,10,0,10,0,92828,9282,2,0,2,0,2,0,0,0,0,0,0,0,0,0,0,23,1,0,0,0,0,0,0,0:0:0:0:0:0:0:0:0:0:0:8:0:0:1:0:0:0:0:0:0:0:0:0:0:0:0:0:0:0:0:0:0:0:0:9:0:0:1:0:0:0:0:0:2:0:0:0:0:0:0:0:0:0:0:0:0:0:0:0:0:0:0:0:0:0
mtfs-sentinel-dataset-v1,1,952,1380005968,1397770528,592480004,1170000,1,511,0,1,evaluation,490,Release,pseudo-collect-delay-ramp,injected,recovery,0,none,0,0,0,0,1360586428,490,9,16,9,0,9,0,29314,3257,10,17,10,0,10,0,93635,9363,2,0,2,0,2,0,2,1,0,0,0,0,0,0,0,23,1,0,0,0,0,0,0,0:0:0:0:0:0:0:0:0:0:0:8:0:0:1:0:0:0:0:0:0:0:0:0:0:0:0:0:0:0:0:0:0:0:0:9:0:0:1:0:0:0:0:0:2:0:0:0:0:0:0:0:0:0:0:0:0:0:0:0:0:0:0:0:0:0
mtfs-sentinel-dataset-v1,1,952,1380005968,1397770528,593650004,1170000,1,511,0,1,evaluation,491,Release,pseudo-collect-delay-ramp,injected,recovery,0,none,0,0,0,0,1360586428,491,9,16,9,0,9,0,29268,3252,10,17,10,0,10,0,99281,9928,2,0,2,0,2,0,1,0,0,0,0,0,0,0,0,23,1,0,0,0,0,0,0,0:0:0:0:0:0:0:0:0:0:0:8:0:0:1:0:0:0:0:0:0:0:0:0:0:0:0:0:0:0:0:0:0:0:0:9:0:0:1:0:0:0:0:0:2:0:0:0:0:0:0:0:0:0:0:0:0:0:0:0:0:0:0:0:0:0
mtfs-sentinel-dataset-v1,1,952,1380005968,1397770528,594820004,1170000,1,511,0,1,evaluation,492,Release,pseudo-collect-delay-ramp,injected,recovery,0,none,0,0,0,0,1360586428,492,9,16,9,0,9,0,29273,3252,10,17,10,0,10,0,93686,9368,2,0,2,0,2,0,2,1,0,0,0,0,0,0,0,23,1,0,0,0,0,0,0,0:0:0:0:0:0:0:0:0:0:0:7:1:0:1:0:0:0:0:0:0:0:0:0:0:0:0:0:0:0:0:0:0:0:0:9:0:0:1:0:0:0:0:0:2:0:0:0:0:0:0:0:0:0:0:0:0:0:0:0:0:0:0:0:0:0
mtfs-sentinel-dataset-v1,1,952,1380005968,1397770528,595990004,1170000,1,511,0,1,evaluation,493,Release,pseudo-collect-delay-ramp,injected,recovery,0,none,0,0,0,0,1360586428,493,9,16,9,0,9,0,29228,3247,10,17,10,0,10,0,92421,9242,2,0,2,0,2,0,2,1,0,0,0,0,0,0,0,23,1,0,0,0,0,0,0,0:0:0:0:0:0:0:0:0:0:0:8:0:0:1:0:0:0:0:0:0:0:0:0:0:0:0:0:0:0:0:0:0:0:0:9:0:0:1:0:0:0:0:0:2:0:0:0:0:0:0:0:0:0:0:0:0:0:0:0:0:0:0:0:0:0
mtfs-sentinel-dataset-v1,1,952,1380005968,1397770528,597160004,1170000,1,511,0,1,evaluation,494,Release,pseudo-collect-delay-ramp,injected,recovery,0,none,0,0,0,0,1360586428,494,9,16,9,0,9,0,29272,3252,10,17,10,0,10,0,93886,9388,2,0,2,0,2,0,2,1,0,0,0,0,0,0,0,23,1,0,0,0,0,0,0,0:0:0:0:0:0:0:0:0:0:0:8:0:0:1:0:0:0:0:0:0:0:0:0:0:0:0:0:0:0:0:0:0:0:0:9:0:0:1:0:0:0:0:0:2:0:0:0:0:0:0:0:0:0:0:0:0:0:0:0:0:0:0:0:0:0
mtfs-sentinel-dataset-v1,1,952,1380005968,1397770528,598320004,1160000,1,511,0,1,evaluation,495,Release,pseudo-collect-delay-ramp,injected,recovery,0,none,0,0,0,0,1360586428,495,9,16,9,0,9,0,29319,3257,10,17,10,0,10,0,90604,9060,2,0,2,0,2,0,1,0,0,0,0,0,0,0,0,23,1,0,0,0,0,0,0,0:0:0:0:0:0:0:0:0:0:0:8:0:0:1:0:0:0:0:0:0:0:0:0:0:0:0:0:0:0:0:0:0:0:0:9:0:0:1:0:0:0:0:0:2:0:0:0:0:0:0:0:0:0:0:0:0:0:0:0:0:0:0:0:0:0
mtfs-sentinel-dataset-v1,1,952,1380005968,1397770528,599490004,1170000,1,511,0,1,evaluation,496,Release,pseudo-collect-delay-ramp,injected,recovery,0,none,0,0,0,0,1360586428,496,9,16,9,0,9,0,29365,3262,10,17,10,0,10,0,93730,9373,2,0,2,0,2,0,2,1,0,0,0,0,0,0,0,23,1,0,0,0,0,0,0,0:0:0:0:0:0:0:0:0:0:0:8:0:0:1:0:0:0:0:0:0:0:0:0:0:0:0:0:0:0:0:0:0:0:0:9:0:0:1:0:0:0:0:0:2:0:0:0:0:0:0:0:0:0:0:0:0:0:0:0:0:0:0:0:0:0
mtfs-sentinel-dataset-v1,1,952,1380005968,1397770528,600660004,1170000,1,511,0,1,evaluation,497,Release,pseudo-collect-delay-ramp,injected,recovery,0,none,0,0,0,0,1360586428,497,9,16,9,0,9,0,29348,3260,10,17,10,0,10,0,92545,9254,2,0,2,0,2,0,2,1,0,0,0,0,0,0,0,23,1,0,0,0,0,0,0,0:0:0:0:0:0:0:0:0:0:0:8:0:0:1:0:0:0:0:0:0:0:0:0:0:0:0:0:0:0:0:0:0:0:0:9:0:0:1:0:0:0:0:0:2:0:0:0:0:0:0:0:0:0:0:0:0:0:0:0:0:0:0:0:0:0
mtfs-sentinel-dataset-v1,1,952,1380005968,1397770528,601830004,1170000,1,511,0,1,evaluation,498,Release,pseudo-collect-delay-ramp,injected,recovery,0,none,0,0,0,0,1360586428,498,9,16,9,0,9,0,29163,3240,10,17,10,0,10,0,100216,10021,2,0,2,0,2,0,2,1,0,0,0,0,0,0,0,23,1,0,0,0,0,0,0,0:0:0:0:0:0:0:0:0:0:0:8:0:0:1:0:0:0:0:0:0:0:0:0:0:0:0:0:0:0:0:0:0:0:0:8:1:0:1:0:0:0:0:0:2:0:0:0:0:0:0:0:0:0:0:0:0:0:0:0:0:0:0:0:0:0
mtfs-sentinel-dataset-v1,1,952,1380005968,1397770528,602990004,1160000,1,511,0,1,evaluation,499,Release,pseudo-collect-delay-ramp,injected,recovery,0,none,0,0,0,0,1360586428,499,9,16,9,0,9,0,29316,3257,10,17,10,0,10,0,90513,9051,2,0,2,0,2,0,2,1,0,0,0,0,0,0,0,23,1,0,0,0,0,0,0,0:0:0:0:0:0:0:0:0:0:0:8:0:0:1:0:0:0:0:0:0:0:0:0:0:0:0:0:0:0:0:0:0:0:0:9:0:0:1:0:0:0:0:0:2:0:0:0:0:0:0:0:0:0:0:0:0:0:0:0:0:0:0:0:0:0
mtfs-sentinel-dataset-v1,1,952,1380005968,1397770528,604160004,1170000,1,511,0,1,evaluation,500,Release,pseudo-collect-delay-ramp,injected,recovery,0,none,0,0,0,0,1360586428,500,9,16,9,0,9,0,29263,3251,10,17,10,0,10,0,93566,9356,2,0,2,0,2,0,2,1,0,0,0,0,0,0,0,23,1,0,0,0,0,0,0,0:0:0:0:0:0:0:0:0:0:0:8:0:0:1:0:0:0:0:0:0:0:0:0:0:0:0:0:0:0:0:0:0:0:0:9:0:0:1:0:0:0:0:0:2:0:0:0:0:0:0:0:0:0:0:0:0:0:0:0:0:0:0:0:0:0
