mtfs-sentinel-dataset-v1,feature_schema_version,size,target,transport,timestamp_us,interval_us,media_generation,validity,flags,samples,label,marker,build_type,command,scenario_origin,stage,severity,injection_kind,injection_operation_mask,injection_rate_permille,requested_delay_us,actual_injection_count,random_seed,sequence,read_calls,read_sectors,read_ok,read_fail,read_timing,read_invalid,read_total_us,read_avg_us,write_calls,write_sectors,write_ok,write_fail,write_timing,write_invalid,write_total_us,write_avg_us,sync_calls,sync_sectors,sync_ok,sync_fail,sync_timing,sync_invalid,sync_total_us,sync_avg_us,io_error,not_ready,no_media,timeout,insert,remove,media_error,transport_validity,transport_flags,transport_reset_epoch,transport_errors,transfer_timeouts,ready_timeouts,aborts,clock_errors,histogram_r_w_s
mtfs-sentinel-dataset-v1,1,952,1398033974,1229212993,1990016,1630091,1,511,0,1,normal,1,Release,record,natural,natural,0,none,0,0,0,0,0,1,9,16,9,0,9,0,5910,656,10,17,10,0,10,0,540072,54007,2,0,2,0,2,0,11,5,0,0,0,0,0,0,0,15,1,0,0,0,0,0,0,0:0:0:0:0:0:0:0:0:0:9:0:0:0:0:0:0:0:0:0:0:0:0:0:0:0:0:0:0:0:0:0:0:0:0:0:0:0:9:1:0:0:0:0:0:0:0:2:0:0:0:0:0:0:0:0:0:0:0:0:0:0:0:0:0:0
mtfs-sentinel-dataset-v1,1,952,1398033974,1229212993,3440016,1450000,1,511,0,1,normal,2,Release,record,natural,natural,0,none,0,0,0,0,0,2,9,16,9,0,9,0,5893,654,10,17,10,0,10,0,406022,40602,2,0,2,0,2,0,10,5,0,0,0,0,0,0,0,15,1,0,0,0,0,0,0,0:0:0:0:0:0:0:0:0:0:9:0:0:0:0:0:0:0:0:0:0:0:0:0:0:0:0:0:0:0:0:0:0:0:0:3:0:0:6:1:0:0:0:0:0:0:0:2:0:0:0:0:0:0:0:0:0:0:0:0:0:0:0:0:0:0
mtfs-sentinel-dataset-v1,1,952,1398033974,1229212993,4620016,1180000,1,511,0,1,normal,3,Release,record,natural,natural,0,none,0,0,0,0,0,3,9,16,9,0,9,0,5913,657,10,17,10,0,10,0,136331,13633,2,0,2,0,2,0,11,5,0,0,0,0,0,0,0,15,1,0,0,0,0,0,0,0:0:0:0:0:0:0:0:0:0:9:0:0:0:0:0:0:0:0:0:0:0:0:0:0:0:0:0:0:0:0:0:0:0:2:7:0:0:0:1:0:0:0:0:0:0:0:2:0:0:0:0:0:0:0:0:0:0:0:0:0:0:0:0:0:0
mtfs-sentinel-dataset-v1,1,952,1398033974,1229212993,5810016,1190000,1,511,0,1,normal,4,Release,record,natural,natural,0,none,0,0,0,0,0,4,9,16,9,0,9,0,5846,649,10,17,10,0,10,0,138687,13868,2,0,2,0,2,0,10,5,0,0,0,0,0,0,0,15,1,0,0,0,0,0,0,0:0:0:0:0:0:0:0:0:0:9:0:0:0:0:0:0:0:0:0:0:0:0:0:0:0:0:0:0:0:0:0:0:0:2:7:0:0:0:1:0:0:0:0:0:0:0:2:0:0:0:0:0:0:0:0:0:0:0:0:0:0:0:0:0:0
mtfs-sentinel-dataset-v1,1,952,1398033974,1229212993,6990016,1180000,1,511,0,1,normal,5,Release,record,natural,natural,0,none,0,0,0,0,0,5,9,16,9,0,9,0,5959,662,10,17,10,0,10,0,135017,13501,2,0,2,0,2,0,10,5,0,0,0,0,0,0,0,15,1,0,0,0,0,0,0,0:0:0:0:0:0:0:0:0:0:9:0:0:0:0:0:0:0:0:0:0:0:0:0:0:0:0:0:0:0:0:0:0:0:1:8:0:0:0:1:0:0:0:0:0:0:0:2:0:0:0:0:0:0:0:0:0:0:0:0:0:0:0:0:0:0
mtfs-sentinel-dataset-v1,1,952,1398033974,1229212993,8180016,1190000,1,511,0,1,normal,6,Release,record,natural,natural,0,none,0,0,0,0,0,6,9,16,9,0,9,0,5920,657,10,17,10,0,10,0,139382,13938,2,0,2,0,2,0,10,5,0,0,0,0,0,0,0,15,1,0,0,0,0,0,0,0:0:0:0:0:0:0:0:0:0:9:0:0:0:0:0:0:0:0:0:0:0:0:0:0:0:0:0:0:0:0:0:0:0:1:8:0:0:0:1:0:0:0:0:0:0:0:2:0:0:0:0:0:0:0:0:0:0:0:0:0:0:0:0:0:0
mtfs-sentinel-dataset-v1,1,952,1398033974,1229212993,9360016,1180000,1,511,0,1,normal,7,Release,record,natural,natural,0,none,0,0,0,0,0,7,9,16,9,0,9,0,6254,694,10,17,10,0,10,0,135430,13543,2,0,2,0,2,0,10,5,0,0,0,0,0,0,0,15,1,0,0,0,0,0,0,0:0:0:0:0:0:0:0:0:0:8:1:0:0:0:0:0:0:0:0:0:0:0:0:0:0:0:0:0:0:0:0:0:0:2:7:0:0:0:1:0:0:0:0:0:0:0:2:0:0:0:0:0:0:0:0:0:0:0:0:0:0:0:0:0:0
mtfs-sentinel-dataset-v1,1,952,1398033974,1229212993,10510016,1150000,1,511,0,1,normal,8,Release,record,natural,natural,0,none,0,0,0,0,0,8,9,16,9,0,9,0,6034,670,10,17,10,0,10,0,106776,10677,2,0,2,0,2,0,10,5,0,0,0,0,0,0,0,15,1,0,0,0,0,0,0,0:0:0:0:0:0:0:0:0:0:8:1:0:0:0:0:0:0:0:0:0:0:0:0:0:0:0:0:0:0:0:0:0:0:2:7:0:0:1:0:0:0:0:0:0:0:0:2:0:0:0:0:0:0:0:0:0:0:0:0:0:0:0:0:0:0
mtfs-sentinel-dataset-v1,1,952,1398033974,1229212993,11600016,1090000,1,511,0,1,normal,9,Release,record,natural,natural,0,none,0,0,0,0,0,9,9,16,9,0,9,0,6010,667,10,17,10,0,10,0,44123,4412,2,0,2,0,2,0,12,6,0,0,0,0,0,0,0,15,1,0,0,0,0,0,0,0:0:0:0:0:0:0:0:0:0:9:0:0:0:0:0:0:0:0:0:0:0:0:0:0:0:0:0:0:0:0:0:0:0:3:7:0:0:0:0:0:0:0:0:0:0:0:2:0:0:0:0:0:0:0:0:0:0:0:0:0:0:0:0:0:0
mtfs-sentinel-dataset-v1,1,952,1398033974,1229212993,12690016,1090000,1,511,0,1,normal,10,Release,record,natural,natural,0,none,0,0,0,0,0,10,9,16,9,0,9,0,5919,657,10,17,10,0,10,0,47044,4704,2,0,2,0,2,0,11,5,0,0,0,0,0,0,0,15,1,0,0,0,0,0,0,0:0:0:0:0:0:0:0:0:0:9:0:0:0:0:0:0:0:0:0:0:0:0:0:0:0:0:0:0:0:0:0:0:0:2:8:0:0:0:0:0:0:0:0:0:0:0:2:0:0:0:0:0:0:0:0:0:0:0:0:0:0:0:0:0:0
mtfs-sentinel-dataset-v1,1,952,1398033974,1229212993,13780016,1090000,1,511,0,1,normal,11,Release,record,natural,natural,0,none,0,0,0,0,0,11,9,16,9,0,9,0,6208,689,10,17,10,0,10,0,46046,4604,2,0,2,0,2,0,10,5,0,0,0,0,0,0,0,15,1,0,0,0,0,0,0,0:0:0:0:0:0:0:0:0:0:8:1:0:0:0:0:0:0:0:0:0:0:0:0:0:0:0:0:0:0:0:0:0:0:2:8:0:0:0:0:0:0:0:0:0:0:0:2:0:0:0:0:0:0:0:0:0:0:0:0:0:0:0:0:0:0
mtfs-sentinel-dataset-v1,1,952,1398033974,1229212993,14880016,1100000,1,511,0,1,normal,12,Release,record,natural,natural,0,none,0,0,0,0,0,12,9,16,9,0,9,0,6083,675,10,17,10,0,10,0,46825,4682,2,0,2,0,2,0,11,5,0,0,0,0,0,0,0,15,1,0,0,0,0,0,0,0:0:0:0:0:0:0:0:0:0:8:1:0:0:0:0:0:0:0:0:0:0:0:0:0:0:0:0:0:0:0:0:0:0:2:8:0:0:0:0:0:0:0:0:0:0:0:2:0:0:0:0:0:0:0:0:0:0:0:0:0:0:0:0:0:0
mtfs-sentinel-dataset-v1,1,952,1398033974,1229212993,15970016,1090000,1,511,0,1,normal,13,Release,record,natural,natural,0,none,0,0,0,0,0,13,9,16,9,0,9,0,6025,669,10,17,10,0,10,0,44174,4417,2,0,2,0,2,0,10,5,0,0,0,0,0,0,0,15,1,0,0,0,0,0,0,0:0:0:0:0:0:0:0:0:0:9:0:0:0:0:0:0:0:0:0:0:0:0:0:0:0:0:0:0:0:0:0:0:0:3:7:0:0:0:0:0:0:0:0:0:0:0:2:0:0:0:0:0:0:0:0:0:0:0:0:0:0:0:0:0:0
mtfs-sentinel-dataset-v1,1,952,1398033974,1229212993,17070016,1100000,1,511,0,1,normal,14,Release,record,natural,natural,0,none,0,0,0,0,0,14,9,16,9,0,9,0,5951,661,10,17,10,0,10,0,47456,4745,2,0,2,0,2,0,10,5,0,0,0,0,0,0,0,15,1,0,0,0,0,0,0,0:0:0:0:0:0:0:0:0:0:9:0:0:0:0:0:0:0:0:0:0:0:0:0:0:0:0:0:0:0:0:0:0:0:1:9:0:0:0:0:0:0:0:0:0:0:0:2:0:0:0:0:0:0:0:0:0:0:0:0:0:0:0:0:0:0
mtfs-sentinel-dataset-v1,1,952,1398033974,1229212993,18160016,1090000,1,511,0,1,normal,15,Release,record,natural,natural,0,none,0,0,0,0,0,15,9,16,9,0,9,0,6167,685,10,17,10,0,10,0,46205,4620,2,0,2,0,2,0,12,6,0,0,0,0,0,0,0,15,1,0,0,0,0,0,0,0:0:0:0:0:0:0:0:0:0:8:1:0:0:0:0:0:0:0:0:0:0:0:0:0:0:0:0:0:0:0:0:0:0:1:9:0:0:0:0:0:0:0:0:0:0:0:2:0:0:0:0:0:0:0:0:0:0:0:0:0:0:0:0:0:0
mtfs-sentinel-dataset-v1,1,952,1398033974,1229212993,19260016,1100000,1,511,0,1,normal,16,Release,record,natural,natural,0,none,0,0,0,0,0,16,9,16,9,0,9,0,6074,674,10,17,10,0,10,0,46986,4698,2,0,2,0,2,0,10,5,0,0,0,0,0,0,0,15,1,0,0,0,0,0,0,0:0:0:0:0:0:0:0:0:0:8:1:0:0:0:0:0:0:0:0:0:0:0:0:0:0:0:0:0:0:0:0:0:0:2:8:0:0:0:0:0:0:0:0:0:0:0:2:0:0:0:0:0:0:0:0:0:0:0:0:0:0:0:0:0:0
mtfs-sentinel-dataset-v1,1,952,1398033974,1229212993,20350016,1090000,1,511,0,1,normal,17,Release,record,natural,natural,0,none,0,0,0,0,0,17,9,16,9,0,9,0,5994,666,10,17,10,0,10,0,43869,4386,2,0,2,0,2,0,10,5,0,0,0,0,0,0,0,15,1,0,0,0,0,0,0,0:0:0:0:0:0:0:0:0:0:9:0:0:0:0:0:0:0:0:0:0:0:0:0:0:0:0:0:0:0:0:0:0:0:2:8:0:0:0:0:0:0:0:0:0:0:0:2:0:0:0:0:0:0:0:0:0:0:0:0:0:0:0:0:0:0
mtfs-sentinel-dataset-v1,1,952,1398033974,1229212993,21450016,1100000,1,511,0,1,normal,18,Release,record,natural,natural,0,none,0,0,0,0,0,18,9,16,9,0,9,0,5909,656,10,17,10,0,10,0,47437,4743,2,0,2,0,2,0,11,5,0,0,0,0,0,0,0,15,1,0,0,0,0,0,0,0:0:0:0:0:0:0:0:0:0:9:0:0:0:0:0:0:0:0:0:0:0:0:0:0:0:0:0:0:0:0:0:0:0:1:9:0:0:0:0:0:0:0:0:0:0:0:2:0:0:0:0:0:0:0:0:0:0:0:0:0:0:0:0:0:0
mtfs-sentinel-dataset-v1,1,952,1398033974,1229212993,22540016,1090000,1,511,0,1,normal,19,Release,record,natural,natural,0,none,0,0,0,0,0,19,9,16,9,0,9,0,6332,703,10,17,10,0,10,0,46156,4615,2,0,2,0,2,0,10,5,0,0,0,0,0,0,0,15,1,0,0,0,0,0,0,0:0:0:0:0:0:0:0:0:0:8:1:0:0:0:0:0:0:0:0:0:0:0:0:0:0:0:0:0:0:0:0:0:0:2:8:0:0:0:0:0:0:0:0:0:0:0:2:0:0:0:0:0:0:0:0:0:0:0:0:0:0:0:0:0:0
mtfs-sentinel-dataset-v1,1,952,1398033974,1229212993,23630016,1090000,1,511,0,1,normal,20,Release,record,natural,natural,0,none,0,0,0,0,0,20,9,16,9,0,9,0,6101,677,10,17,10,0,10,0,46574,4657,2,0,2,0,2,0,11,5,0,0,0,0,0,0,0,15,1,0,0,0,0,0,0,0:0:0:0:0:0:0:0:0:0:8:1:0:0:0:0:0:0:0:0:0:0:0:0:0:0:0:0:0:0:0:0:0:0:2:8:0:0:0:0:0:0:0:0:0:0:0:2:0:0:0:0:0:0:0:0:0:0:0:0:0:0:0:0:0:0
mtfs-sentinel-dataset-v1,1,952,1398033974,1229212993,24720016,1090000,1,511,0,1,normal,21,Release,record,natural,natural,0,none,0,0,0,0,0,21,9,16,9,0,9,0,5966,662,10,17,10,0,10,0,44160,4416,2,0,2,0,2,0,10,5,0,0,0,0,0,0,0,15,1,0,0,0,0,0,0,0:0:0:0:0:0:0:0:0:0:9:0:0:0:0:0:0:0:0:0:0:0:0:0:0:0:0:0:0:0:0:0:0:0:3:7:0:0:0:0:0:0:0:0:0:0:0:2:0:0:0:0:0:0:0:0:0:0:0:0:0:0:0:0:0:0
mtfs-sentinel-dataset-v1,1,952,1398033974,1229212993,25820016,1100000,1,511,0,1,normal,22,Release,record,natural,natural,0,none,0,0,0,0,0,22,9,16,9,0,9,0,5893,654,10,17,10,0,10,0,46947,4694,2,0,2,0,2,0,10,5,0,0,0,0,0,0,0,15,1,0,0,0,0,0,0,0:0:0:0:0:0:0:0:0:0:9:0:0:0:0:0:0:0:0:0:0:0:0:0:0:0:0:0:0:0:0:0:0:0:1:9:0:0:0:0:0:0:0:0:0:0:0:2:0:0:0:0:0:0:0:0:0:0:0:0:0:0:0:0:0:0
mtfs-sentinel-dataset-v1,1,952,1398033974,1229212993,26910016,1090000,1,511,0,1,normal,23,Release,record,natural,natural,0,none,0,0,0,0,0,23,9,16,9,0,9,0,6190,687,10,17,10,0,10,0,45672,4567,2,0,2,0,2,0,11,5,0,0,0,0,0,0,0,15,1,0,0,0,0,0,0,0:0:0:0:0:0:0:0:0:0:8:1:0:0:0:0:0:0:0:0:0:0:0:0:0:0:0:0:0:0:0:0:0:0:1:9:0:0:0:0:0:0:0:0:0:0:0:2:0:0:0:0:0:0:0:0:0:0:0:0:0:0:0:0:0:0
mtfs-sentinel-dataset-v1,1,952,1398033974,1229212993,28000016,1090000,1,511,0,1,normal,24,Release,record,natural,natural,0,none,0,0,0,0,0,24,9,16,9,0,9,0,6171,685,10,17,10,0,10,0,46409,4640,2,0,2,0,2,0,11,5,0,0,0,0,0,0,0,15,1,0,0,0,0,0,0,0:0:0:0:0:0:0:0:0:0:8:1:0:0:0:0:0:0:0:0:0:0:0:0:0:0:0:0:0:0:0:0:0:0:2:8:0:0:0:0:0:0:0:0:0:0:0:2:0:0:0:0:0:0:0:0:0:0:0:0:0:0:0:0:0:0
mtfs-sentinel-dataset-v1,1,952,1398033974,1229212993,29090016,1090000,1,511,0,1,normal,25,Release,record,natural,natural,0,none,0,0,0,0,0,25,9,16,9,0,9,0,5996,666,10,17,10,0,10,0,43729,4372,2,0,2,0,2,0,11,5,0,0,0,0,0,0,0,15,1,0,0,0,0,0,0,0:0:0:0:0:0:0:0:0:0:9:0:0:0:0:0:0:0:0:0:0:0:0:0:0:0:0:0:0:0:0:0:0:0:3:7:0:0:0:0:0:0:0:0:0:0:0:2:0:0:0:0:0:0:0:0:0:0:0:0:0:0:0:0:0:0
mtfs-sentinel-dataset-v1,1,952,1398033974,1229212993,30190016,1100000,1,511,0,1,normal,26,Release,record,natural,natural,0,none,0,0,0,0,0,26,9,16,9,0,9,0,5845,649,10,17,10,0,10,0,52655,5265,2,0,2,0,2,0,11,5,0,0,0,0,0,0,0,15,1,0,0,0,0,0,0,0:0:0:0:0:0:0:0:0:0:9:0:0:0:0:0:0:0:0:0:0:0:0:0:0:0:0:0:0:0:0:0:0:0:1:8:1:0:0:0:0:0:0:0:0:0:0:2:0:0:0:0:0:0:0:0:0:0:0:0:0:0:0:0:0:0
mtfs-sentinel-dataset-v1,1,952,1398033974,1229212993,31280016,1090000,1,511,0,1,normal,27,Release,record,natural,natural,0,none,0,0,0,0,0,27,9,16,9,0,9,0,6171,685,10,17,10,0,10,0,45875,4587,2,0,2,0,2,0,10,5,0,0,0,0,0,0,0,15,1,0,0,0,0,0,0,0:0:0:0:0:0:0:0:0:0:8:1:0:0:0:0:0:0:0:0:0:0:0:0:0:0:0:0:0:0:0:0:0:0:2:8:0:0:0:0:0:0:0:0:0:0:0:2:0:0:0:0:0:0:0:0:0:0:0:0:0:0:0:0:0:0
mtfs-sentinel-dataset-v1,1,952,1398033974,1229212993,32370016,1090000,1,511,0,1,normal,28,Release,record,natural,natural,0,none,0,0,0,0,0,28,9,16,9,0,9,0,5992,665,10,17,10,0,10,0,46480,4648,2,0,2,0,2,0,10,5,0,0,0,0,0,0,0,15,1,0,0,0,0,0,0,0:0:0:0:0:0:0:0:0:0:8:1:0:0:0:0:0:0:0:0:0:0:0:0:0:0:0:0:0:0:0:0:0:0:2:8:0:0:0:0:0:0:0:0:0:0:0:2:0:0:0:0:0:0:0:0:0:0:0:0:0:0:0:0:0:0
mtfs-sentinel-dataset-v1,1,952,1398033974,1229212993,33460016,1090000,1,511,0,1,normal,29,Release,record,natural,natural,0,none,0,0,0,0,0,29,9,16,9,0,9,0,6005,667,10,17,10,0,10,0,43718,4371,2,0,2,0,2,0,11,5,0,0,0,0,0,0,0,15,1,0,0,0,0,0,0,0:0:0:0:0:0:0:0:0:0:9:0:0:0:0:0:0:0:0:0:0:0:0:0:0:0:0:0:0:0:0:0:0:0:4:6:0:0:0:0:0:0:0:0:0:0:0:2:0:0:0:0:0:0:0:0:0:0:0:0:0:0:0:0:0:0
mtfs-sentinel-dataset-v1,1,952,1398033974,1229212993,34560016,1100000,1,511,0,1,normal,30,Release,record,natural,natural,0,none,0,0,0,0,0,30,9,16,9,0,9,0,5900,655,10,17,10,0,10,0,47237,4723,2,0,2,0,2,0,11,5,0,0,0,0,0,0,0,15,1,0,0,0,0,0,0,0:0:0:0:0:0:0:0:0:0:9:0:0:0:0:0:0:0:0:0:0:0:0:0:0:0:0:0:0:0:0:0:0:0:1:9:0:0:0:0:0:0:0:0:0:0:0:2:0:0:0:0:0:0:0:0:0:0:0:0:0:0:0:0:0:0
mtfs-sentinel-dataset-v1,1,952,1398033974,1229212993,35650016,1090000,1,511,0,1,normal,31,Release,record,natural,natural,0,none,0,0,0,0,0,31,9,16,9,0,9,0,6133,681,10,17,10,0,10,0,45807,4580,2,0,2,0,2,0,10,5,0,0,0,0,0,0,0,15,1,0,0,0,0,0,0,0:0:0:0:0:0:0:0:0:0:8:1:0:0:0:0:0:0:0:0:0:0:0:0:0:0:0:0:0:0:0:0:0:0:2:8:0:0:0:0:0:0:0:0:0:0:0:2:0:0:0:0:0:0:0:0:0:0:0:0:0:0:0:0:0:0
mtfs-sentinel-dataset-v1,1,952,1398033974,1229212993,36740016,1090000,1,511,0,1,normal,32,Release,record,natural,natural,0,none,0,0,0,0,0,32,9,16,9,0,9,0,5919,657,10,17,10,0,10,0,46636,4663,2,0,2,0,2,0,11,5,0,0,0,0,0,0,0,15,1,0,0,0,0,0,0,0:0:0:0:0:0:0:0:0:0:8:1:0:0:0:0:0:0:0:0:0:0:0:0:0:0:0:0:0:0:0:0:0:0:2:8:0:0:0:0:0:0:0:0:0:0:0:2:0:0:0:0:0:0:0:0:0:0:0:0:0:0:0:0:0:0
mtfs-sentinel-dataset-v1,1,952,1398033974,1229212993,37830016,1090000,1,511,0,1,normal,33,Release,record,natural,natural,0,none,0,0,0,0,0,33,9,16,9,0,9,0,5952,661,10,17,10,0,10,0,43601,4360,2,0,2,0,2,0,10,5,0,0,0,0,0,0,0,15,1,0,0,0,0,0,0,0:0:0:0:0:0:0:0:0:0:9:0:0:0:0:0:0:0:0:0:0:0:0:0:0:0:0:0:0:0:0:0:0:0:6:4:0:0:0:0:0:0:0:0:0:0:0:2:0:0:0:0:0:0:0:0:0:0:0:0:0:0:0:0:0:0
mtfs-sentinel-dataset-v1,1,952,1398033974,1229212993,38930016,1100000,1,511,0,1,normal,34,Release,record,natural,natural,0,none,0,0,0,0,0,34,9,16,9,0,9,0,5915,657,10,17,10,0,10,0,47280,4728,2,0,2,0,2,0,11,5,0,0,0,0,0,0,0,15,1,0,0,0,0,0,0,0:0:0:0:0:0:0:0:0:0:9:0:0:0:0:0:0:0:0:0:0:0:0:0:0:0:0:0:0:0:0:0:0:0:2:8:0:0:0:0:0:0:0:0:0:0:0:2:0:0:0:0:0:0:0:0:0:0:0:0:0:0:0:0:0:0
mtfs-sentinel-dataset-v1,1,952,1398033974,1229212993,40020016,1090000,1,511,0,1,normal,35,Release,record,natural,natural,0,none,0,0,0,0,0,35,9,16,9,0,9,0,6169,685,10,17,10,0,10,0,46151,4615,2,0,2,0,2,0,10,5,0,0,0,0,0,0,0,15,1,0,0,0,0,0,0,0:0:0:0:0:0:0:0:0:0:8:1:0:0:0:0:0:0:0:0:0:0:0:0:0:0:0:0:0:0:0:0:0:0:2:8:0:0:0:0:0:0:0:0:0:0:0:2:0:0:0:0:0:0:0:0:0:0:0:0:0:0:0:0:0:0
mtfs-sentinel-dataset-v1,1,952,1398033974,1229212993,41110016,1090000,1,511,0,1,normal,36,Release,record,natural,natural,0,none,0,0,0,0,0,36,9,16,9,0,9,0,5908,656,10,17,10,0,10,0,46493,4649,2,0,2,0,2,0,11,5,0,0,0,0,0,0,0,15,1,0,0,0,0,0,0,0:0:0:0:0:0:0:0:0:0:9:0:0:0:0:0:0:0:0:0:0:0:0:0:0:0:0:0:0:0:0:0:0:0:2:8:0:0:0:0:0:0:0:0:0:0:0:2:0:0:0:0:0:0:0:0:0:0:0:0:0:0:0:0:0:0
mtfs-sentinel-dataset-v1,1,952,1398033974,1229212993,42200016,1090000,1,511,0,1,normal,37,Release,record,natural,natural,0,none,0,0,0,0,0,37,9,16,9,0,9,0,6030,670,10,17,10,0,10,0,44157,4415,2,0,2,0,2,0,10,5,0,0,0,0,0,0,0,15,1,0,0,0,0,0,0,0:0:0:0:0:0:0:0:0:0:9:0:0:0:0:0:0:0:0:0:0:0:0:0:0:0:0:0:0:0:0:0:0:0:3:7:0:0:0:0:0:0:0:0:0:0:0:2:0:0:0:0:0:0:0:0:0:0:0:0:0:0:0:0:0:0
mtfs-sentinel-dataset-v1,1,952,1398033974,1229212993,43300016,1100000,1,511,0,1,normal,38,Release,record,natural,natural,0,none,0,0,0,0,0,38,9,16,9,0,9,0,5944,660,10,17,10,0,10,0,47195,4719,2,0,2,0,2,0,10,5,0,0,0,0,0,0,0,15,1,0,0,0,0,0,0,0:0:0:0:0:0:0:0:0:0:9:0:0:0:0:0:0:0:0:0:0:0:0:0:0:0:0:0:0:0:0:0:0:0:1:9:0:0:0:0:0:0:0:0:0:0:0:2:0:0:0:0:0:0:0:0:0:0:0:0:0:0:0:0:0:0
mtfs-sentinel-dataset-v1,1,952,1398033974,1229212993,44390016,1090000,1,511,0,1,normal,39,Release,record,natural,natural,0,none,0,0,0,0,0,39,9,16,9,0,9,0,6175,686,10,17,10,0,10,0,45574,4557,2,0,2,0,2,0,10,5,0,0,0,0,0,0,0,15,1,0,0,0,0,0,0,0:0:0:0:0:0:0:0:0:0:8:1:0:0:0:0:0:0:0:0:0:0:0:0:0:0:0:0:0:0:0:0:0:0:3:7:0:0:0:0:0:0:0:0:0:0:0:2:0:0:0:0:0:0:0:0:0:0:0:0:0:0:0:0:0:0
mtfs-sentinel-dataset-v1,1,952,1398033974,1229212993,45480016,1090000,1,511,0,1,normal,40,Release,record,natural,natural,0,none,0,0,0,0,0,40,9,16,9,0,9,0,6045,671,10,17,10,0,10,0,46700,4670,2,0,2,0,2,0,11,5,0,0,0,0,0,0,0,15,1,0,0,0,0,0,0,0:0:0:0:0:0:0:0:0:0:8:1:0:0:0:0:0:0:0:0:0:0:0:0:0:0:0:0:0:0:0:0:0:0:2:8:0:0:0:0:0:0:0:0:0:0:0:2:0:0:0:0:0:0:0:0:0:0:0:0:0:0:0:0:0:0
mtfs-sentinel-dataset-v1,1,952,1398033974,1229212993,46570016,1090000,1,511,0,1,normal,41,Release,record,natural,natural,0,none,0,0,0,0,0,41,9,16,9,0,9,0,5987,665,10,17,10,0,10,0,43722,4372,2,0,2,0,2,0,11,5,0,0,0,0,0,0,0,15,1,0,0,0,0,0,0,0:0:0:0:0:0:0:0:0:0:9:0:0:0:0:0:0:0:0:0:0:0:0:0:0:0:0:0:0:0:0:0:0:0:5:5:0:0:0:0:0:0:0:0:0:0:0:2:0:0:0:0:0:0:0:0:0:0:0:0:0:0:0:0:0:0
mtfs-sentinel-dataset-v1,1,952,1398033974,1229212993,47670016,1100000,1,511,0,1,normal,42,Release,record,natural,natural,0,none,0,0,0,0,0,42,9,16,9,0,9,0,5942,660,10,17,10,0,10,0,47165,4716,2,0,2,0,2,0,11,5,0,0,0,0,0,0,0,15,1,0,0,0,0,0,0,0:0:0:0:0:0:0:0:0:0:9:0:0:0:0:0:0:0:0:0:0:0:0:0:0:0:0:0:0:0:0:0:0:0:1:9:0:0:0:0:0:0:0:0:0:0:0:2:0:0:0:0:0:0:0:0:0:0:0:0:0:0:0:0:0:0
mtfs-sentinel-dataset-v1,1,952,1398033974,1229212993,48780016,1110000,1,511,0,1,normal,43,Release,record,natural,natural,0,none,0,0,0,0,0,43,9,16,9,0,9,0,6135,681,10,17,10,0,10,0,58884,5888,2,0,2,0,2,0,10,5,0,0,0,0,0,0,0,15,1,0,0,0,0,0,0,0:0:0:0:0:0:0:0:0:0:8:1:0:0:0:0:0:0:0:0:0:0:0:0:0:0:0:0:0:0:0:0:0:0:4:5:0:1:0:0:0:0:0:0:0:0:0:2:0:0:0:0:0:0:0:0:0:0:0:0:0:0:0:0:0:0
mtfs-sentinel-dataset-v1,1,952,1398033974,1229212993,49870016,1090000,1,511,0,1,normal,44,Release,record,natural,natural,0,none,0,0,0,0,0,44,9,16,9,0,9,0,5996,666,10,17,10,0,10,0,46561,4656,2,0,2,0,2,0,10,5,0,0,0,0,0,0,0,15,1,0,0,0,0,0,0,0:0:0:0:0:0:0:0:0:0:8:1:0:0:0:0:0:0:0:0:0:0:0:0:0:0:0:0:0:0:0:0:0:0:2:8:0:0:0:0:0:0:0:0:0:0:0:2:0:0:0:0:0:0:0:0:0:0:0:0:0:0:0:0:0:0
mtfs-sentinel-dataset-v1,1,952,1398033974,1229212993,50960016,1090000,1,511,0,1,normal,45,Release,record,natural,natural,0,none,0,0,0,0,0,45,9,16,9,0,9,0,5975,663,10,17,10,0,10,0,44204,4420,2,0,2,0,2,0,11,5,0,0,0,0,0,0,0,15,1,0,0,0,0,0,0,0:0:0:0:0:0:0:0:0:0:9:0:0:0:0:0:0:0:0:0:0:0:0:0:0:0:0:0:0:0:0:0:0:0:4:6:0:0:0:0:0:0:0:0:0:0:0:2:0:0:0:0:0:0:0:0:0:0:0:0:0:0:0:0:0:0
mtfs-sentinel-dataset-v1,1,952,1398033974,1229212993,52060016,1100000,1,511,0,1,normal,46,Release,record,natural,natural,0,none,0,0,0,0,0,46,9,16,9,0,9,0,5879,653,10,17,10,0,10,0,47217,4721,2,0,2,0,2,0,11,5,0,0,0,0,0,0,0,15,1,0,0,0,0,0,0,0:0:0:0:0:0:0:0:0:0:9:0:0:0:0:0:0:0:0:0:0:0:0:0:0:0:0:0:0:0:0:0:0:0:2:8:0:0:0:0:0:0:0:0:0:0:0:2:0:0:0:0:0:0:0:0:0:0:0:0:0:0:0:0:0:0
mtfs-sentinel-dataset-v1,1,952,1398033974,1229212993,53150016,1090000,1,511,0,1,normal,47,Release,record,natural,natural,0,none,0,0,0,0,0,47,9,16,9,0,9,0,6148,683,10,17,10,0,10,0,45966,4596,2,0,2,0,2,0,10,5,0,0,0,0,0,0,0,15,1,0,0,0,0,0,0,0:0:0:0:0:0:0:0:0:0:8:1:0:0:0:0:0:0:0:0:0:0:0:0:0:0:0:0:0:0:0:0:0:0:3:7:0:0:0:0:0:0:0:0:0:0:0:2:0:0:0:0:0:0:0:0:0:0:0:0:0:0:0:0:0:0
mtfs-sentinel-dataset-v1,1,952,1398033974,1229212993,54240016,1090000,1,511,0,1,normal,48,Release,record,natural,natural,0,none,0,0,0,0,0,48,9,16,9,0,9,0,6008,667,10,17,10,0,10,0,46626,4662,2,0,2,0,2,0,11,5,0,0,0,0,0,0,0,15,1,0,0,0,0,0,0,0:0:0:0:0:0:0:0:0:0:8:1:0:0:0:0:0:0:0:0:0:0:0:0:0:0:0:0:0:0:0:0:0:0:2:8:0:0:0:0:0:0:0:0:0:0:0:2:0:0:0:0:0:0:0:0:0:0:0:0:0:0:0:0:0:0
mtfs-sentinel-dataset-v1,1,952,1398033974,1229212993,55330016,1090000,1,511,0,1,normal,49,Release,record,natural,natural,0,none,0,0,0,0,0,49,9,16,9,0,9,0,5981,664,10,17,10,0,10,0,43929,4392,2,0,2,0,2,0,10,5,0,0,0,0,0,0,0,15,1,0,0,0,0,0,0,0:0:0:0:0:0:0:0:0:0:9:0:0:0:0:0:0:0:0:0:0:0:0:0:0:0:0:0:0:0:0:0:0:0:4:6:0:0:0:0:0:0:0:0:0:0:0:2:0:0:0:0:0:0:0:0:0:0:0:0:0:0:0:0:0:0
mtfs-sentinel-dataset-v1,1,952,1398033974,1229212993,56430016,1100000,1,511,0,1,normal,50,Release,record,natural,natural,0,none,0,0,0,0,0,50,9,16,9,0,9,0,5974,663,10,17,10,0,10,0,47037,4703,2,0,2,0,2,0,10,5,0,0,0,0,0,0,0,15,1,0,0,0,0,0,0,0:0:0:0:0:0:0:0:0:0:9:0:0:0:0:0:0:0:0:0:0:0:0:0:0:0:0:0:0:0:0:0:0:0:1:9:0:0:0:0:0:0:0:0:0:0:0:2:0:0:0:0:0:0:0:0:0:0:0:0:0:0:0:0:0:0
mtfs-sentinel-dataset-v1,1,952,1398033974,1229212993,57530016,1100000,1,511,0,1,normal,51,Release,record,natural,natural,0,none,0,0,0,0,0,51,9,16,9,0,9,0,6052,672,10,17,10,0,10,0,51876,5187,2,0,2,0,2,0,10,5,0,0,0,0,0,0,0,15,1,0,0,0,0,0,0,0:0:0:0:0:0:0:0:0:0:8:1:0:0:0:0:0:0:0:0:0:0:0:0:0:0:0:0:0:0:0:0:0:0:2:7:1:0:0:0:0:0:0:0:0:0:0:2:0:0:0:0:0:0:0:0:0:0:0:0:0:0:0:0:0:0
mtfs-sentinel-dataset-v1,1,952,1398033974,1229212993,58620016,1090000,1,511,0,1,normal,52,Release,record,natural,natural,0,none,0,0,0,0,0,52,9,16,9,0,9,0,5947,660,10,17,10,0,10,0,46482,4648,2,0,2,0,2,0,10,5,0,0,0,0,0,0,0,15,1,0,0,0,0,0,0,0:0:0:0:0:0:0:0:0:0:8:1:0:0:0:0:0:0:0:0:0:0:0:0:0:0:0:0:0:0:0:0:0:0:2:8:0:0:0:0:0:0:0:0:0:0:0:2:0:0:0:0:0:0:0:0:0:0:0:0:0:0:0:0:0:0
mtfs-sentinel-dataset-v1,1,952,1398033974,1229212993,59710016,1090000,1,511,0,1,normal,53,Release,record,natural,natural,0,none,0,0,0,0,0,53,9,16,9,0,9,0,5939,659,10,17,10,0,10,0,43977,4397,2,0,2,0,2,0,10,5,0,0,0,0,0,0,0,15,1,0,0,0,0,0,0,0:0:0:0:0:0:0:0:0:0:9:0:0:0:0:0:0:0:0:0:0:0:0:0:0:0:0:0:0:0:0:0:0:0:4:6:0:0:0:0:0:0:0:0:0:0:0:2:0:0:0:0:0:0:0:0:0:0:0:0:0:0:0:0:0:0
mtfs-sentinel-dataset-v1,1,952,1398033974,1229212993,60810016,1100000,1,511,0,1,normal,54,Release,record,natural,natural,0,none,0,0,0,0,0,54,9,16,9,0,9,0,5926,658,10,17,10,0,10,0,47458,4745,2,0,2,0,2,0,10,5,0,0,0,0,0,0,0,15,1,0,0,0,0,0,0,0:0:0:0:0:0:0:0:0:0:9:0:0:0:0:0:0:0:0:0:0:0:0:0:0:0:0:0:0:0:0:0:0:0:2:8:0:0:0:0:0:0:0:0:0:0:0:2:0:0:0:0:0:0:0:0:0:0:0:0:0:0:0:0:0:0
mtfs-sentinel-dataset-v1,1,952,1398033974,1229212993,61900016,1090000,1,511,0,1,normal,55,Release,record,natural,natural,0,none,0,0,0,0,0,55,9,16,9,0,9,0,6157,684,10,17,10,0,10,0,46036,4603,2,0,2,0,2,0,11,5,0,0,0,0,0,0,0,15,1,0,0,0,0,0,0,0:0:0:0:0:0:0:0:0:0:8:1:0:0:0:0:0:0:0:0:0:0:0:0:0:0:0:0:0:0:0:0:0:0:2:8:0:0:0:0:0:0:0:0:0:0:0:2:0:0:0:0:0:0:0:0:0:0:0:0:0:0:0:0:0:0
mtfs-sentinel-dataset-v1,1,952,1398033974,1229212993,62990016,1090000,1,511,0,1,normal,56,Release,record,natural,natural,0,none,0,0,0,0,0,56,9,16,9,0,9,0,5982,664,10,17,10,0,10,0,46427,4642,2,0,2,0,2,0,10,5,0,0,0,0,0,0,0,15,1,0,0,0,0,0,0,0:0:0:0:0:0:0:0:0:0:8:1:0:0:0:0:0:0:0:0:0:0:0:0:0:0:0:0:0:0:0:0:0:0:2:8:0:0:0:0:0:0:0:0:0:0:0:2:0:0:0:0:0:0:0:0:0:0:0:0:0:0:0:0:0:0
mtfs-sentinel-dataset-v1,1,952,1398033974,1229212993,64080016,1090000,1,511,0,1,normal,57,Release,record,natural,natural,0,none,0,0,0,0,0,57,9,16,9,0,9,0,5962,662,10,17,10,0,10,0,44215,4421,2,0,2,0,2,0,10,5,0,0,0,0,0,0,0,15,1,0,0,0,0,0,0,0:0:0:0:0:0:0:0:0:0:9:0:0:0:0:0:0:0:0:0:0:0:0:0:0:0:0:0:0:0:0:0:0:0:3:7:0:0:0:0:0:0:0:0:0:0:0:2:0:0:0:0:0:0:0:0:0:0:0:0:0:0:0:0:0:0
mtfs-sentinel-dataset-v1,1,952,1398033974,1229212993,65180016,1100000,1,511,0,1,normal,58,Release,record,natural,natural,0,none,0,0,0,0,0,58,9,16,9,0,9,0,5936,659,10,17,10,0,10,0,47360,4736,2,0,2,0,2,0,10,5,0,0,0,0,0,0,0,15,1,0,0,0,0,0,0,0:0:0:0:0:0:0:0:0:0:9:0:0:0:0:0:0:0:0:0:0:0:0:0:0:0:0:0:0:0:0:0:0:0:2:8:0:0:0:0:0:0:0:0:0:0:0:2:0:0:0:0:0:0:0:0:0:0:0:0:0:0:0:0:0:0
mtfs-sentinel-dataset-v1,1,952,1398033974,1229212993,66270016,1090000,1,511,0,1,normal,59,Release,record,natural,natural,0,none,0,0,0,0,0,59,9,16,9,0,9,0,6210,690,10,17,10,0,10,0,46175,4617,2,0,2,0,2,0,10,5,0,0,0,0,0,0,0,15,1,0,0,0,0,0,0,0:0:0:0:0:0:0:0:0:0:8:1:0:0:0:0:0:0:0:0:0:0:0:0:0:0:0:0:0:0:0:0:0:0:1:9:0:0:0:0:0:0:0:0:0:0:0:2:0:0:0:0:0:0:0:0:0:0:0:0:0:0:0:0:0:0
mtfs-sentinel-dataset-v1,1,952,1398033974,1229212993,67360016,1090000,1,511,0,1,normal,60,Release,record,natural,natural,0,none,0,0,0,0,0,60,9,16,9,0,9,0,6031,670,10,17,10,0,10,0,46472,4647,2,0,2,0,2,0,10,5,0,0,0,0,0,0,0,15,1,0,0,0,0,0,0,0:0:0:0:0:0:0:0:0:0:8:1:0:0:0:0:0:0:0:0:0:0:0:0:0:0:0:0:0:0:0:0:0:0:2:8:0:0:0:0:0:0:0:0:0:0:0:2:0:0:0:0:0:0:0:0:0:0:0:0:0:0:0:0:0:0
mtfs-sentinel-dataset-v1,1,952,1398033974,1229212993,68450016,1090000,1,511,0,1,normal,61,Release,record,natural,natural,0,none,0,0,0,0,0,61,9,16,9,0,9,0,6002,666,10,17,10,0,10,0,44311,4431,2,0,2,0,2,0,11,5,0,0,0,0,0,0,0,15,1,0,0,0,0,0,0,0:0:0:0:0:0:0:0:0:0:9:0:0:0:0:0:0:0:0:0:0:0:0:0:0:0:0:0:0:0:0:0:0:0:3:7:0:0:0:0:0:0:0:0:0:0:0:2:0:0:0:0:0:0:0:0:0:0:0:0:0:0:0:0:0:0
mtfs-sentinel-dataset-v1,1,952,1398033974,1229212993,69550016,1100000,1,511,0,1,normal,62,Release,record,natural,natural,0,none,0,0,0,0,0,62,9,16,9,0,9,0,5984,664,10,17,10,0,10,0,47272,4727,2,0,2,0,2,0,10,5,0,0,0,0,0,0,0,15,1,0,0,0,0,0,0,0:0:0:0:0:0:0:0:0:0:9:0:0:0:0:0:0:0:0:0:0:0:0:0:0:0:0:0:0:0:0:0:0:0:2:8:0:0:0:0:0:0:0:0:0:0:0:2:0:0:0:0:0:0:0:0:0:0:0:0:0:0:0:0:0:0
mtfs-sentinel-dataset-v1,1,952,1398033974,1229212993,70640016,1090000,1,511,0,1,normal,63,Release,record,natural,natural,0,none,0,0,0,0,0,63,9,16,9,0,9,0,6144,682,10,17,10,0,10,0,45862,4586,2,0,2,0,2,0,10,5,0,0,0,0,0,0,0,15,1,0,0,0,0,0,0,0:0:0:0:0:0:0:0:0:0:8:1:0:0:0:0:0:0:0:0:0:0:0:0:0:0:0:0:0:0:0:0:0:0:2:8:0:0:0:0:0:0:0:0:0:0:0:2:0:0:0:0:0:0:0:0:0:0:0:0:0:0:0:0:0:0
mtfs-sentinel-dataset-v1,1,952,1398033974,1229212993,71740016,1100000,1,511,0,1,normal,64,Release,record,natural,natural,0,none,0,0,0,0,0,64,9,16,9,0,9,0,6145,682,10,17,10,0,10,0,46753,4675,2,0,2,0,2,0,10,5,0,0,0,0,0,0,0,15,1,0,0,0,0,0,0,0:0:0:0:0:0:0:0:0:0:8:1:0:0:0:0:0:0:0:0:0:0:0:0:0:0:0:0:0:0:0:0:0:0:2:8:0:0:0:0:0:0:0:0:0:0:0:2:0:0:0:0:0:0:0:0:0:0:0:0:0:0:0:0:0:0
mtfs-sentinel-dataset-v1,1,952,1398033974,1229212993,72830016,1090000,1,511,0,1,normal,65,Release,record,natural,natural,0,none,0,0,0,0,0,65,9,16,9,0,9,0,5982,664,10,17,10,0,10,0,44009,4400,2,0,2,0,2,0,11,5,0,0,0,0,0,0,0,15,1,0,0,0,0,0,0,0:0:0:0:0:0:0:0:0:0:9:0:0:0:0:0:0:0:0:0:0:0:0:0:0:0:0:0:0:0:0:0:0:0:4:6:0:0:0:0:0:0:0:0:0:0:0:2:0:0:0:0:0:0:0:0:0:0:0:0:0:0:0:0:0:0
mtfs-sentinel-dataset-v1,1,952,1398033974,1229212993,73930016,1100000,1,511,0,1,normal,66,Release,record,natural,natural,0,none,0,0,0,0,0,66,9,16,9,0,9,0,5920,657,10,17,10,0,10,0,47097,4709,2,0,2,0,2,0,10,5,0,0,0,0,0,0,0,15,1,0,0,0,0,0,0,0:0:0:0:0:0:0:0:0:0:9:0:0:0:0:0:0:0:0:0:0:0:0:0:0:0:0:0:0:0:0:0:0:0:1:9:0:0:0:0:0:0:0:0:0:0:0:2:0:0:0:0:0:0:0:0:0:0:0:0:0:0:0:0:0:0
mtfs-sentinel-dataset-v1,1,952,1398033974,1229212993,75020016,1090000,1,511,0,1,normal,67,Release,record,natural,natural,0,none,0,0,0,0,0,67,9,16,9,0,9,0,6124,680,10,17,10,0,10,0,45836,4583,2,0,2,0,2,0,11,5,0,0,0,0,0,0,0,15,1,0,0,0,0,0,0,0:0:0:0:0:0:0:0:0:0:8:1:0:0:0:0:0:0:0:0:0:0:0:0:0:0:0:0:0:0:0:0:0:0:2:8:0:0:0:0:0:0:0:0:0:0:0:2:0:0:0:0:0:0:0:0:0:0:0:0:0:0:0:0:0:0
mtfs-sentinel-dataset-v1,1,952,1398033974,1229212993,76110016,1090000,1,511,0,1,normal,68,Release,record,natural,natural,0,none,0,0,0,0,0,68,9,16,9,0,9,0,6084,676,10,17,10,0,10,0,46615,4661,2,0,2,0,2,0,10,5,0,0,0,0,0,0,0,15,1,0,0,0,0,0,0,0:0:0:0:0:0:0:0:0:0:8:1:0:0:0:0:0:0:0:0:0:0:0:0:0:0:0:0:0:0:0:0:0:0:2:8:0:0:0:0:0:0:0:0:0:0:0:2:0:0:0:0:0:0:0:0:0:0:0:0:0:0:0:0:0:0
mtfs-sentinel-dataset-v1,1,952,1398033974,1229212993,77200016,1090000,1,511,0,1,normal,69,Release,record,natural,natural,0,none,0,0,0,0,0,69,9,16,9,0,9,0,5994,666,10,17,10,0,10,0,44097,4409,2,0,2,0,2,0,11,5,0,0,0,0,0,0,0,15,1,0,0,0,0,0,0,0:0:0:0:0:0:0:0:0:0:9:0:0:0:0:0:0:0:0:0:0:0:0:0:0:0:0:0:0:0:0:0:0:0:4:6:0:0:0:0:0:0:0:0:0:0:0:2:0:0:0:0:0:0:0:0:0:0:0:0:0:0:0:0:0:0
mtfs-sentinel-dataset-v1,1,952,1398033974,1229212993,78300016,1100000,1,511,0,1,normal,70,Release,record,natural,natural,0,none,0,0,0,0,0,70,9,16,9,0,9,0,5935,659,10,17,10,0,10,0,46995,4699,2,0,2,0,2,0,10,5,0,0,0,0,0,0,0,15,1,0,0,0,0,0,0,0:0:0:0:0:0:0:0:0:0:9:0:0:0:0:0:0:0:0:0:0:0:0:0:0:0:0:0:0:0:0:0:0:0:2:8:0:0:0:0:0:0:0:0:0:0:0:2:0:0:0:0:0:0:0:0:0:0:0:0:0:0:0:0:0:0
mtfs-sentinel-dataset-v1,1,952,1398033974,1229212993,79390016,1090000,1,511,0,1,normal,71,Release,record,natural,natural,0,none,0,0,0,0,0,71,9,16,9,0,9,0,6142,682,10,17,10,0,10,0,45616,4561,2,0,2,0,2,0,10,5,0,0,0,0,0,0,0,15,1,0,0,0,0,0,0,0:0:0:0:0:0:0:0:0:0:8:1:0:0:0:0:0:0:0:0:0:0:0:0:0:0:0:0:0:0:0:0:0:0:4:6:0:0:0:0:0:0:0:0:0:0:0:2:0:0:0:0:0:0:0:0:0:0:0:0:0:0:0:0:0:0
mtfs-sentinel-dataset-v1,1,952,1398033974,1229212993,80480016,1090000,1,511,0,1,normal,72,Release,record,natural,natural,0,none,0,0,0,0,0,72,9,16,9,0,9,0,6027,669,10,17,10,0,10,0,46403,4640,2,0,2,0,2,0,11,5,0,0,0,0,0,0,0,15,1,0,0,0,0,0,0,0:0:0:0:0:0:0:0:0:0:8:1:0:0:0:0:0:0:0:0:0:0:0:0:0:0:0:0:0:0:0:0:0:0:2:8:0:0:0:0:0:0:0:0:0:0:0:2:0:0:0:0:0:0:0:0:0:0:0:0:0:0:0:0:0:0
mtfs-sentinel-dataset-v1,1,952,1398033974,1229212993,81570016,1090000,1,511,0,1,normal,73,Release,record,natural,natural,0,none,0,0,0,0,0,73,9,16,9,0,9,0,5890,654,10,17,10,0,10,0,43927,4392,2,0,2,0,2,0,11,5,0,0,0,0,0,0,0,15,1,0,0,0,0,0,0,0:0:0:0:0:0:0:0:0:0:9:0:0:0:0:0:0:0:0:0:0:0:0:0:0:0:0:0:0:0:0:0:0:0:4:6:0:0:0:0:0:0:0:0:0:0:0:2:0:0:0:0:0:0:0:0:0:0:0:0:0:0:0:0:0:0
mtfs-sentinel-dataset-v1,1,952,1398033974,1229212993,82670016,1100000,1,511,0,1,normal,74,Release,record,natural,natural,0,none,0,0,0,0,0,74,9,16,9,0,9,0,5915,657,10,17,10,0,10,0,47351,4735,2,0,2,0,2,0,11,5,0,0,0,0,0,0,0,15,1,0,0,0,0,0,0,0:0:0:0:0:0:0:0:0:0:9:0:0:0:0:0:0:0:0:0:0:0:0:0:0:0:0:0:0:0:0:0:0:0:1:9:0:0:0:0:0:0:0:0:0:0:0:2:0:0:0:0:0:0:0:0:0:0:0:0:0:0:0:0:0:0
mtfs-sentinel-dataset-v1,1,952,1398033974,1229212993,83760016,1090000,1,511,0,1,normal,75,Release,record,natural,natural,0,none,0,0,0,0,0,75,9,16,9,0,9,0,6179,686,10,17,10,0,10,0,45501,4550,2,0,2,0,2,0,10,5,0,0,0,0,0,0,0,15,1,0,0,0,0,0,0,0:0:0:0:0:0:0:0:0:0:8:1:0:0:0:0:0:0:0:0:0:0:0:0:0:0:0:0:0:0:0:0:0:0:2:8:0:0:0:0:0:0:0:0:0:0:0:2:0:0:0:0:0:0:0:0:0:0:0:0:0:0:0:0:0:0
mtfs-sentinel-dataset-v1,1,952,1398033974,1229212993,84860016,1100000,1,511,0,1,normal,76,Release,record,natural,natural,0,none,0,0,0,0,0,76,9,16,9,0,9,0,6202,689,10,17,10,0,10,0,52374,5237,2,0,2,0,2,0,10,5,0,0,0,0,0,0,0,15,1,0,0,0,0,0,0,0:0:0:0:0:0:0:0:0:0:8:1:0:0:0:0:0:0:0:0:0:0:0:0:0:0:0:0:0:0:0:0:0:0:2:7:1:0:0:0:0:0:0:0:0:0:0:2:0:0:0:0:0:0:0:0:0:0:0:0:0:0:0:0:0:0
mtfs-sentinel-dataset-v1,1,952,1398033974,1229212993,85950016,1090000,1,511,0,1,normal,77,Release,record,natural,natural,0,none,0,0,0,0,0,77,9,16,9,0,9,0,5880,653,10,17,10,0,10,0,43332,4333,2,0,2,0,2,0,10,5,0,0,0,0,0,0,0,15,1,0,0,0,0,0,0,0:0:0:0:0:0:0:0:0:0:9:0:0:0:0:0:0:0:0:0:0:0:0:0:0:0:0:0:0:0:0:0:0:0:5:5:0:0:0:0:0:0:0:0:0:0:0:2:0:0:0:0:0:0:0:0:0:0:0:0:0:0:0:0:0:0
mtfs-sentinel-dataset-v1,1,952,1398033974,1229212993,87050016,1100000,1,511,0,1,normal,78,Release,record,natural,natural,0,none,0,0,0,0,0,78,9,16,9,0,9,0,5928,658,10,17,10,0,10,0,46934,4693,2,0,2,0,2,0,10,5,0,0,0,0,0,0,0,15,1,0,0,0,0,0,0,0:0:0:0:0:0:0:0:0:0:9:0:0:0:0:0:0:0:0:0:0:0:0:0:0:0:0:0:0:0:0:0:0:0:2:8:0:0:0:0:0:0:0:0:0:0:0:2:0:0:0:0:0:0:0:0:0:0:0:0:0:0:0:0:0:0
mtfs-sentinel-dataset-v1,1,952,1398033974,1229212993,88140016,1090000,1,511,0,1,normal,79,Release,record,natural,natural,0,none,0,0,0,0,0,79,9,16,9,0,9,0,6199,688,10,17,10,0,10,0,45701,4570,2,0,2,0,2,0,10,5,0,0,0,0,0,0,0,15,1,0,0,0,0,0,0,0:0:0:0:0:0:0:0:0:0:8:1:0:0:0:0:0:0:0:0:0:0:0:0:0:0:0:0:0:0:0:0:0:0:3:7:0:0:0:0:0:0:0:0:0:0:0:2:0:0:0:0:0:0:0:0:0:0:0:0:0:0:0:0:0:0
mtfs-sentinel-dataset-v1,1,952,1398033974,1229212993,89230016,1090000,1,511,0,1,normal,80,Release,record,natural,natural,0,none,0,0,0,0,0,80,9,16,9,0,9,0,5864,651,10,17,10,0,10,0,46497,4649,2,0,2,0,2,0,12,6,0,0,0,0,0,0,0,15,1,0,0,0,0,0,0,0:0:0:0:0:0:0:0:0:0:8:1:0:0:0:0:0:0:0:0:0:0:0:0:0:0:0:0:0:0:0:0:0:0:2:8:0:0:0:0:0:0:0:0:0:0:0:2:0:0:0:0:0:0:0:0:0:0:0:0:0:0:0:0:0:0
mtfs-sentinel-dataset-v1,1,952,1398033974,1229212993,90320016,1090000,1,511,0,1,normal,81,Release,record,natural,natural,0,none,0,0,0,0,0,81,9,16,9,0,9,0,5821,646,10,17,10,0,10,0,43130,4313,2,0,2,0,2,0,11,5,0,0,0,0,0,0,0,15,1,0,0,0,0,0,0,0:0:0:0:0:0:0:0:0:0:9:0:0:0:0:0:0:0:0:0:0:0:0:0:0:0:0:0:0:0:0:0:0:0:4:6:0:0:0:0:0:0:0:0:0:0:0:2:0:0:0:0:0:0:0:0:0:0:0:0:0:0:0:0:0:0
mtfs-sentinel-dataset-v1,1,952,1398033974,1229212993,91410016,1090000,1,511,0,1,normal,82,Release,record,natural,natural,0,none,0,0,0,0,0,82,9,16,9,0,9,0,5718,635,10,17,10,0,10,0,44777,4477,2,0,2,0,2,0,10,5,0,0,0,0,0,0,0,15,1,0,0,0,0,0,0,0:0:0:0:0:0:0:0:0:0:9:0:0:0:0:0:0:0:0:0:0:0:0:0:0:0:0:0:0:0:0:0:0:0:4:6:0:0:0:0:0:0:0:0:0:0:0:2:0:0:0:0:0:0:0:0:0:0:0:0:0:0:0:0:0:0
mtfs-sentinel-dataset-v1,1,952,1398033974,1229212993,92500016,1090000,1,511,0,1,normal,83,Release,record,natural,natural,0,none,0,0,0,0,0,83,9,16,9,0,9,0,6086,676,10,17,10,0,10,0,43145,4314,2,0,2,0,2,0,11,5,0,0,0,0,0,0,0,15,1,0,0,0,0,0,0,0:0:0:0:0:0:0:0:0:0:8:1:0:0:0:0:0:0:0:0:0:0:0:0:0:0:0:0:0:0:0:0:0:0:5:5:0:0:0:0:0:0:0:0:0:0:0:2:0:0:0:0:0:0:0:0:0:0:0:0:0:0:0:0:0:0
mtfs-sentinel-dataset-v1,1,952,1398033974,1229212993,93590016,1090000,1,511,0,1,normal,84,Release,record,natural,natural,0,none,0,0,0,0,0,84,9,16,9,0,9,0,5895,655,10,17,10,0,10,0,46114,4611,2,0,2,0,2,0,10,5,0,0,0,0,0,0,0,15,1,0,0,0,0,0,0,0:0:0:0:0:0:0:0:0:0:8:1:0:0:0:0:0:0:0:0:0:0:0:0:0:0:0:0:0:0:0:0:0:0:2:8:0:0:0:0:0:0:0:0:0:0:0:2:0:0:0:0:0:0:0:0:0:0:0:0:0:0:0:0:0:0
mtfs-sentinel-dataset-v1,1,952,1398033974,1229212993,94680016,1090000,1,511,0,1,normal,85,Release,record,natural,natural,0,none,0,0,0,0,0,85,9,16,9,0,9,0,5943,660,10,17,10,0,10,0,41514,4151,2,0,2,0,2,0,11,5,0,0,0,0,0,0,0,15,1,0,0,0,0,0,0,0:0:0:0:0:0:0:0:0:0:9:0:0:0:0:0:0:0:0:0:0:0:0:0:0:0:0:0:0:0:0:0:0:0:6:4:0:0:0:0:0:0:0:0:0:0:0:2:0:0:0:0:0:0:0:0:0:0:0:0:0:0:0:0:0:0
mtfs-sentinel-dataset-v1,1,952,1398033974,1229212993,95770016,1090000,1,511,0,1,normal,86,Release,record,natural,natural,0,none,0,0,0,0,0,86,9,16,9,0,9,0,5877,653,10,17,10,0,10,0,44669,4466,2,0,2,0,2,0,12,6,0,0,0,0,0,0,0,15,1,0,0,0,0,0,0,0:0:0:0:0:0:0:0:0:0:9:0:0:0:0:0:0:0:0:0:0:0:0:0:0:0:0:0:0:0:0:0:0:0:2:8:0:0:0:0:0:0:0:0:0:0:0:2:0:0:0:0:0:0:0:0:0:0:0:0:0:0:0:0:0:0
mtfs-sentinel-dataset-v1,1,952,1398033974,1229212993,96860016,1090000,1,511,0,1,normal,87,Release,record,natural,natural,0,none,0,0,0,0,0,87,9,16,9,0,9,0,6167,685,10,17,10,0,10,0,46098,4609,2,0,2,0,2,0,10,5,0,0,0,0,0,0,0,15,1,0,0,0,0,0,0,0:0:0:0:0:0:0:0:0:0:8:1:0:0:0:0:0:0:0:0:0:0:0:0:0:0:0:0:0:0:0:0:0:0:2:8:0:0:0:0:0:0:0:0:0:0:0:2:0:0:0:0:0:0:0:0:0:0:0:0:0:0:0:0:0:0
mtfs-sentinel-dataset-v1,1,952,1398033974,1229212993,97960016,1100000,1,511,0,1,normal,88,Release,record,natural,natural,0,none,0,0,0,0,0,88,9,16,9,0,9,0,6036,670,10,17,10,0,10,0,46919,4691,2,0,2,0,2,0,11,5,0,0,0,0,0,0,0,15,1,0,0,0,0,0,0,0:0:0:0:0:0:0:0:0:0:8:1:0:0:0:0:0:0:0:0:0:0:0:0:0:0:0:0:0:0:0:0:0:0:2:8:0:0:0:0:0:0:0:0:0:0:0:2:0:0:0:0:0:0:0:0:0:0:0:0:0:0:0:0:0:0
mtfs-sentinel-dataset-v1,1,952,1398033974,1229212993,99050016,1090000,1,511,0,1,normal,89,Release,record,natural,natural,0,none,0,0,0,0,0,89,9,16,9,0,9,0,5976,664,10,17,10,0,10,0,44093,4409,2,0,2,0,2,0,12,6,0,0,0,0,0,0,0,15,1,0,0,0,0,0,0,0:0:0:0:0:0:0:0:0:0:9:0:0:0:0:0:0:0:0:0:0:0:0:0:0:0:0:0:0:0:0:0:0:0:4:6:0:0:0:0:0:0:0:0:0:0:0:2:0:0:0:0:0:0:0:0:0:0:0:0:0:0:0:0:0:0
mtfs-sentinel-dataset-v1,1,952,1398033974,1229212993,100150016,1100000,1,511,0,1,normal,90,Release,record,natural,natural,0,none,0,0,0,0,0,90,9,16,9,0,9,0,5967,663,10,17,10,0,10,0,46985,4698,2,0,2,0,2,0,11,5,0,0,0,0,0,0,0,15,1,0,0,0,0,0,0,0:0:0:0:0:0:0:0:0:0:9:0:0:0:0:0:0:0:0:0:0:0:0:0:0:0:0:0:0:0:0:0:0:0:2:8:0:0:0:0:0:0:0:0:0:0:0:2:0:0:0:0:0:0:0:0:0:0:0:0:0:0:0:0:0:0
mtfs-sentinel-dataset-v1,1,952,1398033974,1229212993,101240016,1090000,1,511,0,1,normal,91,Release,record,natural,natural,0,none,0,0,0,0,0,91,9,16,9,0,9,0,6178,686,10,17,10,0,10,0,46224,4622,2,0,2,0,2,0,10,5,0,0,0,0,0,0,0,15,1,0,0,0,0,0,0,0:0:0:0:0:0:0:0:0:0:8:1:0:0:0:0:0:0:0:0:0:0:0:0:0:0:0:0:0:0:0:0:0:0:2:8:0:0:0:0:0:0:0:0:0:0:0:2:0:0:0:0:0:0:0:0:0:0:0:0:0:0:0:0:0:0
mtfs-sentinel-dataset-v1,1,952,1398033974,1229212993,102340016,1100000,1,511,0,1,normal,92,Release,record,natural,natural,0,none,0,0,0,0,0,92,9,16,9,0,9,0,6126,680,10,17,10,0,10,0,46577,4657,2,0,2,0,2,0,12,6,0,0,0,0,0,0,0,15,1,0,0,0,0,0,0,0:0:0:0:0:0:0:0:0:0:8:1:0:0:0:0:0:0:0:0:0:0:0:0:0:0:0:0:0:0:0:0:0:0:2:8:0:0:0:0:0:0:0:0:0:0:0:2:0:0:0:0:0:0:0:0:0:0:0:0:0:0:0:0:0:0
mtfs-sentinel-dataset-v1,1,952,1398033974,1229212993,103430016,1090000,1,511,0,1,normal,93,Release,record,natural,natural,0,none,0,0,0,0,0,93,9,16,9,0,9,0,5918,657,10,17,10,0,10,0,43862,4386,2,0,2,0,2,0,10,5,0,0,0,0,0,0,0,15,1,0,0,0,0,0,0,0:0:0:0:0:0:0:0:0:0:9:0:0:0:0:0:0:0:0:0:0:0:0:0:0:0:0:0:0:0:0:0:0:0:4:6:0:0:0:0:0:0:0:0:0:0:0:2:0:0:0:0:0:0:0:0:0:0:0:0:0:0:0:0:0:0
mtfs-sentinel-dataset-v1,1,952,1398033974,1229212993,104530016,1100000,1,511,0,1,normal,94,Release,record,natural,natural,0,none,0,0,0,0,0,94,9,16,9,0,9,0,5949,661,10,17,10,0,10,0,47440,4744,2,0,2,0,2,0,11,5,0,0,0,0,0,0,0,15,1,0,0,0,0,0,0,0:0:0:0:0:0:0:0:0:0:9:0:0:0:0:0:0:0:0:0:0:0:0:0:0:0:0:0:0:0:0:0:0:0:2:8:0:0:0:0:0:0:0:0:0:0:0:2:0:0:0:0:0:0:0:0:0:0:0:0:0:0:0:0:0:0
mtfs-sentinel-dataset-v1,1,952,1398033974,1229212993,105620016,1090000,1,511,0,1,normal,95,Release,record,natural,natural,0,none,0,0,0,0,0,95,9,16,9,0,9,0,6171,685,10,17,10,0,10,0,45953,4595,2,0,2,0,2,0,10,5,0,0,0,0,0,0,0,15,1,0,0,0,0,0,0,0:0:0:0:0:0:0:0:0:0:8:1:0:0:0:0:0:0:0:0:0:0:0:0:0:0:0:0:0:0:0:0:0:0:2:8:0:0:0:0:0:0:0:0:0:0:0:2:0:0:0:0:0:0:0:0:0:0:0:0:0:0:0:0:0:0
mtfs-sentinel-dataset-v1,1,952,1398033974,1229212993,106710016,1090000,1,511,0,1,normal,96,Release,record,natural,natural,0,none,0,0,0,0,0,96,9,16,9,0,9,0,6046,671,10,17,10,0,10,0,46473,4647,2,0,2,0,2,0,10,5,0,0,0,0,0,0,0,15,1,0,0,0,0,0,0,0:0:0:0:0:0:0:0:0:0:8:1:0:0:0:0:0:0:0:0:0:0:0:0:0:0:0:0:0:0:0:0:0:0:2:8:0:0:0:0:0:0:0:0:0:0:0:2:0:0:0:0:0:0:0:0:0:0:0:0:0:0:0:0:0:0
mtfs-sentinel-dataset-v1,1,952,1398033974,1229212993,107800016,1090000,1,511,0,1,normal,97,Release,record,natural,natural,0,none,0,0,0,0,0,97,9,16,9,0,9,0,5954,661,10,17,10,0,10,0,43902,4390,2,0,2,0,2,0,10,5,0,0,0,0,0,0,0,15,1,0,0,0,0,0,0,0:0:0:0:0:0:0:0:0:0:9:0:0:0:0:0:0:0:0:0:0:0:0:0:0:0:0:0:0:0:0:0:0:0:4:6:0:0:0:0:0:0:0:0:0:0:0:2:0:0:0:0:0:0:0:0:0:0:0:0:0:0:0:0:0:0
mtfs-sentinel-dataset-v1,1,952,1398033974,1229212993,108900016,1100000,1,511,0,1,normal,98,Release,record,natural,natural,0,none,0,0,0,0,0,98,9,16,9,0,9,0,5926,658,10,17,10,0,10,0,47370,4737,2,0,2,0,2,0,10,5,0,0,0,0,0,0,0,15,1,0,0,0,0,0,0,0:0:0:0:0:0:0:0:0:0:9:0:0:0:0:0:0:0:0:0:0:0:0:0:0:0:0:0:0:0:0:0:0:0:2:8:0:0:0:0:0:0:0:0:0:0:0:2:0:0:0:0:0:0:0:0:0:0:0:0:0:0:0:0:0:0
mtfs-sentinel-dataset-v1,1,952,1398033974,1229212993,109990016,1090000,1,511,0,1,normal,99,Release,record,natural,natural,0,none,0,0,0,0,0,99,9,16,9,0,9,0,6167,685,10,17,10,0,10,0,46098,4609,2,0,2,0,2,0,10,5,0,0,0,0,0,0,0,15,1,0,0,0,0,0,0,0:0:0:0:0:0:0:0:0:0:8:1:0:0:0:0:0:0:0:0:0:0:0:0:0:0:0:0:0:0:0:0:0:0:3:7:0:0:0:0:0:0:0:0:0:0:0:2:0:0:0:0:0:0:0:0:0:0:0:0:0:0:0:0:0:0
mtfs-sentinel-dataset-v1,1,952,1398033974,1229212993,111080016,1090000,1,511,0,1,normal,100,Release,record,natural,natural,0,none,0,0,0,0,0,100,9,16,9,0,9,0,6116,679,10,17,10,0,10,0,46479,4647,2,0,2,0,2,0,10,5,0,0,0,0,0,0,0,15,1,0,0,0,0,0,0,0:0:0:0:0:0:0:0:0:0:8:1:0:0:0:0:0:0:0:0:0:0:0:0:0:0:0:0:0:0:0:0:0:0:2:8:0:0:0:0:0:0:0:0:0:0:0:2:0:0:0:0:0:0:0:0:0:0:0:0:0:0:0:0:0:0
mtfs-sentinel-dataset-v1,1,952,1398033974,1229212993,112180016,1100000,1,511,0,1,normal,101,Release,record,natural,natural,0,none,0,0,0,0,0,101,9,16,9,0,9,0,5892,654,10,17,10,0,10,0,49648,4964,2,0,2,0,2,0,10,5,0,0,0,0,0,0,0,15,1,0,0,0,0,0,0,0:0:0:0:0:0:0:0:0:0:9:0:0:0:0:0:0:0:0:0:0:0:0:0:0:0:0:0:0:0:0:0:0:0:3:6:1:0:0:0:0:0:0:0:0:0:0:2:0:0:0:0:0:0:0:0:0:0:0:0:0:0:0:0:0:0
mtfs-sentinel-dataset-v1,1,952,1398033974,1229212993,113280016,1100000,1,511,0,1,normal,102,Release,record,natural,natural,0,none,0,0,0,0,0,102,9,16,9,0,9,0,5867,651,10,17,10,0,10,0,48052,4805,2,0,2,0,2,0,10,5,0,0,0,0,0,0,0,15,1,0,0,0,0,0,0,0:0:0:0:0:0:0:0:0:0:9:0:0:0:0:0:0:0:0:0:0:0:0:0:0:0:0:0:0:0:0:0:0:0:1:9:0:0:0:0:0:0:0:0:0:0:0:2:0:0:0:0:0:0:0:0:0:0:0:0:0:0:0:0:0:0
mtfs-sentinel-dataset-v1,1,952,1398033974,1229212993,114380016,1100000,1,511,0,1,normal,103,Release,record,natural,natural,0,none,0,0,0,0,0,103,9,16,9,0,9,0,6135,681,10,17,10,0,10,0,46438,4643,2,0,2,0,2,0,10,5,0,0,0,0,0,0,0,15,1,0,0,0,0,0,0,0:0:0:0:0:0:0:0:0:0:8:1:0:0:0:0:0:0:0:0:0:0:0:0:0:0:0:0:0:0:0:0:0:0:2:8:0:0:0:0:0:0:0:0:0:0:0:2:0:0:0:0:0:0:0:0:0:0:0:0:0:0:0:0:0:0
mtfs-sentinel-dataset-v1,1,952,1398033974,1229212993,115480016,1100000,1,511,0,1,normal,104,Release,record,natural,natural,0,none,0,0,0,0,0,104,9,16,9,0,9,0,6022,669,10,17,10,0,10,0,47899,4789,2,0,2,0,2,0,10,5,0,0,0,0,0,0,0,15,1,0,0,0,0,0,0,0:0:0:0:0:0:0:0:0:0:8:1:0:0:0:0:0:0:0:0:0:0:0:0:0:0:0:0:0:0:0:0:0:0:2:8:0:0:0:0:0:0:0:0:0:0:0:2:0:0:0:0:0:0:0:0:0:0:0:0:0:0:0:0:0:0
mtfs-sentinel-dataset-v1,1,952,1398033974,1229212993,116570016,1090000,1,511,0,1,normal,105,Release,record,natural,natural,0,none,0,0,0,0,0,105,9,16,9,0,9,0,5962,662,10,17,10,0,10,0,44793,4479,2,0,2,0,2,0,10,5,0,0,0,0,0,0,0,15,1,0,0,0,0,0,0,0:0:0:0:0:0:0:0:0:0:9:0:0:0:0:0:0:0:0:0:0:0:0:0:0:0:0:0:0:0:0:0:0:0:4:6:0:0:0:0:0:0:0:0:0:0:0:2:0:0:0:0:0:0:0:0:0:0:0:0:0:0:0:0:0:0
mtfs-sentinel-dataset-v1,1,952,1398033974,1229212993,117690016,1120000,1,511,0,1,normal,106,Release,record,natural,natural,0,none,0,0,0,0,0,106,9,16,9,0,9,0,6243,693,10,17,10,0,10,0,73154,7315,2,0,2,0,2,0,12,6,0,0,0,0,0,0,0,15,1,0,0,0,0,0,0,0:0:0:0:0:0:0:0:0:0:8:1:0:0:0:0:0:0:0:0:0:0:0:0:0:0:0:0:0:0:0:0:0:0:0:9:0:1:0:0:0:0:0:0:0:0:0:2:0:0:0:0:0:0:0:0:0:0:0:0:0:0:0:0:0:0
mtfs-sentinel-dataset-v1,1,952,1398033974,1229212993,118790016,1100000,1,511,0,1,normal,107,Release,record,natural,natural,0,none,0,0,0,0,0,107,9,16,9,0,9,0,6252,694,10,17,10,0,10,0,48473,4847,2,0,2,0,2,0,11,5,0,0,0,0,0,0,0,15,1,0,0,0,0,0,0,0:0:0:0:0:0:0:0:0:0:8:1:0:0:0:0:0:0:0:0:0:0:0:0:0:0:0:0:0:0:0:0:0:0:1:9:0:0:0:0:0:0:0:0:0:0:0:2:0:0:0:0:0:0:0:0:0:0:0:0:0:0:0:0:0:0
mtfs-sentinel-dataset-v1,1,952,1398033974,1229212993,119890016,1100000,1,511,0,1,normal,108,Release,record,natural,natural,0,none,0,0,0,0,0,108,9,16,9,0,9,0,6005,667,10,17,10,0,10,0,48394,4839,2,0,2,0,2,0,11,5,0,0,0,0,0,0,0,15,1,0,0,0,0,0,0,0:0:0:0:0:0:0:0:0:0:9:0:0:0:0:0:0:0:0:0:0:0:0:0:0:0:0:0:0:0:0:0:0:0:2:8:0:0:0:0:0:0:0:0:0:0:0:2:0:0:0:0:0:0:0:0:0:0:0:0:0:0:0:0:0:0
mtfs-sentinel-dataset-v1,1,952,1398033974,1229212993,120980016,1090000,1,511,0,1,normal,109,Release,record,natural,natural,0,none,0,0,0,0,0,109,9,16,9,0,9,0,6026,669,10,17,10,0,10,0,46362,4636,2,0,2,0,2,0,11,5,0,0,0,0,0,0,0,15,1,0,0,0,0,0,0,0:0:0:0:0:0:0:0:0:0:9:0:0:0:0:0:0:0:0:0:0:0:0:0:0:0:0:0:0:0:0:0:0:0:3:7:0:0:0:0:0:0:0:0:0:0:0:2:0:0:0:0:0:0:0:0:0:0:0:0:0:0:0:0:0:0
mtfs-sentinel-dataset-v1,1,952,1398033974,1229212993,122080016,1100000,1,511,0,1,normal,110,Release,record,natural,natural,0,none,0,0,0,0,0,110,9,16,9,0,9,0,6285,698,10,17,10,0,10,0,51426,5142,2,0,2,0,2,0,11,5,0,0,0,0,0,0,0,15,1,0,0,0,0,0,0,0:0:0:0:0:0:0:0:0:0:8:1:0:0:0:0:0:0:0:0:0:0:0:0:0:0:0:0:0:0:0:0:0:0:1:9:0:0:0:0:0:0:0:0:0:0:0:2:0:0:0:0:0:0:0:0:0:0:0:0:0:0:0:0:0:0
mtfs-sentinel-dataset-v1,1,952,1398033974,1229212993,123180016,1100000,1,511,0,1,normal,111,Release,record,natural,natural,0,none,0,0,0,0,0,111,9,16,9,0,9,0,6232,692,10,17,10,0,10,0,48436,4843,2,0,2,0,2,0,10,5,0,0,0,0,0,0,0,15,1,0,0,0,0,0,0,0:0:0:0:0:0:0:0:0:0:8:1:0:0:0:0:0:0:0:0:0:0:0:0:0:0:0:0:0:0:0:0:0:0:1:9:0:0:0:0:0:0:0:0:0:0:0:2:0:0:0:0:0:0:0:0:0:0:0:0:0:0:0:0:0:0
mtfs-sentinel-dataset-v1,1,952,1398033974,1229212993,124280016,1100000,1,511,0,1,normal,112,Release,record,natural,natural,0,none,0,0,0,0,0,112,9,16,9,0,9,0,6107,678,10,17,10,0,10,0,48532,4853,2,0,2,0,2,0,11,5,0,0,0,0,0,0,0,15,1,0,0,0,0,0,0,0:0:0:0:0:0:0:0:0:0:9:0:0:0:0:0:0:0:0:0:0:0:0:0:0:0:0:0:0:0:0:0:0:0:2:8:0:0:0:0:0:0:0:0:0:0:0:2:0:0:0:0:0:0:0:0:0:0:0:0:0:0:0:0:0:0
mtfs-sentinel-dataset-v1,1,952,1398033974,1229212993,125380016,1100000,1,511,0,1,normal,113,Release,record,natural,natural,0,none,0,0,0,0,0,113,9,16,9,0,9,0,6089,676,10,17,10,0,10,0,46712,4671,2,0,2,0,2,0,10,5,0,0,0,0,0,0,0,15,1,0,0,0,0,0,0,0:0:0:0:0:0:0:0:0:0:9:0:0:0:0:0:0:0:0:0:0:0:0:0:0:0:0:0:0:0:0:0:0:0:2:8:0:0:0:0:0:0:0:0:0:0:0:2:0:0:0:0:0:0:0:0:0:0:0:0:0:0:0:0:0:0
mtfs-sentinel-dataset-v1,1,952,1398033974,1229212993,126480016,1100000,1,511,0,1,normal,114,Release,record,natural,natural,0,none,0,0,0,0,0,114,9,16,9,0,9,0,6258,695,10,17,10,0,10,0,51364,5136,2,0,2,0,2,0,11,5,0,0,0,0,0,0,0,15,1,0,0,0,0,0,0,0:0:0:0:0:0:0:0:0:0:8:1:0:0:0:0:0:0:0:0:0:0:0:0:0:0:0:0:0:0:0:0:0:0:0:10:0:0:0:0:0:0:0:0:0:0:0:2:0:0:0:0:0:0:0:0:0:0:0:0:0:0:0:0:0:0
mtfs-sentinel-dataset-v1,1,952,1398033974,1229212993,127580016,1100000,1,511,0,1,normal,115,Release,record,natural,natural,0,none,0,0,0,0,0,115,9,16,9,0,9,0,6317,701,10,17,10,0,10,0,48333,4833,2,0,2,0,2,0,10,5,0,0,0,0,0,0,0,15,1,0,0,0,0,0,0,0:0:0:0:0:0:0:0:0:0:8:1:0:0:0:0:0:0:0:0:0:0:0:0:0:0:0:0:0:0:0:0:0:0:1:9:0:0:0:0:0:0:0:0:0:0:0:2:0:0:0:0:0:0:0:0:0:0:0:0:0:0:0:0:0:0
mtfs-sentinel-dataset-v1,1,952,1398033974,1229212993,128680016,1100000,1,511,0,1,normal,116,Release,record,natural,natural,0,none,0,0,0,0,0,116,9,16,9,0,9,0,6074,674,10,17,10,0,10,0,48837,4883,2,0,2,0,2,0,10,5,0,0,0,0,0,0,0,15,1,0,0,0,0,0,0,0:0:0:0:0:0:0:0:0:0:9:0:0:0:0:0:0:0:0:0:0:0:0:0:0:0:0:0:0:0:0:0:0:0:2:8:0:0:0:0:0:0:0:0:0:0:0:2:0:0:0:0:0:0:0:0:0:0:0:0:0:0:0:0:0:0
mtfs-sentinel-dataset-v1,1,952,1398033974,1229212993,129780016,1100000,1,511,0,1,normal,117,Release,record,natural,natural,0,none,0,0,0,0,0,117,9,16,9,0,9,0,6085,676,10,17,10,0,10,0,46720,4672,2,0,2,0,2,0,11,5,0,0,0,0,0,0,0,15,1,0,0,0,0,0,0,0:0:0:0:0:0:0:0:0:0:9:0:0:0:0:0:0:0:0:0:0:0:0:0:0:0:0:0:0:0:0:0:0:0:3:7:0:0:0:0:0:0:0:0:0:0:0:2:0:0:0:0:0:0:0:0:0:0:0:0:0:0:0:0:0:0
mtfs-sentinel-dataset-v1,1,952,1398033974,1229212993,130880016,1100000,1,511,0,1,normal,118,Release,record,natural,natural,0,none,0,0,0,0,0,118,9,16,9,0,9,0,6252,694,10,17,10,0,10,0,51229,5122,2,0,2,0,2,0,10,5,0,0,0,0,0,0,0,15,1,0,0,0,0,0,0,0:0:0:0:0:0:0:0:0:0:8:1:0:0:0:0:0:0:0:0:0:0:0:0:0:0:0:0:0:0:0:0:0:0:1:9:0:0:0:0:0:0:0:0:0:0:0:2:0:0:0:0:0:0:0:0:0:0:0:0:0:0:0:0:0:0
mtfs-sentinel-dataset-v1,1,952,1398033974,1229212993,131980016,1100000,1,511,0,1,normal,119,Release,record,natural,natural,0,none,0,0,0,0,0,119,9,16,9,0,9,0,6291,699,10,17,10,0,10,0,48438,4843,2,0,2,0,2,0,11,5,0,0,0,0,0,0,0,15,1,0,0,0,0,0,0,0:0:0:0:0:0:0:0:0:0:8:1:0:0:0:0:0:0:0:0:0:0:0:0:0:0:0:0:0:0:0:0:0:0:1:9:0:0:0:0:0:0:0:0:0:0:0:2:0:0:0:0:0:0:0:0:0:0:0:0:0:0:0:0:0:0
mtfs-sentinel-dataset-v1,1,952,1398033974,1229212993,133080016,1100000,1,511,0,1,normal,120,Release,record,natural,natural,0,none,0,0,0,0,0,120,9,16,9,0,9,0,5989,665,10,17,10,0,10,0,48295,4829,2,0,2,0,2,0,10,5,0,0,0,0,0,0,0,15,1,0,0,0,0,0,0,0:0:0:0:0:0:0:0:0:0:9:0:0:0:0:0:0:0:0:0:0:0:0:0:0:0:0:0:0:0:0:0:0:0:2:8:0:0:0:0:0:0:0:0:0:0:0:2:0:0:0:0:0:0:0:0:0:0:0:0:0:0:0:0:0:0
mtfs-sentinel-dataset-v1,1,952,1398033974,1229212993,134180016,1100000,1,511,0,1,normal,121,Release,record,natural,natural,0,none,0,0,0,0,0,121,9,16,9,0,9,0,6151,683,10,17,10,0,10,0,46636,4663,2,0,2,0,2,0,10,5,0,0,0,0,0,0,0,15,1,0,0,0,0,0,0,0:0:0:0:0:0:0:0:0:0:9:0:0:0:0:0:0:0:0:0:0:0:0:0:0:0:0:0:0:0:0:0:0:0:2:8:0:0:0:0:0:0:0:0:0:0:0:2:0:0:0:0:0:0:0:0:0:0:0:0:0:0:0:0:0:0
mtfs-sentinel-dataset-v1,1,952,1398033974,1229212993,135280016,1100000,1,511,0,1,normal,122,Release,record,natural,natural,0,none,0,0,0,0,0,122,9,16,9,0,9,0,6326,702,10,17,10,0,10,0,51164,5116,2,0,2,0,2,0,10,5,0,0,0,0,0,0,0,15,1,0,0,0,0,0,0,0:0:0:0:0:0:0:0:0:0:8:1:0:0:0:0:0:0:0:0:0:0:0:0:0:0:0:0:0:0:0:0:0:0:0:10:0:0:0:0:0:0:0:0:0:0:0:2:0:0:0:0:0:0:0:0:0:0:0:0:0:0:0:0:0:0
mtfs-sentinel-dataset-v1,1,952,1398033974,1229212993,136380016,1100000,1,511,0,1,normal,123,Release,record,natural,natural,0,none,0,0,0,0,0,123,9,16,9,0,9,0,6242,693,10,17,10,0,10,0,47969,4796,2,0,2,0,2,0,10,5,0,0,0,0,0,0,0,15,1,0,0,0,0,0,0,0:0:0:0:0:0:0:0:0:0:8:1:0:0:0:0:0:0:0:0:0:0:0:0:0:0:0:0:0:0:0:0:0:0:2:8:0:0:0:0:0:0:0:0:0:0:0:2:0:0:0:0:0:0:0:0:0:0:0:0:0:0:0:0:0:0
mtfs-sentinel-dataset-v1,1,952,1398033974,1229212993,137480016,1100000,1,511,0,1,normal,124,Release,record,natural,natural,0,none,0,0,0,0,0,124,9,16,9,0,9,0,5990,665,10,17,10,0,10,0,48474,4847,2,0,2,0,2,0,10,5,0,0,0,0,0,0,0,15,1,0,0,0,0,0,0,0:0:0:0:0:0:0:0:0:0:9:0:0:0:0:0:0:0:0:0:0:0:0:0:0:0:0:0:0:0:0:0:0:0:2:8:0:0:0:0:0:0:0:0:0:0:0:2:0:0:0:0:0:0:0:0:0:0:0:0:0:0:0:0:0:0
mtfs-sentinel-dataset-v1,1,952,1398033974,1229212993,138580016,1100000,1,511,0,1,normal,125,Release,record,natural,natural,0,none,0,0,0,0,0,125,9,16,9,0,9,0,6131,681,10,17,10,0,10,0,46357,4635,2,0,2,0,2,0,11,5,0,0,0,0,0,0,0,15,1,0,0,0,0,0,0,0:0:0:0:0:0:0:0:0:0:9:0:0:0:0:0:0:0:0:0:0:0:0:0:0:0:0:0:0:0:0:0:0:0:4:6:0:0:0:0:0:0:0:0:0:0:0:2:0:0:0:0:0:0:0:0:0:0:0:0:0:0:0:0:0:0
mtfs-sentinel-dataset-v1,1,952,1398033974,1229212993,139680016,1100000,1,511,0,1,normal,126,Release,record,natural,natural,0,none,0,0,0,0,0,126,9,16,9,0,9,0,6218,690,10,17,10,0,10,0,50991,5099,2,0,2,0,2,0,11,5,0,0,0,0,0,0,0,15,1,0,0,0,0,0,0,0:0:0:0:0:0:0:0:0:0:8:1:0:0:0:0:0:0:0:0:0:0:0:0:0:0:0:0:0:0:0:0:0:0:1:9:0:0:0:0:0:0:0:0:0:0:0:2:0:0:0:0:0:0:0:0:0:0:0:0:0:0:0:0:0:0
mtfs-sentinel-dataset-v1,1,952,1398033974,1229212993,140780016,1100000,1,511,0,1,normal,127,Release,record,natural,natural,0,none,0,0,0,0,0,127,9,16,9,0,9,0,6280,697,10,17,10,0,10,0,47867,4786,2,0,2,0,2,0,11,5,0,0,0,0,0,0,0,15,1,0,0,0,0,0,0,0:0:0:0:0:0:0:0:0:0:8:1:0:0:0:0:0:0:0:0:0:0:0:0:0:0:0:0:0:0:0:0:0:0:3:7:0:0:0:0:0:0:0:0:0:0:0:2:0:0:0:0:0:0:0:0:0:0:0:0:0:0:0:0:0:0
mtfs-sentinel-dataset-v1,1,952,1398033974,1229212993,141890016,1110000,1,511,0,1,normal,128,Release,record,natural,natural,0,none,0,0,0,0,0,128,9,16,9,0,9,0,6057,673,10,17,10,0,10,0,61197,6119,2,0,2,0,2,0,10,5,0,0,0,0,0,0,0,15,1,0,0,0,0,0,0,0:0:0:0:0:0:0:0:0:0:9:0:0:0:0:0:0:0:0:0:0:0:0:0:0:0:0:0:0:0:0:0:0:0:3:6:0:1:0:0:0:0:0:0:0:0:0:2:0:0:0:0:0:0:0:0:0:0:0:0:0:0:0:0:0:0
mtfs-sentinel-dataset-v1,1,952,1398033974,1229212993,142990016,1100000,1,511,0,1,normal,129,Release,record,natural,natural,0,none,0,0,0,0,0,129,9,16,9,0,9,0,6114,679,10,17,10,0,10,0,52553,5255,2,0,2,0,2,0,10,5,0,0,0,0,0,0,0,15,1,0,0,0,0,0,0,0:0:0:0:0:0:0:0:0:0:9:0:0:0:0:0:0:0:0:0:0:0:0:0:0:0:0:0:0:0:0:0:0:0:3:6:1:0:0:0:0:0:0:0:0:0:0:2:0:0:0:0:0:0:0:0:0:0:0:0:0:0:0:0:0:0
mtfs-sentinel-dataset-v1,1,952,1398033974,1229212993,144090016,1100000,1,511,0,1,normal,130,Release,record,natural,natural,0,none,0,0,0,0,0,130,9,16,9,0,9,0,6236,692,10,17,10,0,10,0,50791,5079,2,0,2,0,2,0,11,5,0,0,0,0,0,0,0,15,1,0,0,0,0,0,0,0:0:0:0:0:0:0:0:0:0:8:1:0:0:0:0:0:0:0:0:0:0:0:0:0:0:0:0:0:0:0:0:0:0:1:9:0:0:0:0:0:0:0:0:0:0:0:2:0:0:0:0:0:0:0:0:0:0:0:0:0:0:0:0:0:0
mtfs-sentinel-dataset-v1,1,952,1398033974,1229212993,145190016,1100000,1,511,0,1,normal,131,Release,record,natural,natural,0,none,0,0,0,0,0,131,9,16,9,0,9,0,6194,688,10,17,10,0,10,0,47938,4793,2,0,2,0,2,0,10,5,0,0,0,0,0,0,0,15,1,0,0,0,0,0,0,0:0:0:0:0:0:0:0:0:0:8:1:0:0:0:0:0:0:0:0:0:0:0:0:0:0:0:0:0:0:0:0:0:0:2:8:0:0:0:0:0:0:0:0:0:0:0:2:0:0:0:0:0:0:0:0:0:0:0:0:0:0:0:0:0:0
mtfs-sentinel-dataset-v1,1,952,1398033974,1229212993,146290016,1100000,1,511,0,1,normal,132,Release,record,natural,natural,0,none,0,0,0,0,0,132,9,16,9,0,9,0,6034,670,10,17,10,0,10,0,47933,4793,2,0,2,0,2,0,10,5,0,0,0,0,0,0,0,15,1,0,0,0,0,0,0,0:0:0:0:0:0:0:0:0:0:9:0:0:0:0:0:0:0:0:0:0:0:0:0:0:0:0:0:0:0:0:0:0:0:2:8:0:0:0:0:0:0:0:0:0:0:0:2:0:0:0:0:0:0:0:0:0:0:0:0:0:0:0:0:0:0
mtfs-sentinel-dataset-v1,1,952,1398033974,1229212993,147380016,1090000,1,511,0,1,normal,133,Release,record,natural,natural,0,none,0,0,0,0,0,133,9,16,9,0,9,0,6164,684,10,17,10,0,10,0,46179,4617,2,0,2,0,2,0,10,5,0,0,0,0,0,0,0,15,1,0,0,0,0,0,0,0:0:0:0:0:0:0:0:0:0:9:0:0:0:0:0:0:0:0:0:0:0:0:0:0:0:0:0:0:0:0:0:0:0:3:7:0:0:0:0:0:0:0:0:0:0:0:2:0:0:0:0:0:0:0:0:0:0:0:0:0:0:0:0:0:0
mtfs-sentinel-dataset-v1,1,952,1398033974,1229212993,148480016,1100000,1,511,0,1,normal,134,Release,record,natural,natural,0,none,0,0,0,0,0,134,9,16,9,0,9,0,6340,704,10,17,10,0,10,0,51076,5107,2,0,2,0,2,0,11,5,0,0,0,0,0,0,0,15,1,0,0,0,0,0,0,0:0:0:0:0:0:0:0:0:0:8:1:0:0:0:0:0:0:0:0:0:0:0:0:0:0:0:0:0:0:0:0:0:0:0:10:0:0:0:0:0:0:0:0:0:0:0:2:0:0:0:0:0:0:0:0:0:0:0:0:0:0:0:0:0:0
mtfs-sentinel-dataset-v1,1,952,1398033974,1229212993,149580016,1100000,1,511,0,1,normal,135,Release,record,natural,natural,0,none,0,0,0,0,0,135,9,16,9,0,9,0,6218,690,10,17,10,0,10,0,47816,4781,2,0,2,0,2,0,10,5,0,0,0,0,0,0,0,15,1,0,0,0,0,0,0,0:0:0:0:0:0:0:0:0:0:8:1:0:0:0:0:0:0:0:0:0:0:0:0:0:0:0:0:0:0:0:0:0:0:1:9:0:0:0:0:0:0:0:0:0:0:0:2:0:0:0:0:0:0:0:0:0:0:0:0:0:0:0:0:0:0
mtfs-sentinel-dataset-v1,1,952,1398033974,1229212993,150680016,1100000,1,511,0,1,normal,136,Release,record,natural,natural,0,none,0,0,0,0,0,136,9,16,9,0,9,0,5999,666,10,17,10,0,10,0,47890,4789,2,0,2,0,2,0,10,5,0,0,0,0,0,0,0,15,1,0,0,0,0,0,0,0:0:0:0:0:0:0:0:0:0:9:0:0:0:0:0:0:0:0:0:0:0:0:0:0:0:0:0:0:0:0:0:0:0:2:8:0:0:0:0:0:0:0:0:0:0:0:2:0:0:0:0:0:0:0:0:0:0:0:0:0:0:0:0:0:0
mtfs-sentinel-dataset-v1,1,952,1398033974,1229212993,151780016,1100000,1,511,0,1,normal,137,Release,record,natural,natural,0,none,0,0,0,0,0,137,9,16,9,0,9,0,6125,680,10,17,10,0,10,0,46419,4641,2,0,2,0,2,0,11,5,0,0,0,0,0,0,0,15,1,0,0,0,0,0,0,0:0:0:0:0:0:0:0:0:0:9:0:0:0:0:0:0:0:0:0:0:0:0:0:0:0:0:0:0:0:0:0:0:0:3:7:0:0:0:0:0:0:0:0:0:0:0:2:0:0:0:0:0:0:0:0:0:0:0:0:0:0:0:0:0:0
mtfs-sentinel-dataset-v1,1,952,1398033974,1229212993,152880016,1100000,1,511,0,1,normal,138,Release,record,natural,natural,0,none,0,0,0,0,0,138,9,16,9,0,9,0,6290,698,10,17,10,0,10,0,50948,5094,2,0,2,0,2,0,11,5,0,0,0,0,0,0,0,15,1,0,0,0,0,0,0,0:0:0:0:0:0:0:0:0:0:8:1:0:0:0:0:0:0:0:0:0:0:0:0:0:0:0:0:0:0:0:0:0:0:0:10:0:0:0:0:0:0:0:0:0:0:0:2:0:0:0:0:0:0:0:0:0:0:0:0:0:0:0:0:0:0
mtfs-sentinel-dataset-v1,1,952,1398033974,1229212993,153980016,1100000,1,511,0,1,normal,139,Release,record,natural,natural,0,none,0,0,0,0,0,139,9,16,9,0,9,0,6306,700,10,17,10,0,10,0,47966,4796,2,0,2,0,2,0,10,5,0,0,0,0,0,0,0,15,1,0,0,0,0,0,0,0:0:0:0:0:0:0:0:0:0:8:1:0:0:0:0:0:0:0:0:0:0:0:0:0:0:0:0:0:0:0:0:0:0:3:7:0:0:0:0:0:0:0:0:0:0:0:2:0:0:0:0:0:0:0:0:0:0:0:0:0:0:0:0:0:0
mtfs-sentinel-dataset-v1,1,952,1398033974,1229212993,155080016,1100000,1,511,0,1,normal,140,Release,record,natural,natural,0,none,0,0,0,0,0,140,9,16,9,0,9,0,6041,671,10,17,10,0,10,0,48088,4808,2,0,2,0,2,0,10,5,0,0,0,0,0,0,0,15,1,0,0,0,0,0,0,0:0:0:0:0:0:0:0:0:0:9:0:0:0:0:0:0:0:0:0:0:0:0:0:0:0:0:0:0:0:0:0:0:0:2:8:0:0:0:0:0:0:0:0:0:0:0:2:0:0:0:0:0:0:0:0:0:0:0:0:0:0:0:0:0:0
mtfs-sentinel-dataset-v1,1,952,1398033974,1229212993,156170016,1090000,1,511,0,1,normal,141,Release,record,natural,natural,0,none,0,0,0,0,0,141,9,16,9,0,9,0,6133,681,10,17,10,0,10,0,45959,4595,2,0,2,0,2,0,11,5,0,0,0,0,0,0,0,15,1,0,0,0,0,0,0,0:0:0:0:0:0:0:0:0:0:9:0:0:0:0:0:0:0:0:0:0:0:0:0:0:0:0:0:0:0:0:0:0:0:3:7:0:0:0:0:0:0:0:0:0:0:0:2:0:0:0:0:0:0:0:0:0:0:0:0:0:0:0:0:0:0
mtfs-sentinel-dataset-v1,1,952,1398033974,1229212993,157270016,1100000,1,511,0,1,normal,142,Release,record,natural,natural,0,none,0,0,0,0,0,142,9,16,9,0,9,0,6276,697,10,17,10,0,10,0,50672,5067,2,0,2,0,2,0,10,5,0,0,0,0,0,0,0,15,1,0,0,0,0,0,0,0:0:0:0:0:0:0:0:0:0:8:1:0:0:0:0:0:0:0:0:0:0:0:0:0:0:0:0:0:0:0:0:0:0:0:10:0:0:0:0:0:0:0:0:0:0:0:2:0:0:0:0:0:0:0:0:0:0:0:0:0:0:0:0:0:0
mtfs-sentinel-dataset-v1,1,952,1398033974,1229212993,158370016,1100000,1,511,0,1,normal,143,Release,record,natural,natural,0,none,0,0,0,0,0,143,9,16,9,0,9,0,6200,688,10,17,10,0,10,0,47896,4789,2,0,2,0,2,0,10,5,0,0,0,0,0,0,0,15,1,0,0,0,0,0,0,0:0:0:0:0:0:0:0:0:0:8:1:0:0:0:0:0:0:0:0:0:0:0:0:0:0:0:0:0:0:0:0:0:0:2:8:0:0:0:0:0:0:0:0:0:0:0:2:0:0:0:0:0:0:0:0:0:0:0:0:0:0:0:0:0:0
mtfs-sentinel-dataset-v1,1,952,1398033974,1229212993,159470016,1100000,1,511,0,1,normal,144,Release,record,natural,natural,0,none,0,0,0,0,0,144,9,16,9,0,9,0,6016,668,10,17,10,0,10,0,48149,4814,2,0,2,0,2,0,11,5,0,0,0,0,0,0,0,15,1,0,0,0,0,0,0,0:0:0:0:0:0:0:0:0:0:9:0:0:0:0:0:0:0:0:0:0:0:0:0:0:0:0:0:0:0:0:0:0:0:2:8:0:0:0:0:0:0:0:0:0:0:0:2:0:0:0:0:0:0:0:0:0:0:0:0:0:0:0:0:0:0
mtfs-sentinel-dataset-v1,1,952,1398033974,1229212993,160560016,1090000,1,511,0,1,normal,145,Release,record,natural,natural,0,none,0,0,0,0,0,145,9,16,9,0,9,0,6118,679,10,17,10,0,10,0,45926,4592,2,0,2,0,2,0,10,5,0,0,0,0,0,0,0,15,1,0,0,0,0,0,0,0:0:0:0:0:0:0:0:0:0:9:0:0:0:0:0:0:0:0:0:0:0:0:0:0:0:0:0:0:0:0:0:0:0:5:5:0:0:0:0:0:0:0:0:0:0:0:2:0:0:0:0:0:0:0:0:0:0:0:0:0:0:0:0:0:0
mtfs-sentinel-dataset-v1,1,952,1398033974,1229212993,161660016,1100000,1,511,0,1,normal,146,Release,record,natural,natural,0,none,0,0,0,0,0,146,9,16,9,0,9,0,6338,704,10,17,10,0,10,0,50808,5080,2,0,2,0,2,0,10,5,0,0,0,0,0,0,0,15,1,0,0,0,0,0,0,0:0:0:0:0:0:0:0:0:0:8:1:0:0:0:0:0:0:0:0:0:0:0:0:0:0:0:0:0:0:0:0:0:0:0:10:0:0:0:0:0:0:0:0:0:0:0:2:0:0:0:0:0:0:0:0:0:0:0:0:0:0:0:0:0:0
mtfs-sentinel-dataset-v1,1,952,1398033974,1229212993,162760016,1100000,1,511,0,1,normal,147,Release,record,natural,natural,0,none,0,0,0,0,0,147,9,16,9,0,9,0,6275,697,10,17,10,0,10,0,47795,4779,2,0,2,0,2,0,10,5,0,0,0,0,0,0,0,15,1,0,0,0,0,0,0,0:0:0:0:0:0:0:0:0:0:8:1:0:0:0:0:0:0:0:0:0:0:0:0:0:0:0:0:0:0:0:0:0:0:3:7:0:0:0:0:0:0:0:0:0:0:0:2:0:0:0:0:0:0:0:0:0:0:0:0:0:0:0:0:0:0
mtfs-sentinel-dataset-v1,1,952,1398033974,1229212993,163860016,1100000,1,511,0,1,normal,148,Release,record,natural,natural,0,none,0,0,0,0,0,148,9,16,9,0,9,0,6083,675,10,17,10,0,10,0,48311,4831,2,0,2,0,2,0,10,5,0,0,0,0,0,0,0,15,1,0,0,0,0,0,0,0:0:0:0:0:0:0:0:0:0:9:0:0:0:0:0:0:0:0:0:0:0:0:0:0:0:0:0:0:0:0:0:0:0:2:8:0:0:0:0:0:0:0:0:0:0:0:2:0:0:0:0:0:0:0:0:0:0:0:0:0:0:0:0:0:0
mtfs-sentinel-dataset-v1,1,952,1398033974,1229212993,164950016,1090000,1,511,0,1,normal,149,Release,record,natural,natural,0,none,0,0,0,0,0,149,9,16,9,0,9,0,6093,677,10,17,10,0,10,0,46187,4618,2,0,2,0,2,0,11,5,0,0,0,0,0,0,0,15,1,0,0,0,0,0,0,0:0:0:0:0:0:0:0:0:0:9:0:0:0:0:0:0:0:0:0:0:0:0:0:0:0:0:0:0:0:0:0:0:0:3:7:0:0:0:0:0:0:0:0:0:0:0:2:0:0:0:0:0:0:0:0:0:0:0:0:0:0:0:0:0:0
mtfs-sentinel-dataset-v1,1,952,1398033974,1229212993,166050016,1100000,1,511,0,1,normal,150,Release,record,natural,natural,0,none,0,0,0,0,0,150,9,16,9,0,9,0,6270,696,10,17,10,0,10,0,50866,5086,2,0,2,0,2,0,10,5,0,0,0,0,0,0,0,15,1,0,0,0,0,0,0,0:0:0:0:0:0:0:0:0:0:8:1:0:0:0:0:0:0:0:0:0:0:0:0:0:0:0:0:0:0:0:0:0:0:0:10:0:0:0:0:0:0:0:0:0:0:0:2:0:0:0:0:0:0:0:0:0:0:0:0:0:0:0:0:0:0
mtfs-sentinel-dataset-v1,1,952,1398033974,1229212993,167150016,1100000,1,511,0,1,normal,151,Release,record,natural,natural,0,none,0,0,0,0,0,151,9,16,9,0,9,0,6206,689,10,17,10,0,10,0,47900,4790,2,0,2,0,2,0,11,5,0,0,0,0,0,0,0,15,1,0,0,0,0,0,0,0:0:0:0:0:0:0:0:0:0:8:1:0:0:0:0:0:0:0:0:0:0:0:0:0:0:0:0:0:0:0:0:0:0:2:8:0:0:0:0:0:0:0:0:0:0:0:2:0:0:0:0:0:0:0:0:0:0:0:0:0:0:0:0:0:0
mtfs-sentinel-dataset-v1,1,952,1398033974,1229212993,168250016,1100000,1,511,0,1,normal,152,Release,record,natural,natural,0,none,0,0,0,0,0,152,9,16,9,0,9,0,6024,669,10,17,10,0,10,0,48129,4812,2,0,2,0,2,0,12,6,0,0,0,0,0,0,0,15,1,0,0,0,0,0,0,0:0:0:0:0:0:0:0:0:0:9:0:0:0:0:0:0:0:0:0:0:0:0:0:0:0:0:0:0:0:0:0:0:0:2:8:0:0:0:0:0:0:0:0:0:0:0:2:0:0:0:0:0:0:0:0:0:0:0:0:0:0:0:0:0:0
mtfs-sentinel-dataset-v1,1,952,1398033974,1229212993,169340016,1090000,1,511,0,1,normal,153,Release,record,natural,natural,0,none,0,0,0,0,0,153,9,16,9,0,9,0,6035,670,10,17,10,0,10,0,46099,4609,2,0,2,0,2,0,12,6,0,0,0,0,0,0,0,15,1,0,0,0,0,0,0,0:0:0:0:0:0:0:0:0:0:9:0:0:0:0:0:0:0:0:0:0:0:0:0:0:0:0:0:0:0:0:0:0:0:3:7:0:0:0:0:0:0:0:0:0:0:0:2:0:0:0:0:0:0:0:0:0:0:0:0:0:0:0:0:0:0
mtfs-sentinel-dataset-v1,1,952,1398033974,1229212993,170440016,1100000,1,511,0,1,normal,154,Release,record,natural,natural,0,none,0,0,0,0,0,154,9,16,9,0,9,0,6276,697,10,17,10,0,10,0,50400,5040,2,0,2,0,2,0,10,5,0,0,0,0,0,0,0,15,1,0,0,0,0,0,0,0:0:0:0:0:0:0:0:0:0:8:1:0:0:0:0:0:0:0:0:0:0:0:0:0:0:0:0:0:0:0:0:0:0:1:9:0:0:0:0:0:0:0:0:0:0:0:2:0:0:0:0:0:0:0:0:0:0:0:0:0:0:0:0:0:0
mtfs-sentinel-dataset-v1,1,952,1398033974,1229212993,171540016,1100000,1,511,0,1,normal,155,Release,record,natural,natural,0,none,0,0,0,0,0,155,9,16,9,0,9,0,6223,691,10,17,10,0,10,0,48053,4805,2,0,2,0,2,0,10,5,0,0,0,0,0,0,0,15,1,0,0,0,0,0,0,0:0:0:0:0:0:0:0:0:0:8:1:0:0:0:0:0:0:0:0:0:0:0:0:0:0:0:0:0:0:0:0:0:0:2:8:0:0:0:0:0:0:0:0:0:0:0:2:0:0:0:0:0:0:0:0:0:0:0:0:0:0:0:0:0:0
mtfs-sentinel-dataset-v1,1,952,1398033974,1229212993,172640016,1100000,1,511,0,1,normal,156,Release,record,natural,natural,0,none,0,0,0,0,0,156,9,16,9,0,9,0,6100,677,10,17,10,0,10,0,47320,4732,2,0,2,0,2,0,10,5,0,0,0,0,0,0,0,15,1,0,0,0,0,0,0,0:0:0:0:0:0:0:0:0:0:9:0:0:0:0:0:0:0:0:0:0:0:0:0:0:0:0:0:0:0:0:0:0:0:2:8:0:0:0:0:0:0:0:0:0:0:0:2:0:0:0:0:0:0:0:0:0:0:0:0:0:0:0:0:0:0
mtfs-sentinel-dataset-v1,1,952,1398033974,1229212993,173740016,1100000,1,511,0,1,normal,157,Release,record,natural,natural,0,none,0,0,0,0,0,157,9,16,9,0,9,0,6148,683,10,17,10,0,10,0,51780,5178,2,0,2,0,2,0,10,5,0,0,0,0,0,0,0,15,1,0,0,0,0,0,0,0:0:0:0:0:0:0:0:0:0:9:0:0:0:0:0:0:0:0:0:0:0:0:0:0:0:0:0:0:0:0:0:0:0:1:8:1:0:0:0:0:0:0:0:0:0:0:2:0:0:0:0:0:0:0:0:0:0:0:0:0:0:0:0:0:0
mtfs-sentinel-dataset-v1,1,952,1398033974,1229212993,174840016,1100000,1,511,0,1,normal,158,Release,record,natural,natural,0,none,0,0,0,0,0,158,9,16,9,0,9,0,6182,686,10,17,10,0,10,0,50443,5044,2,0,2,0,2,0,10,5,0,0,0,0,0,0,0,15,1,0,0,0,0,0,0,0:0:0:0:0:0:0:0:0:0:8:1:0:0:0:0:0:0:0:0:0:0:0:0:0:0:0:0:0:0:0:0:0:0:0:10:0:0:0:0:0:0:0:0:0:0:0:2:0:0:0:0:0:0:0:0:0:0:0:0:0:0:0:0:0:0
mtfs-sentinel-dataset-v1,1,952,1398033974,1229212993,175940016,1100000,1,511,0,1,normal,159,Release,record,natural,natural,0,none,0,0,0,0,0,159,9,16,9,0,9,0,6177,686,10,17,10,0,10,0,47486,4748,2,0,2,0,2,0,10,5,0,0,0,0,0,0,0,15,1,0,0,0,0,0,0,0:0:0:0:0:0:0:0:0:0:8:1:0:0:0:0:0:0:0:0:0:0:0:0:0:0:0:0:0:0:0:0:0:0:3:7:0:0:0:0:0:0:0:0:0:0:0:2:0:0:0:0:0:0:0:0:0:0:0:0:0:0:0:0:0:0
mtfs-sentinel-dataset-v1,1,952,1398033974,1229212993,177040016,1100000,1,511,0,1,normal,160,Release,record,natural,natural,0,none,0,0,0,0,0,160,9,16,9,0,9,0,6006,667,10,17,10,0,10,0,47940,4794,2,0,2,0,2,0,10,5,0,0,0,0,0,0,0,15,1,0,0,0,0,0,0,0:0:0:0:0:0:0:0:0:0:9:0:0:0:0:0:0:0:0:0:0:0:0:0:0:0:0:0:0:0:0:0:0:0:2:8:0:0:0:0:0:0:0:0:0:0:0:2:0:0:0:0:0:0:0:0:0:0:0:0:0:0:0:0:0:0
mtfs-sentinel-dataset-v1,1,952,1398033974,1229212993,178130016,1090000,1,511,0,1,normal,161,Release,record,natural,natural,0,none,0,0,0,0,0,161,9,16,9,0,9,0,6125,680,10,17,10,0,10,0,45897,4589,2,0,2,0,2,0,10,5,0,0,0,0,0,0,0,15,1,0,0,0,0,0,0,0:0:0:0:0:0:0:0:0:0:9:0:0:0:0:0:0:0:0:0:0:0:0:0:0:0:0:0:0:0:0:0:0:0:3:7:0:0:0:0:0:0:0:0:0:0:0:2:0:0:0:0:0:0:0:0:0:0:0:0:0:0:0:0:0:0
mtfs-sentinel-dataset-v1,1,952,1398033974,1229212993,179230016,1100000,1,511,0,1,normal,162,Release,record,natural,natural,0,none,0,0,0,0,0,162,9,16,9,0,9,0,6226,691,10,17,10,0,10,0,50437,5043,2,0,2,0,2,0,11,5,0,0,0,0,0,0,0,15,1,0,0,0,0,0,0,0:0:0:0:0:0:0:0:0:0:8:1:0:0:0:0:0:0:0:0:0:0:0:0:0:0:0:0:0:0:0:0:0:0:1:9:0:0:0:0:0:0:0:0:0:0:0:2:0:0:0:0:0:0:0:0:0:0:0:0:0:0:0:0:0:0
mtfs-sentinel-dataset-v1,1,952,1398033974,1229212993,180330016,1100000,1,511,0,1,normal,163,Release,record,natural,natural,0,none,0,0,0,0,0,163,9,16,9,0,9,0,6199,688,10,17,10,0,10,0,47459,4745,2,0,2,0,2,0,11,5,0,0,0,0,0,0,0,15,1,0,0,0,0,0,0,0:0:0:0:0:0:0:0:0:0:8:1:0:0:0:0:0:0:0:0:0:0:0:0:0:0:0:0:0:0:0:0:0:0:3:7:0:0:0:0:0:0:0:0:0:0:0:2:0:0:0:0:0:0:0:0:0:0:0:0:0:0:0:0:0:0
mtfs-sentinel-dataset-v1,1,952,1398033974,1229212993,181430016,1100000,1,511,0,1,normal,164,Release,record,natural,natural,0,none,0,0,0,0,0,164,9,16,9,0,9,0,5999,666,10,17,10,0,10,0,47753,4775,2,0,2,0,2,0,11,5,0,0,0,0,0,0,0,15,1,0,0,0,0,0,0,0:0:0:0:0:0:0:0:0:0:9:0:0:0:0:0:0:0:0:0:0:0:0:0:0:0:0:0:0:0:0:0:0:0:2:8:0:0:0:0:0:0:0:0:0:0:0:2:0:0:0:0:0:0:0:0:0:0:0:0:0:0:0:0:0:0
mtfs-sentinel-dataset-v1,1,952,1398033974,1229212993,182520016,1090000,1,511,0,1,normal,165,Release,record,natural,natural,0,none,0,0,0,0,0,165,9,16,9,0,9,0,5996,666,10,17,10,0,10,0,45844,4584,2,0,2,0,2,0,10,5,0,0,0,0,0,0,0,15,1,0,0,0,0,0,0,0:0:0:0:0:0:0:0:0:0:9:0:0:0:0:0:0:0:0:0:0:0:0:0:0:0:0:0:0:0:0:0:0:0:3:7:0:0:0:0:0:0:0:0:0:0:0:2:0:0:0:0:0:0:0:0:0:0:0:0:0:0:0:0:0:0
mtfs-sentinel-dataset-v1,1,952,1398033974,1229212993,183620016,1100000,1,511,0,1,normal,166,Release,record,natural,natural,0,none,0,0,0,0,0,166,9,16,9,0,9,0,6068,674,10,17,10,0,10,0,50012,5001,2,0,2,0,2,0,10,5,0,0,0,0,0,0,0,15,1,0,0,0,0,0,0,0:0:0:0:0:0:0:0:0:0:8:1:0:0:0:0:0:0:0:0:0:0:0:0:0:0:0:0:0:0:0:0:0:0:1:9:0:0:0:0:0:0:0:0:0:0:0:2:0:0:0:0:0:0:0:0:0:0:0:0:0:0:0:0:0:0
mtfs-sentinel-dataset-v1,1,952,1398033974,1229212993,184710016,1090000,1,511,0,1,normal,167,Release,record,natural,natural,0,none,0,0,0,0,0,167,9,16,9,0,9,0,6100,677,10,17,10,0,10,0,44871,4487,2,0,2,0,2,0,11,5,0,0,0,0,0,0,0,15,1,0,0,0,0,0,0,0:0:0:0:0:0:0:0:0:0:8:1:0:0:0:0:0:0:0:0:0:0:0:0:0:0:0:0:0:0:0:0:0:0:5:5:0:0:0:0:0:0:0:0:0:0:0:2:0:0:0:0:0:0:0:0:0:0:0:0:0:0:0:0:0:0
mtfs-sentinel-dataset-v1,1,952,1398033974,1229212993,185840016,1130000,1,511,0,1,normal,168,Release,record,natural,natural,0,none,0,0,0,0,0,168,9,16,9,0,9,0,5934,659,10,17,10,0,10,0,81030,8103,2,0,2,0,2,0,11,5,0,0,0,0,0,0,0,15,1,0,0,0,0,0,0,0:0:0:0:0:0:0:0:0:0:9:0:0:0:0:0:0:0:0:0:0:0:0:0:0:0:0:0:0:0:0:0:0:0:2:7:0:0:1:0:0:0:0:0:0:0:0:2:0:0:0:0:0:0:0:0:0:0:0:0:0:0:0:0:0:0
mtfs-sentinel-dataset-v1,1,952,1398033974,1229212993,186940016,1100000,1,511,0,1,normal,169,Release,record,natural,natural,0,none,0,0,0,0,0,169,9,16,9,0,9,0,6094,677,10,17,10,0,10,0,47192,4719,2,0,2,0,2,0,12,6,0,0,0,0,0,0,0,15,1,0,0,0,0,0,0,0:0:0:0:0:0:0:0:0:0:9:0:0:0:0:0:0:0:0:0:0:0:0:0:0:0:0:0:0:0:0:0:0:0:2:8:0:0:0:0:0:0:0:0:0:0:0:2:0:0:0:0:0:0:0:0:0:0:0:0:0:0:0:0:0:0
mtfs-sentinel-dataset-v1,1,952,1398033974,1229212993,188040016,1100000,1,511,0,1,normal,170,Release,record,natural,natural,0,none,0,0,0,0,0,170,9,16,9,0,9,0,6285,698,10,17,10,0,10,0,46650,4665,2,0,2,0,2,0,11,5,0,0,0,0,0,0,0,15,1,0,0,0,0,0,0,0:0:0:0:0:0:0:0:0:0:8:1:0:0:0:0:0:0:0:0:0:0:0:0:0:0:0:0:0:0:0:0:0:0:3:7:0:0:0:0:0:0:0:0:0:0:0:2:0:0:0:0:0:0:0:0:0:0:0:0:0:0:0:0:0:0
mtfs-sentinel-dataset-v1,1,952,1398033974,1229212993,189140016,1100000,1,511,0,1,normal,171,Release,record,natural,natural,0,none,0,0,0,0,0,171,9,16,9,0,9,0,6205,689,10,17,10,0,10,0,46274,4627,2,0,2,0,2,0,11,5,0,0,0,0,0,0,0,15,1,0,0,0,0,0,0,0:0:0:0:0:0:0:0:0:0:8:1:0:0:0:0:0:0:0:0:0:0:0:0:0:0:0:0:0:0:0:0:0:0:4:6:0:0:0:0:0:0:0:0:0:0:0:2:0:0:0:0:0:0:0:0:0:0:0:0:0:0:0:0:0:0
mtfs-sentinel-dataset-v1,1,952,1398033974,1229212993,190240016,1100000,1,511,0,1,normal,172,Release,record,natural,natural,0,none,0,0,0,0,0,172,9,16,9,0,9,0,6120,680,10,17,10,0,10,0,48372,4837,2,0,2,0,2,0,10,5,0,0,0,0,0,0,0,15,1,0,0,0,0,0,0,0:0:0:0:0:0:0:0:0:0:9:0:0:0:0:0:0:0:0:0:0:0:0:0:0:0:0:0:0:0:0:0:0:0:2:8:0:0:0:0:0:0:0:0:0:0:0:2:0:0:0:0:0:0:0:0:0:0:0:0:0:0:0:0:0:0
mtfs-sentinel-dataset-v1,1,952,1398033974,1229212993,191340016,1100000,1,511,0,1,normal,173,Release,record,natural,natural,0,none,0,0,0,0,0,173,9,16,9,0,9,0,6147,683,10,17,10,0,10,0,47744,4774,2,0,2,0,2,0,11,5,0,0,0,0,0,0,0,15,1,0,0,0,0,0,0,0:0:0:0:0:0:0:0:0:0:9:0:0:0:0:0:0:0:0:0:0:0:0:0:0:0:0:0:0:0:0:0:0:0:3:7:0:0:0:0:0:0:0:0:0:0:0:2:0:0:0:0:0:0:0:0:0:0:0:0:0:0:0:0:0:0
mtfs-sentinel-dataset-v1,1,952,1398033974,1229212993,192440016,1100000,1,511,0,1,normal,174,Release,record,natural,natural,0,none,0,0,0,0,0,174,9,16,9,0,9,0,6314,701,10,17,10,0,10,0,50277,5027,2,0,2,0,2,0,10,5,0,0,0,0,0,0,0,15,1,0,0,0,0,0,0,0:0:0:0:0:0:0:0:0:0:8:1:0:0:0:0:0:0:0:0:0:0:0:0:0:0:0:0:0:0:0:0:0:0:1:9:0:0:0:0:0:0:0:0:0:0:0:2:0:0:0:0:0:0:0:0:0:0:0:0:0:0:0:0:0:0
mtfs-sentinel-dataset-v1,1,952,1398033974,1229212993,193540016,1100000,1,511,0,1,normal,175,Release,record,natural,natural,0,none,0,0,0,0,0,175,9,16,9,0,9,0,6282,698,10,17,10,0,10,0,46857,4685,2,0,2,0,2,0,10,5,0,0,0,0,0,0,0,15,1,0,0,0,0,0,0,0:0:0:0:0:0:0:0:0:0:8:1:0:0:0:0:0:0:0:0:0:0:0:0:0:0:0:0:0:0:0:0:0:0:3:7:0:0:0:0:0:0:0:0:0:0:0:2:0:0:0:0:0:0:0:0:0:0:0:0:0:0:0:0:0:0
mtfs-sentinel-dataset-v1,1,952,1398033974,1229212993,194640016,1100000,1,511,0,1,normal,176,Release,record,natural,natural,0,none,0,0,0,0,0,176,9,16,9,0,9,0,6112,679,10,17,10,0,10,0,48167,4816,2,0,2,0,2,0,10,5,0,0,0,0,0,0,0,15,1,0,0,0,0,0,0,0:0:0:0:0:0:0:0:0:0:9:0:0:0:0:0:0:0:0:0:0:0:0:0:0:0:0:0:0:0:0:0:0:0:1:9:0:0:0:0:0:0:0:0:0:0:0:2:0:0:0:0:0:0:0:0:0:0:0:0:0:0:0:0:0:0
mtfs-sentinel-dataset-v1,1,952,1398033974,1229212993,195740016,1100000,1,511,0,1,normal,177,Release,record,natural,natural,0,none,0,0,0,0,0,177,9,16,9,0,9,0,6079,675,10,17,10,0,10,0,47162,4716,2,0,2,0,2,0,10,5,0,0,0,0,0,0,0,15,1,0,0,0,0,0,0,0:0:0:0:0:0:0:0:0:0:9:0:0:0:0:0:0:0:0:0:0:0:0:0:0:0:0:0:0:0:0:0:0:0:3:7:0:0:0:0:0:0:0:0:0:0:0:2:0:0:0:0:0:0:0:0:0:0:0:0:0:0:0:0:0:0
mtfs-sentinel-dataset-v1,1,952,1398033974,1229212993,196840016,1100000,1,511,0,1,normal,178,Release,record,natural,natural,0,none,0,0,0,0,0,178,9,16,9,0,9,0,6306,700,10,17,10,0,10,0,50550,5055,2,0,2,0,2,0,10,5,0,0,0,0,0,0,0,15,1,0,0,0,0,0,0,0:0:0:0:0:0:0:0:0:0:8:1:0:0:0:0:0:0:0:0:0:0:0:0:0:0:0:0:0:0:0:0:0:0:1:9:0:0:0:0:0:0:0:0:0:0:0:2:0:0:0:0:0:0:0:0:0:0:0:0:0:0:0:0:0:0
mtfs-sentinel-dataset-v1,1,952,1398033974,1229212993,197930016,1090000,1,511,0,1,normal,179,Release,record,natural,natural,0,none,0,0,0,0,0,179,9,16,9,0,9,0,6184,687,10,17,10,0,10,0,46231,4623,2,0,2,0,2,0,11,5,0,0,0,0,0,0,0,15,1,0,0,0,0,0,0,0:0:0:0:0:0:0:0:0:0:8:1:0:0:0:0:0:0:0:0:0:0:0:0:0:0:0:0:0:0:0:0:0:0:4:6:0:0:0:0:0:0:0:0:0:0:0:2:0:0:0:0:0:0:0:0:0:0:0:0:0:0:0:0:0:0
mtfs-sentinel-dataset-v1,1,952,1398033974,1229212993,199030016,1100000,1,511,0,1,normal,180,Release,record,natural,natural,0,none,0,0,0,0,0,180,9,16,9,0,9,0,6127,680,10,17,10,0,10,0,48439,4843,2,0,2,0,2,0,10,5,0,0,0,0,0,0,0,15,1,0,0,0,0,0,0,0:0:0:0:0:0:0:0:0:0:9:0:0:0:0:0:0:0:0:0:0:0:0:0:0:0:0:0:0:0:0:0:0:0:2:8:0:0:0:0:0:0:0:0:0:0:0:2:0:0:0:0:0:0:0:0:0:0:0:0:0:0:0:0:0:0
mtfs-sentinel-dataset-v1,1,952,1398033974,1229212993,200130016,1100000,1,511,0,1,normal,181,Release,record,natural,natural,0,none,0,0,0,0,0,181,9,16,9,0,9,0,6082,675,10,17,10,0,10,0,47132,4713,2,0,2,0,2,0,10,5,0,0,0,0,0,0,0,15,1,0,0,0,0,0,0,0:0:0:0:0:0:0:0:0:0:9:0:0:0:0:0:0:0:0:0:0:0:0:0:0:0:0:0:0:0:0:0:0:0:3:7:0:0:0:0:0:0:0:0:0:0:0:2:0:0:0:0:0:0:0:0:0:0:0:0:0:0:0:0:0:0
mtfs-sentinel-dataset-v1,1,952,1398033974,1229212993,201230016,1100000,1,511,0,1,normal,182,Release,record,natural,natural,0,none,0,0,0,0,0,182,9,16,9,0,9,0,6368,707,10,17,10,0,10,0,50189,5018,2,0,2,0,2,0,12,6,0,0,0,0,0,0,0,15,1,0,0,0,0,0,0,0:0:0:0:0:0:0:0:0:0:8:1:0:0:0:0:0:0:0:0:0:0:0:0:0:0:0:0:0:0:0:0:0:0:1:9:0:0:0:0:0:0:0:0:0:0:0:2:0:0:0:0:0:0:0:0:0:0:0:0:0:0:0:0:0:0
mtfs-sentinel-dataset-v1,1,952,1398033974,1229212993,202330016,1100000,1,511,0,1,normal,183,Release,record,natural,natural,0,none,0,0,0,0,0,183,9,16,9,0,9,0,6112,679,10,17,10,0,10,0,46731,4673,2,0,2,0,2,0,11,5,0,0,0,0,0,0,0,15,1,0,0,0,0,0,0,0:0:0:0:0:0:0:0:0:0:9:0:0:0:0:0:0:0:0:0:0:0:0:0:0:0:0:0:0:0:0:0:0:0:3:7:0:0:0:0:0:0:0:0:0:0:0:2:0:0:0:0:0:0:0:0:0:0:0:0:0:0:0:0:0:0
mtfs-sentinel-dataset-v1,1,952,1398033974,1229212993,203430016,1100000,1,511,0,1,normal,184,Release,record,natural,natural,0,none,0,0,0,0,0,184,9,16,9,0,9,0,6079,675,10,17,10,0,10,0,47523,4752,2,0,2,0,2,0,12,6,0,0,0,0,0,0,0,15,1,0,0,0,0,0,0,0:0:0:0:0:0:0:0:0:0:9:0:0:0:0:0:0:0:0:0:0:0:0:0:0:0:0:0:0:0:0:0:0:0:2:8:0:0:0:0:0:0:0:0:0:0:0:2:0:0:0:0:0:0:0:0:0:0:0:0:0:0:0:0:0:0
mtfs-sentinel-dataset-v1,1,952,1398033974,1229212993,204530016,1100000,1,511,0,1,normal,185,Release,record,natural,natural,0,none,0,0,0,0,0,185,9,16,9,0,9,0,6078,675,10,17,10,0,10,0,53442,5344,2,0,2,0,2,0,10,5,0,0,0,0,0,0,0,15,1,0,0,0,0,0,0,0:0:0:0:0:0:0:0:0:0:9:0:0:0:0:0:0:0:0:0:0:0:0:0:0:0:0:0:0:0:0:0:0:0:0:9:1:0:0:0:0:0:0:0:0:0:0:2:0:0:0:0:0:0:0:0:0:0:0:0:0:0:0:0:0:0
mtfs-sentinel-dataset-v1,1,952,1398033974,1229212993,205630016,1100000,1,511,0,1,normal,186,Release,record,natural,natural,0,none,0,0,0,0,0,186,9,16,9,0,9,0,6171,685,10,17,10,0,10,0,50072,5007,2,0,2,0,2,0,10,5,0,0,0,0,0,0,0,15,1,0,0,0,0,0,0,0:0:0:0:0:0:0:0:0:0:8:1:0:0:0:0:0:0:0:0:0:0:0:0:0:0:0:0:0:0:0:0:0:0:1:9:0:0:0:0:0:0:0:0:0:0:0:2:0:0:0:0:0:0:0:0:0:0:0:0:0:0:0:0:0:0
mtfs-sentinel-dataset-v1,1,952,1398033974,1229212993,206730016,1100000,1,511,0,1,normal,187,Release,record,natural,natural,0,none,0,0,0,0,0,187,9,16,9,0,9,0,6201,689,10,17,10,0,10,0,46429,4642,2,0,2,0,2,0,10,5,0,0,0,0,0,0,0,15,1,0,0,0,0,0,0,0:0:0:0:0:0:0:0:0:0:8:1:0:0:0:0:0:0:0:0:0:0:0:0:0:0:0:0:0:0:0:0:0:0:4:6:0:0:0:0:0:0:0:0:0:0:0:2:0:0:0:0:0:0:0:0:0:0:0:0:0:0:0:0:0:0
mtfs-sentinel-dataset-v1,1,952,1398033974,1229212993,207830016,1100000,1,511,0,1,normal,188,Release,record,natural,natural,0,none,0,0,0,0,0,188,9,16,9,0,9,0,6166,685,10,17,10,0,10,0,48457,4845,2,0,2,0,2,0,11,5,0,0,0,0,0,0,0,15,1,0,0,0,0,0,0,0:0:0:0:0:0:0:0:0:0:9:0:0:0:0:0:0:0:0:0:0:0:0:0:0:0:0:0:0:0:0:0:0:0:1:9:0:0:0:0:0:0:0:0:0:0:0:2:0:0:0:0:0:0:0:0:0:0:0:0:0:0:0:0:0:0
mtfs-sentinel-dataset-v1,1,952,1398033974,1229212993,208930016,1100000,1,511,0,1,normal,189,Release,record,natural,natural,0,none,0,0,0,0,0,189,9,16,9,0,9,0,6153,683,10,17,10,0,10,0,47515,4751,2,0,2,0,2,0,10,5,0,0,0,0,0,0,0,15,1,0,0,0,0,0,0,0:0:0:0:0:0:0:0:0:0:9:0:0:0:0:0:0:0:0:0:0:0:0:0:0:0:0:0:0:0:0:0:0:0:2:8:0:0:0:0:0:0:0:0:0:0:0:2:0:0:0:0:0:0:0:0:0:0:0:0:0:0:0:0:0:0
mtfs-sentinel-dataset-v1,1,952,1398033974,1229212993,210030016,1100000,1,511,0,1,normal,190,Release,record,natural,natural,0,none,0,0,0,0,0,190,9,16,9,0,9,0,6336,704,10,17,10,0,10,0,50157,5015,2,0,2,0,2,0,10,5,0,0,0,0,0,0,0,15,1,0,0,0,0,0,0,0:0:0:0:0:0:0:0:0:0:8:1:0:0:0:0:0:0:0:0:0:0:0:0:0:0:0:0:0:0:0:0:0:0:1:9:0:0:0:0:0:0:0:0:0:0:0:2:0:0:0:0:0:0:0:0:0:0:0:0:0:0:0:0:0:0
mtfs-sentinel-dataset-v1,1,952,1398033974,1229212993,211130016,1100000,1,511,0,1,normal,191,Release,record,natural,natural,0,none,0,0,0,0,0,191,9,16,9,0,9,0,6311,701,10,17,10,0,10,0,46712,4671,2,0,2,0,2,0,10,5,0,0,0,0,0,0,0,15,1,0,0,0,0,0,0,0:0:0:0:0:0:0:0:0:0:8:1:0:0:0:0:0:0:0:0:0:0:0:0:0:0:0:0:0:0:0:0:0:0:4:6:0:0:0:0:0:0:0:0:0:0:0:2:0:0:0:0:0:0:0:0:0:0:0:0:0:0:0:0:0:0
mtfs-sentinel-dataset-v1,1,952,1398033974,1229212993,212230016,1100000,1,511,0,1,normal,192,Release,record,natural,natural,0,none,0,0,0,0,0,192,9,16,9,0,9,0,6101,677,10,17,10,0,10,0,48035,4803,2,0,2,0,2,0,10,5,0,0,0,0,0,0,0,15,1,0,0,0,0,0,0,0:0:0:0:0:0:0:0:0:0:9:0:0:0:0:0:0:0:0:0:0:0:0:0:0:0:0:0:0:0:0:0:0:0:2:8:0:0:0:0:0:0:0:0:0:0:0:2:0:0:0:0:0:0:0:0:0:0:0:0:0:0:0:0:0:0
mtfs-sentinel-dataset-v1,1,952,1398033974,1229212993,213330016,1100000,1,511,0,1,normal,193,Release,record,natural,natural,0,none,0,0,0,0,0,193,9,16,9,0,9,0,6100,677,10,17,10,0,10,0,47611,4761,2,0,2,0,2,0,11,5,0,0,0,0,0,0,0,15,1,0,0,0,0,0,0,0:0:0:0:0:0:0:0:0:0:9:0:0:0:0:0:0:0:0:0:0:0:0:0:0:0:0:0:0:0:0:0:0:0:1:9:0:0:0:0:0:0:0:0:0:0:0:2:0:0:0:0:0:0:0:0:0:0:0:0:0:0:0:0:0:0
mtfs-sentinel-dataset-v1,1,952,1398033974,1229212993,214430016,1100000,1,511,0,1,normal,194,Release,record,natural,natural,0,none,0,0,0,0,0,194,9,16,9,0,9,0,6210,690,10,17,10,0,10,0,50163,5016,2,0,2,0,2,0,10,5,0,0,0,0,0,0,0,15,1,0,0,0,0,0,0,0:0:0:0:0:0:0:0:0:0:8:1:0:0:0:0:0:0:0:0:0:0:0:0:0:0:0:0:0:0:0:0:0:0:1:9:0:0:0:0:0:0:0:0:0:0:0:2:0:0:0:0:0:0:0:0:0:0:0:0:0:0:0:0:0:0
mtfs-sentinel-dataset-v1,1,952,1398033974,1229212993,215530016,1100000,1,511,0,1,normal,195,Release,record,natural,natural,0,none,0,0,0,0,0,195,9,16,9,0,9,0,6311,701,10,17,10,0,10,0,46867,4686,2,0,2,0,2,0,11,5,0,0,0,0,0,0,0,15,1,0,0,0,0,0,0,0:0:0:0:0:0:0:0:0:0:8:1:0:0:0:0:0:0:0:0:0:0:0:0:0:0:0:0:0:0:0:0:0:0:3:7:0:0:0:0:0:0:0:0:0:0:0:2:0:0:0:0:0:0:0:0:0:0:0:0:0:0:0:0:0:0
mtfs-sentinel-dataset-v1,1,952,1398033974,1229212993,216630016,1100000,1,511,0,1,normal,196,Release,record,natural,natural,0,none,0,0,0,0,0,196,9,16,9,0,9,0,6106,678,10,17,10,0,10,0,47987,4798,2,0,2,0,2,0,10,5,0,0,0,0,0,0,0,15,1,0,0,0,0,0,0,0:0:0:0:0:0:0:0:0:0:9:0:0:0:0:0:0:0:0:0:0:0:0:0:0:0:0:0:0:0:0:0:0:0:1:9:0:0:0:0:0:0:0:0:0:0:0:2:0:0:0:0:0:0:0:0:0:0:0:0:0:0:0:0:0:0
mtfs-sentinel-dataset-v1,1,952,1398033974,1229212993,217730016,1100000,1,511,0,1,normal,197,Release,record,natural,natural,0,none,0,0,0,0,0,197,9,16,9,0,9,0,6077,675,10,17,10,0,10,0,47155,4715,2,0,2,0,2,0,10,5,0,0,0,0,0,0,0,15,1,0,0,0,0,0,0,0:0:0:0:0:0:0:0:0:0:9:0:0:0:0:0:0:0:0:0:0:0:0:0:0:0:0:0:0:0:0:0:0:0:3:7:0:0:0:0:0:0:0:0:0:0:0:2:0:0:0:0:0:0:0:0:0:0:0:0:0:0:0:0:0:0
mtfs-sentinel-dataset-v1,1,952,1398033974,1229212993,218830016,1100000,1,511,0,1,normal,198,Release,record,natural,natural,0,none,0,0,0,0,0,198,9,16,9,0,9,0,6376,708,10,17,10,0,10,0,50080,5008,2,0,2,0,2,0,11,5,0,0,0,0,0,0,0,15,1,0,0,0,0,0,0,0:0:0:0:0:0:0:0:0:0:8:1:0:0:0:0:0:0:0:0:0:0:0:0:0:0:0:0:0:0:0:0:0:0:1:9:0:0:0:0:0:0:0:0:0:0:0:2:0:0:0:0:0:0:0:0:0:0:0:0:0:0:0:0:0:0
mtfs-sentinel-dataset-v1,1,952,1398033974,1229212993,219930016,1100000,1,511,0,1,normal,199,Release,record,natural,natural,0,none,0,0,0,0,0,199,9,16,9,0,9,0,6137,681,10,17,10,0,10,0,46367,4636,2,0,2,0,2,0,10,5,0,0,0,0,0,0,0,15,1,0,0,0,0,0,0,0:0:0:0:0:0:0:0:0:0:8:1:0:0:0:0:0:0:0:0:0:0:0:0:0:0:0:0:0:0:0:0:0:0:4:6:0:0:0:0:0:0:0:0:0:0:0:2:0:0:0:0:0:0:0:0:0:0:0:0:0:0:0:0:0:0
mtfs-sentinel-dataset-v1,1,952,1398033974,1229212993,221030016,1100000,1,511,0,1,normal,200,Release,record,natural,natural,0,none,0,0,0,0,0,200,9,16,9,0,9,0,6106,678,10,17,10,0,10,0,48237,4823,2,0,2,0,2,0,12,6,0,0,0,0,0,0,0,15,1,0,0,0,0,0,0,0:0:0:0:0:0:0:0:0:0:9:0:0:0:0:0:0:0:0:0:0:0:0:0:0:0:0:0:0:0:0:0:0:0:2:8:0:0:0:0:0:0:0:0:0:0:0:2:0:0:0:0:0:0:0:0:0:0:0:0:0:0:0:0:0:0
mtfs-sentinel-dataset-v1,1,952,1398033974,1229212993,222130016,1100000,1,511,0,1,normal,201,Release,record,natural,natural,0,none,0,0,0,0,0,201,9,16,9,0,9,0,6090,676,10,17,10,0,10,0,47287,4728,2,0,2,0,2,0,10,5,0,0,0,0,0,0,0,15,1,0,0,0,0,0,0,0:0:0:0:0:0:0:0:0:0:9:0:0:0:0:0:0:0:0:0:0:0:0:0:0:0:0:0:0:0:0:0:0:0:2:8:0:0:0:0:0:0:0:0:0:0:0:2:0:0:0:0:0:0:0:0:0:0:0:0:0:0:0:0:0:0
mtfs-sentinel-dataset-v1,1,952,1398033974,1229212993,223230016,1100000,1,511,0,1,normal,202,Release,record,natural,natural,0,none,0,0,0,0,0,202,9,16,9,0,9,0,6338,704,10,17,10,0,10,0,50098,5009,2,0,2,0,2,0,10,5,0,0,0,0,0,0,0,15,1,0,0,0,0,0,0,0:0:0:0:0:0:0:0:0:0:8:1:0:0:0:0:0:0:0:0:0:0:0:0:0:0:0:0:0:0:0:0:0:0:1:9:0:0:0:0:0:0:0:0:0:0:0:2:0:0:0:0:0:0:0:0:0:0:0:0:0:0:0:0:0:0
mtfs-sentinel-dataset-v1,1,952,1398033974,1229212993,224330016,1100000,1,511,0,1,normal,203,Release,record,natural,natural,0,none,0,0,0,0,0,203,9,16,9,0,9,0,6228,692,10,17,10,0,10,0,46900,4690,2,0,2,0,2,0,12,6,0,0,0,0,0,0,0,15,1,0,0,0,0,0,0,0:0:0:0:0:0:0:0:0:0:8:1:0:0:0:0:0:0:0:0:0:0:0:0:0:0:0:0:0:0:0:0:0:0:4:6:0:0:0:0:0:0:0:0:0:0:0:2:0:0:0:0:0:0:0:0:0:0:0:0:0:0:0:0:0:0
mtfs-sentinel-dataset-v1,1,952,1398033974,1229212993,225430016,1100000,1,511,0,1,normal,204,Release,record,natural,natural,0,none,0,0,0,0,0,204,9,16,9,0,9,0,6131,681,10,17,10,0,10,0,48328,4832,2,0,2,0,2,0,10,5,0,0,0,0,0,0,0,15,1,0,0,0,0,0,0,0:0:0:0:0:0:0:0:0:0:9:0:0:0:0:0:0:0:0:0:0:0:0:0:0:0:0:0:0:0:0:0:0:0:1:9:0:0:0:0:0:0:0:0:0:0:0:2:0:0:0:0:0:0:0:0:0:0:0:0:0:0:0:0:0:0
mtfs-sentinel-dataset-v1,1,952,1398033974,1229212993,226530016,1100000,1,511,0,1,normal,205,Release,record,natural,natural,0,none,0,0,0,0,0,205,9,16,9,0,9,0,6119,679,10,17,10,0,10,0,47315,4731,2,0,2,0,2,0,10,5,0,0,0,0,0,0,0,15,1,0,0,0,0,0,0,0:0:0:0:0:0:0:0:0:0:9:0:0:0:0:0:0:0:0:0:0:0:0:0:0:0:0:0:0:0:0:0:0:0:4:6:0:0:0:0:0:0:0:0:0:0:0:2:0:0:0:0:0:0:0:0:0:0:0:0:0:0:0:0:0:0
mtfs-sentinel-dataset-v1,1,952,1398033974,1229212993,227630016,1100000,1,511,0,1,normal,206,Release,record,natural,natural,0,none,0,0,0,0,0,206,9,16,9,0,9,0,6328,703,10,17,10,0,10,0,50069,5006,2,0,2,0,2,0,10,5,0,0,0,0,0,0,0,15,1,0,0,0,0,0,0,0:0:0:0:0:0:0:0:0:0:8:1:0:0:0:0:0:0:0:0:0:0:0:0:0:0:0:0:0:0:0:0:0:0:1:9:0:0:0:0:0:0:0:0:0:0:0:2:0:0:0:0:0:0:0:0:0:0:0:0:0:0:0:0:0:0
mtfs-sentinel-dataset-v1,1,952,1398033974,1229212993,228730016,1100000,1,511,0,1,normal,207,Release,record,natural,natural,0,none,0,0,0,0,0,207,9,16,9,0,9,0,6152,683,10,17,10,0,10,0,46508,4650,2,0,2,0,2,0,11,5,0,0,0,0,0,0,0,15,1,0,0,0,0,0,0,0:0:0:0:0:0:0:0:0:0:8:1:0:0:0:0:0:0:0:0:0:0:0:0:0:0:0:0:0:0:0:0:0:0:4:6:0:0:0:0:0:0:0:0:0:0:0:2:0:0:0:0:0:0:0:0:0:0:0:0:0:0:0:0:0:0
mtfs-sentinel-dataset-v1,1,952,1398033974,1229212993,229830016,1100000,1,511,0,1,normal,208,Release,record,natural,natural,0,none,0,0,0,0,0,208,9,16,9,0,9,0,6109,678,10,17,10,0,10,0,48079,4807,2,0,2,0,2,0,12,6,0,0,0,0,0,0,0,15,1,0,0,0,0,0,0,0:0:0:0:0:0:0:0:0:0:9:0:0:0:0:0:0:0:0:0:0:0:0:0:0:0:0:0:0:0:0:0:0:0:2:8:0:0:0:0:0:0:0:0:0:0:0:2:0:0:0:0:0:0:0:0:0:0:0:0:0:0:0:0:0:0
mtfs-sentinel-dataset-v1,1,952,1398033974,1229212993,230930016,1100000,1,511,0,1,normal,209,Release,record,natural,natural,0,none,0,0,0,0,0,209,9,16,9,0,9,0,6098,677,10,17,10,0,10,0,47093,4709,2,0,2,0,2,0,10,5,0,0,0,0,0,0,0,15,1,0,0,0,0,0,0,0:0:0:0:0:0:0:0:0:0:9:0:0:0:0:0:0:0:0:0:0:0:0:0:0:0:0:0:0:0:0:0:0:0:3:7:0:0:0:0:0:0:0:0:0:0:0:2:0:0:0:0:0:0:0:0:0:0:0:0:0:0:0:0:0:0
mtfs-sentinel-dataset-v1,1,952,1398033974,1229212993,232030016,1100000,1,511,0,1,normal,210,Release,record,natural,natural,0,none,0,0,0,0,0,210,9,16,9,0,9,0,6246,694,10,17,10,0,10,0,49871,4987,2,0,2,0,2,0,11,5,0,0,0,0,0,0,0,15,1,0,0,0,0,0,0,0:0:0:0:0:0:0:0:0:0:8:1:0:0:0:0:0:0:0:0:0:0:0:0:0:0:0:0:0:0:0:0:0:0:2:8:0:0:0:0:0:0:0:0:0:0:0:2:0:0:0:0:0:0:0:0:0:0:0:0:0:0:0:0:0:0
mtfs-sentinel-dataset-v1,1,952,1398033974,1229212993,233130016,1100000,1,511,0,1,normal,211,Release,record,natural,natural,0,none,0,0,0,0,0,211,9,16,9,0,9,0,6247,694,10,17,10,0,10,0,46340,4634,2,0,2,0,2,0,10,5,0,0,0,0,0,0,0,15,1,0,0,0,0,0,0,0:0:0:0:0:0:0:0:0:0:8:1:0:0:0:0:0:0:0:0:0:0:0:0:0:0:0:0:0:0:0:0:0:0:3:7:0:0:0:0:0:0:0:0:0:0:0:2:0:0:0:0:0:0:0:0:0:0:0:0:0:0:0:0:0:0
mtfs-sentinel-dataset-v1,1,952,1398033974,1229212993,234220016,1090000,1,511,0,1,normal,212,Release,record,natural,natural,0,none,0,0,0,0,0,212,9,16,9,0,9,0,5981,664,10,17,10,0,10,0,45427,4542,2,0,2,0,2,0,10,5,0,0,0,0,0,0,0,15,1,0,0,0,0,0,0,0:0:0:0:0:0:0:0:0:0:9:0:0:0:0:0:0:0:0:0:0:0:0:0:0:0:0:0:0:0:0:0:0:0:3:7:0:0:0:0:0:0:0:0:0:0:0:2:0:0:0:0:0:0:0:0:0:0:0:0:0:0:0:0:0:0
mtfs-sentinel-dataset-v1,1,952,1398033974,1229212993,235340016,1120000,1,511,0,1,normal,213,Release,record,natural,natural,0,none,0,0,0,0,0,213,9,16,9,0,9,0,6069,674,10,17,10,0,10,0,68328,6832,2,0,2,0,2,0,11,5,0,0,0,0,0,0,0,15,1,0,0,0,0,0,0,0:0:0:0:0:0:0:0:0:0:9:0:0:0:0:0:0:0:0:0:0:0:0:0:0:0:0:0:0:0:0:0:0:0:1:7:1:1:0:0:0:0:0:0:0:0:0:2:0:0:0:0:0:0:0:0:0:0:0:0:0:0:0:0:0:0
mtfs-sentinel-dataset-v1,1,952,1398033974,1229212993,236440016,1100000,1,511,0,1,normal,214,Release,record,natural,natural,0,none,0,0,0,0,0,214,9,16,9,0,9,0,6229,692,10,17,10,0,10,0,50241,5024,2,0,2,0,2,0,10,5,0,0,0,0,0,0,0,15,1,0,0,0,0,0,0,0:0:0:0:0:0:0:0:0:0:8:1:0:0:0:0:0:0:0:0:0:0:0:0:0:0:0:0:0:0:0:0:0:0:1:9:0:0:0:0:0:0:0:0:0:0:0:2:0:0:0:0:0:0:0:0:0:0:0:0:0:0:0:0:0:0
mtfs-sentinel-dataset-v1,1,952,1398033974,1229212993,237540016,1100000,1,511,0,1,normal,215,Release,record,natural,natural,0,none,0,0,0,0,0,215,9,16,9,0,9,0,6205,689,10,17,10,0,10,0,47006,4700,2,0,2,0,2,0,11,5,0,0,0,0,0,0,0,15,1,0,0,0,0,0,0,0:0:0:0:0:0:0:0:0:0:8:1:0:0:0:0:0:0:0:0:0:0:0:0:0:0:0:0:0:0:0:0:0:0:4:6:0:0:0:0:0:0:0:0:0:0:0:2:0:0:0:0:0:0:0:0:0:0:0:0:0:0:0:0:0:0
mtfs-sentinel-dataset-v1,1,952,1398033974,1229212993,238640016,1100000,1,511,0,1,normal,216,Release,record,natural,natural,0,none,0,0,0,0,0,216,9,16,9,0,9,0,6105,678,10,17,10,0,10,0,47944,4794,2,0,2,0,2,0,11,5,0,0,0,0,0,0,0,15,1,0,0,0,0,0,0,0:0:0:0:0:0:0:0:0:0:9:0:0:0:0:0:0:0:0:0:0:0:0:0:0:0:0:0:0:0:0:0:0:0:2:8:0:0:0:0:0:0:0:0:0:0:0:2:0:0:0:0:0:0:0:0:0:0:0:0:0:0:0:0:0:0
mtfs-sentinel-dataset-v1,1,952,1398033974,1229212993,239740016,1100000,1,511,0,1,normal,217,Release,record,natural,natural,0,none,0,0,0,0,0,217,9,16,9,0,9,0,6132,681,10,17,10,0,10,0,47499,4749,2,0,2,0,2,0,10,5,0,0,0,0,0,0,0,15,1,0,0,0,0,0,0,0:0:0:0:0:0:0:0:0:0:9:0:0:0:0:0:0:0:0:0:0:0:0:0:0:0:0:0:0:0:0:0:0:0:2:8:0:0:0:0:0:0:0:0:0:0:0:2:0:0:0:0:0:0:0:0:0:0:0:0:0:0:0:0:0:0
mtfs-sentinel-dataset-v1,1,952,1398033974,1229212993,240840016,1100000,1,511,0,1,normal,218,Release,record,natural,natural,0,none,0,0,0,0,0,218,9,16,9,0,9,0,6284,698,10,17,10,0,10,0,50314,5031,2,0,2,0,2,0,10,5,0,0,0,0,0,0,0,15,1,0,0,0,0,0,0,0:0:0:0:0:0:0:0:0:0:8:1:0:0:0:0:0:0:0:0:0:0:0:0:0:0:0:0:0:0:0:0:0:0:1:9:0:0:0:0:0:0:0:0:0:0:0:2:0:0:0:0:0:0:0:0:0:0:0:0:0:0:0:0:0:0
mtfs-sentinel-dataset-v1,1,952,1398033974,1229212993,241940016,1100000,1,511,0,1,normal,219,Release,record,natural,natural,0,none,0,0,0,0,0,219,9,16,9,0,9,0,6148,683,10,17,10,0,10,0,46451,4645,2,0,2,0,2,0,11,5,0,0,0,0,0,0,0,15,1,0,0,0,0,0,0,0:0:0:0:0:0:0:0:0:0:8:1:0:0:0:0:0:0:0:0:0:0:0:0:0:0:0:0:0:0:0:0:0:0:3:7:0:0:0:0:0:0:0:0:0:0:0:2:0:0:0:0:0:0:0:0:0:0:0:0:0:0:0:0:0:0
mtfs-sentinel-dataset-v1,1,952,1398033974,1229212993,243040016,1100000,1,511,0,1,normal,220,Release,record,natural,natural,0,none,0,0,0,0,0,220,9,16,9,0,9,0,6175,686,10,17,10,0,10,0,48254,4825,2,0,2,0,2,0,11,5,0,0,0,0,0,0,0,15,1,0,0,0,0,0,0,0:0:0:0:0:0:0:0:0:0:9:0:0:0:0:0:0:0:0:0:0:0:0:0:0:0:0:0:0:0:0:0:0:0:2:8:0:0:0:0:0:0:0:0:0:0:0:2:0:0:0:0:0:0:0:0:0:0:0:0:0:0:0:0:0:0
mtfs-sentinel-dataset-v1,1,952,1398033974,1229212993,244140016,1100000,1,511,0,1,normal,221,Release,record,natural,natural,0,none,0,0,0,0,0,221,9,16,9,0,9,0,6100,677,10,17,10,0,10,0,47152,4715,2,0,2,0,2,0,10,5,0,0,0,0,0,0,0,15,1,0,0,0,0,0,0,0:0:0:0:0:0:0:0:0:0:9:0:0:0:0:0:0:0:0:0:0:0:0:0:0:0:0:0:0:0:0:0:0:0:2:8:0:0:0:0:0:0:0:0:0:0:0:2:0:0:0:0:0:0:0:0:0:0:0:0:0:0:0:0:0:0
mtfs-sentinel-dataset-v1,1,952,1398033974,1229212993,245240016,1100000,1,511,0,1,normal,222,Release,record,natural,natural,0,none,0,0,0,0,0,222,9,16,9,0,9,0,6288,698,10,17,10,0,10,0,50297,5029,2,0,2,0,2,0,10,5,0,0,0,0,0,0,0,15,1,0,0,0,0,0,0,0:0:0:0:0:0:0:0:0:0:8:1:0:0:0:0:0:0:0:0:0:0:0:0:0:0:0:0:0:0:0:0:0:0:1:9:0:0:0:0:0:0:0:0:0:0:0:2:0:0:0:0:0:0:0:0:0:0:0:0:0:0:0:0:0:0
mtfs-sentinel-dataset-v1,1,952,1398033974,1229212993,246340016,1100000,1,511,0,1,normal,223,Release,record,natural,natural,0,none,0,0,0,0,0,223,9,16,9,0,9,0,6278,697,10,17,10,0,10,0,46577,4657,2,0,2,0,2,0,11,5,0,0,0,0,0,0,0,15,1,0,0,0,0,0,0,0:0:0:0:0:0:0:0:0:0:8:1:0:0:0:0:0:0:0:0:0:0:0:0:0:0:0:0:0:0:0:0:0:0:4:6:0:0:0:0:0:0:0:0:0:0:0:2:0:0:0:0:0:0:0:0:0:0:0:0:0:0:0:0:0:0
mtfs-sentinel-dataset-v1,1,952,1398033974,1229212993,247440016,1100000,1,511,0,1,normal,224,Release,record,natural,natural,0,none,0,0,0,0,0,224,9,16,9,0,9,0,6075,675,10,17,10,0,10,0,47870,4787,2,0,2,0,2,0,10,5,0,0,0,0,0,0,0,15,1,0,0,0,0,0,0,0:0:0:0:0:0:0:0:0:0:9:0:0:0:0:0:0:0:0:0:0:0:0:0:0:0:0:0:0:0:0:0:0:0:2:8:0:0:0:0:0:0:0:0:0:0:0:2:0:0:0:0:0:0:0:0:0:0:0:0:0:0:0:0:0:0
mtfs-sentinel-dataset-v1,1,952,1398033974,1229212993,248540016,1100000,1,511,0,1,normal,225,Release,record,natural,natural,0,none,0,0,0,0,0,225,9,16,9,0,9,0,6135,681,10,17,10,0,10,0,47551,4755,2,0,2,0,2,0,10,5,0,0,0,0,0,0,0,15,1,0,0,0,0,0,0,0:0:0:0:0:0:0:0:0:0:9:0:0:0:0:0:0:0:0:0:0:0:0:0:0:0:0:0:0:0:0:0:0:0:1:9:0:0:0:0:0:0:0:0:0:0:0:2:0:0:0:0:0:0:0:0:0:0:0:0:0:0:0:0:0:0
mtfs-sentinel-dataset-v1,1,952,1398033974,1229212993,249640016,1100000,1,511,0,1,normal,226,Release,record,natural,natural,0,none,0,0,0,0,0,226,9,16,9,0,9,0,6363,707,10,17,10,0,10,0,50284,5028,2,0,2,0,2,0,10,5,0,0,0,0,0,0,0,15,1,0,0,0,0,0,0,0:0:0:0:0:0:0:0:0:0:8:1:0:0:0:0:0:0:0:0:0:0:0:0:0:0:0:0:0:0:0:0:0:0:1:9:0:0:0:0:0:0:0:0:0:0:0:2:0:0:0:0:0:0:0:0:0:0:0:0:0:0:0:0:0:0
mtfs-sentinel-dataset-v1,1,952,1398033974,1229212993,250740016,1100000,1,511,0,1,normal,227,Release,record,natural,natural,0,none,0,0,0,0,0,227,9,16,9,0,9,0,6256,695,10,17,10,0,10,0,46541,4654,2,0,2,0,2,0,11,5,0,0,0,0,0,0,0,15,1,0,0,0,0,0,0,0:0:0:0:0:0:0:0:0:0:8:1:0:0:0:0:0:0:0:0:0:0:0:0:0:0:0:0:0:0:0:0:0:0:4:6:0:0:0:0:0:0:0:0:0:0:0:2:0:0:0:0:0:0:0:0:0:0:0:0:0:0:0:0:0:0
mtfs-sentinel-dataset-v1,1,952,1398033974,1229212993,251840016,1100000,1,511,0,1,normal,228,Release,record,natural,natural,0,none,0,0,0,0,0,228,9,16,9,0,9,0,6083,675,10,17,10,0,10,0,47993,4799,2,0,2,0,2,0,10,5,0,0,0,0,0,0,0,15,1,0,0,0,0,0,0,0:0:0:0:0:0:0:0:0:0:9:0:0:0:0:0:0:0:0:0:0:0:0:0:0:0:0:0:0:0:0:0:0:0:2:8:0:0:0:0:0:0:0:0:0:0:0:2:0:0:0:0:0:0:0:0:0:0:0:0:0:0:0:0:0:0
mtfs-sentinel-dataset-v1,1,952,1398033974,1229212993,252940016,1100000,1,511,0,1,normal,229,Release,record,natural,natural,0,none,0,0,0,0,0,229,9,16,9,0,9,0,6113,679,10,17,10,0,10,0,47317,4731,2,0,2,0,2,0,11,5,0,0,0,0,0,0,0,15,1,0,0,0,0,0,0,0:0:0:0:0:0:0:0:0:0:9:0:0:0:0:0:0:0:0:0:0:0:0:0:0:0:0:0:0:0:0:0:0:0:2:8:0:0:0:0:0:0:0:0:0:0:0:2:0:0:0:0:0:0:0:0:0:0:0:0:0:0:0:0:0:0
mtfs-sentinel-dataset-v1,1,952,1398033974,1229212993,254040016,1100000,1,511,0,1,normal,230,Release,record,natural,natural,0,none,0,0,0,0,0,230,9,16,9,0,9,0,6299,699,10,17,10,0,10,0,50426,5042,2,0,2,0,2,0,10,5,0,0,0,0,0,0,0,15,1,0,0,0,0,0,0,0:0:0:0:0:0:0:0:0:0:8:1:0:0:0:0:0:0:0:0:0:0:0:0:0:0:0:0:0:0:0:0:0:0:1:9:0:0:0:0:0:0:0:0:0:0:0:2:0:0:0:0:0:0:0:0:0:0:0:0:0:0:0:0:0:0
mtfs-sentinel-dataset-v1,1,952,1398033974,1229212993,255140016,1100000,1,511,0,1,normal,231,Release,record,natural,natural,0,none,0,0,0,0,0,231,9,16,9,0,9,0,6311,701,10,17,10,0,10,0,46576,4657,2,0,2,0,2,0,11,5,0,0,0,0,0,0,0,15,1,0,0,0,0,0,0,0:0:0:0:0:0:0:0:0:0:8:1:0:0:0:0:0:0:0:0:0:0:0:0:0:0:0:0:0:0:0:0:0:0:4:6:0:0:0:0:0:0:0:0:0:0:0:2:0:0:0:0:0:0:0:0:0:0:0:0:0:0:0:0:0:0
mtfs-sentinel-dataset-v1,1,952,1398033974,1229212993,256240016,1100000,1,511,0,1,normal,232,Release,record,natural,natural,0,none,0,0,0,0,0,232,9,16,9,0,9,0,5979,664,10,17,10,0,10,0,48366,4836,2,0,2,0,2,0,10,5,0,0,0,0,0,0,0,15,1,0,0,0,0,0,0,0:0:0:0:0:0:0:0:0:0:9:0:0:0:0:0:0:0:0:0:0:0:0:0:0:0:0:0:0:0:0:0:0:0:1:9:0:0:0:0:0:0:0:0:0:0:0:2:0:0:0:0:0:0:0:0:0:0:0:0:0:0:0:0:0:0
mtfs-sentinel-dataset-v1,1,952,1398033974,1229212993,257340016,1100000,1,511,0,1,normal,233,Release,record,natural,natural,0,none,0,0,0,0,0,233,9,16,9,0,9,0,6040,671,10,17,10,0,10,0,51204,5120,2,0,2,0,2,0,11,5,0,0,0,0,0,0,0,15,1,0,0,0,0,0,0,0:0:0:0:0:0:0:0:0:0:9:0:0:0:0:0:0:0:0:0:0:0:0:0:0:0:0:0:0:0:0:0:0:0:2:7:1:0:0:0:0:0:0:0:0:0:0:2:0:0:0:0:0:0:0:0:0:0:0:0:0:0:0:0:0:0
mtfs-sentinel-dataset-v1,1,952,1398033974,1229212993,258450016,1110000,1,511,0,1,normal,234,Release,record,natural,natural,0,none,0,0,0,0,0,234,9,16,9,0,9,0,6188,687,10,17,10,0,10,0,60172,6017,2,0,2,0,2,0,11,5,0,0,0,0,0,0,0,15,1,0,0,0,0,0,0,0:0:0:0:0:0:0:0:0:0:8:1:0:0:0:0:0:0:0:0:0:0:0:0:0:0:0:0:0:0:0:0:0:0:1:8:0:1:0:0:0:0:0:0:0:0:0:2:0:0:0:0:0:0:0:0:0:0:0:0:0:0:0:0:0:0
mtfs-sentinel-dataset-v1,1,952,1398033974,1229212993,259540016,1090000,1,511,0,1,normal,235,Release,record,natural,natural,0,none,0,0,0,0,0,235,9,16,9,0,9,0,6161,684,10,17,10,0,10,0,44903,4490,2,0,2,0,2,0,10,5,0,0,0,0,0,0,0,15,1,0,0,0,0,0,0,0:0:0:0:0:0:0:0:0:0:8:1:0:0:0:0:0:0:0:0:0:0:0:0:0:0:0:0:0:0:0:0:0:0:4:6:0:0:0:0:0:0:0:0:0:0:0:2:0:0:0:0:0:0:0:0:0:0:0:0:0:0:0:0:0:0
mtfs-sentinel-dataset-v1,1,952,1398033974,1229212993,260640016,1100000,1,511,0,1,normal,236,Release,record,natural,natural,0,none,0,0,0,0,0,236,9,16,9,0,9,0,5953,661,10,17,10,0,10,0,46688,4668,2,0,2,0,2,0,10,5,0,0,0,0,0,0,0,15,1,0,0,0,0,0,0,0:0:0:0:0:0:0:0:0:0:9:0:0:0:0:0:0:0:0:0:0:0:0:0:0:0:0:0:0:0:0:0:0:0:3:7:0:0:0:0:0:0:0:0:0:0:0:2:0:0:0:0:0:0:0:0:0:0:0:0:0:0:0:0:0:0
mtfs-sentinel-dataset-v1,1,952,1398033974,1229212993,261730016,1090000,1,511,0,1,normal,237,Release,record,natural,natural,0,none,0,0,0,0,0,237,9,16,9,0,9,0,5972,663,10,17,10,0,10,0,45544,4554,2,0,2,0,2,0,10,5,0,0,0,0,0,0,0,15,1,0,0,0,0,0,0,0:0:0:0:0:0:0:0:0:0:9:0:0:0:0:0:0:0:0:0:0:0:0:0:0:0:0:0:0:0:0:0:0:0:2:8:0:0:0:0:0:0:0:0:0:0:0:2:0:0:0:0:0:0:0:0:0:0:0:0:0:0:0:0:0:0
mtfs-sentinel-dataset-v1,1,952,1398033974,1229212993,262830016,1100000,1,511,0,1,normal,238,Release,record,natural,natural,0,none,0,0,0,0,0,238,9,16,9,0,9,0,6179,686,10,17,10,0,10,0,48621,4862,2,0,2,0,2,0,10,5,0,0,0,0,0,0,0,15,1,0,0,0,0,0,0,0:0:0:0:0:0:0:0:0:0:8:1:0:0:0:0:0:0:0:0:0:0:0:0:0:0:0:0:0:0:0:0:0:0:1:9:0:0:0:0:0:0:0:0:0:0:0:2:0:0:0:0:0:0:0:0:0:0:0:0:0:0:0:0:0:0
mtfs-sentinel-dataset-v1,1,952,1398033974,1229212993,263920016,1090000,1,511,0,1,normal,239,Release,record,natural,natural,0,none,0,0,0,0,0,239,9,16,9,0,9,0,6208,689,10,17,10,0,10,0,45034,4503,2,0,2,0,2,0,10,5,0,0,0,0,0,0,0,15,1,0,0,0,0,0,0,0:0:0:0:0:0:0:0:0:0:8:1:0:0:0:0:0:0:0:0:0:0:0:0:0:0:0:0:0:0:0:0:0:0:3:7:0:0:0:0:0:0:0:0:0:0:0:2:0:0:0:0:0:0:0:0:0:0:0:0:0:0:0:0:0:0
mtfs-sentinel-dataset-v1,1,952,1398033974,1229212993,265020016,1100000,1,511,0,1,normal,240,Release,record,natural,natural,0,none,0,0,0,0,0,240,9,16,9,0,9,0,5995,666,10,17,10,0,10,0,46468,4646,2,0,2,0,2,0,11,5,0,0,0,0,0,0,0,15,1,0,0,0,0,0,0,0:0:0:0:0:0:0:0:0:0:9:0:0:0:0:0:0:0:0:0:0:0:0:0:0:0:0:0:0:0:0:0:0:0:3:7:0:0:0:0:0:0:0:0:0:0:0:2:0:0:0:0:0:0:0:0:0:0:0:0:0:0:0:0:0:0
mtfs-sentinel-dataset-v1,1,952,1398033974,1229212993,266120016,1100000,1,511,0,1,normal,241,Release,record,natural,natural,0,none,0,0,0,0,0,241,9,16,9,0,9,0,5941,660,10,17,10,0,10,0,51753,5175,2,0,2,0,2,0,11,5,0,0,0,0,0,0,0,15,1,0,0,0,0,0,0,0:0:0:0:0:0:0:0:0:0:9:0:0:0:0:0:0:0:0:0:0:0:0:0:0:0:0:0:0:0:0:0:0:0:2:7:1:0:0:0:0:0:0:0:0:0:0:2:0:0:0:0:0:0:0:0:0:0:0:0:0:0:0:0:0:0
mtfs-sentinel-dataset-v1,1,952,1398033974,1229212993,267220016,1100000,1,511,0,1,normal,242,Release,record,natural,natural,0,none,0,0,0,0,0,242,9,16,9,0,9,0,6148,683,10,17,10,0,10,0,48371,4837,2,0,2,0,2,0,11,5,0,0,0,0,0,0,0,15,1,0,0,0,0,0,0,0:0:0:0:0:0:0:0:0:0:8:1:0:0:0:0:0:0:0:0:0:0:0:0:0:0:0:0:0:0:0:0:0:0:1:9:0:0:0:0:0:0:0:0:0:0:0:2:0:0:0:0:0:0:0:0:0:0:0:0:0:0:0:0:0:0
mtfs-sentinel-dataset-v1,1,952,1398033974,1229212993,268310016,1090000,1,511,0,1,normal,243,Release,record,natural,natural,0,none,0,0,0,0,0,243,9,16,9,0,9,0,6228,692,10,17,10,0,10,0,44504,4450,2,0,2,0,2,0,11,5,0,0,0,0,0,0,0,15,1,0,0,0,0,0,0,0:0:0:0:0:0:0:0:0:0:8:1:0:0:0:0:0:0:0:0:0:0:0:0:0:0:0:0:0:0:0:0:0:0:4:6:0:0:0:0:0:0:0:0:0:0:0:2:0:0:0:0:0:0:0:0:0:0:0:0:0:0:0:0:0:0
mtfs-sentinel-dataset-v1,1,952,1398033974,1229212993,269400016,1090000,1,511,0,1,normal,244,Release,record,natural,natural,0,none,0,0,0,0,0,244,9,16,9,0,9,0,5992,665,10,17,10,0,10,0,46443,4644,2,0,2,0,2,0,11,5,0,0,0,0,0,0,0,15,1,0,0,0,0,0,0,0:0:0:0:0:0:0:0:0:0:9:0:0:0:0:0:0:0:0:0:0:0:0:0:0:0:0:0:0:0:0:0:0:0:3:7:0:0:0:0:0:0:0:0:0:0:0:2:0:0:0:0:0:0:0:0:0:0:0:0:0:0:0:0:0:0
mtfs-sentinel-dataset-v1,1,952,1398033974,1229212993,270490016,1090000,1,511,0,1,normal,245,Release,record,natural,natural,0,none,0,0,0,0,0,245,9,16,9,0,9,0,5974,663,10,17,10,0,10,0,45651,4565,2,0,2,0,2,0,10,5,0,0,0,0,0,0,0,15,1,0,0,0,0,0,0,0:0:0:0:0:0:0:0:0:0:9:0:0:0:0:0:0:0:0:0:0:0:0:0:0:0:0:0:0:0:0:0:0:0:3:7:0:0:0:0:0:0:0:0:0:0:0:2:0:0:0:0:0:0:0:0:0:0:0:0:0:0:0:0:0:0
mtfs-sentinel-dataset-v1,1,952,1398033974,1229212993,271590016,1100000,1,511,0,1,normal,246,Release,record,natural,natural,0,none,0,0,0,0,0,246,9,16,9,0,9,0,6280,697,10,17,10,0,10,0,48240,4824,2,0,2,0,2,0,10,5,0,0,0,0,0,0,0,15,1,0,0,0,0,0,0,0:0:0:0:0:0:0:0:0:0:8:1:0:0:0:0:0:0:0:0:0:0:0:0:0:0:0:0:0:0:0:0:0:0:1:9:0:0:0:0:0:0:0:0:0:0:0:2:0:0:0:0:0:0:0:0:0:0:0:0:0:0:0:0:0:0
mtfs-sentinel-dataset-v1,1,952,1398033974,1229212993,272680016,1090000,1,511,0,1,normal,247,Release,record,natural,natural,0,none,0,0,0,0,0,247,9,16,9,0,9,0,5999,666,10,17,10,0,10,0,45122,4512,2,0,2,0,2,0,11,5,0,0,0,0,0,0,0,15,1,0,0,0,0,0,0,0:0:0:0:0:0:0:0:0:0:8:1:0:0:0:0:0:0:0:0:0:0:0:0:0:0:0:0:0:0:0:0:0:0:3:7:0:0:0:0:0:0:0:0:0:0:0:2:0:0:0:0:0:0:0:0:0:0:0:0:0:0:0:0:0:0
mtfs-sentinel-dataset-v1,1,952,1398033974,1229212993,273770016,1090000,1,511,0,1,normal,248,Release,record,natural,natural,0,none,0,0,0,0,0,248,9,16,9,0,9,0,5898,655,10,17,10,0,10,0,45943,4594,2,0,2,0,2,0,10,5,0,0,0,0,0,0,0,15,1,0,0,0,0,0,0,0:0:0:0:0:0:0:0:0:0:9:0:0:0:0:0:0:0:0:0:0:0:0:0:0:0:0:0:0:0:0:0:0:0:3:7:0:0:0:0:0:0:0:0:0:0:0:2:0:0:0:0:0:0:0:0:0:0:0:0:0:0:0:0:0:0
mtfs-sentinel-dataset-v1,1,952,1398033974,1229212993,274860016,1090000,1,511,0,1,normal,249,Release,record,natural,natural,0,none,0,0,0,0,0,249,9,16,9,0,9,0,5772,641,10,17,10,0,10,0,43122,4312,2,0,2,0,2,0,11,5,0,0,0,0,0,0,0,15,1,0,0,0,0,0,0,0:0:0:0:0:0:0:0:0:0:9:0:0:0:0:0:0:0:0:0:0:0:0:0:0:0:0:0:0:0:0:0:0:0:6:4:0:0:0:0:0:0:0:0:0:0:0:2:0:0:0:0:0:0:0:0:0:0:0:0:0:0:0:0:0:0
mtfs-sentinel-dataset-v1,1,952,1398033974,1229212993,275950016,1090000,1,511,0,1,normal,250,Release,record,natural,natural,0,none,0,0,0,0,0,250,9,16,9,0,9,0,6175,686,10,17,10,0,10,0,45788,4578,2,0,2,0,2,0,10,5,0,0,0,0,0,0,0,15,1,0,0,0,0,0,0,0:0:0:0:0:0:0:0:0:0:8:1:0:0:0:0:0:0:0:0:0:0:0:0:0:0:0:0:0:0:0:0:0:0:3:7:0:0:0:0:0:0:0:0:0:0:0:2:0:0:0:0:0:0:0:0:0:0:0:0:0:0:0:0:0:0
mtfs-sentinel-dataset-v1,1,952,1398033974,1229212993,277040016,1090000,1,511,0,1,normal,251,Release,record,natural,natural,0,none,0,0,0,0,0,251,9,16,9,0,9,0,5982,664,10,17,10,0,10,0,44697,4469,2,0,2,0,2,0,12,6,0,0,0,0,0,0,0,15,1,0,0,0,0,0,0,0:0:0:0:0:0:0:0:0:0:8:1:0:0:0:0:0:0:0:0:0:0:0:0:0:0:0:0:0:0:0:0:0:0:4:6:0:0:0:0:0:0:0:0:0:0:0:2:0:0:0:0:0:0:0:0:0:0:0:0:0:0:0:0:0:0
mtfs-sentinel-dataset-v1,1,952,1398033974,1229212993,278140016,1100000,1,511,0,1,normal,252,Release,record,natural,natural,0,none,0,0,0,0,0,252,9,16,9,0,9,0,6042,671,10,17,10,0,10,0,46516,4651,2,0,2,0,2,0,11,5,0,0,0,0,0,0,0,15,1,0,0,0,0,0,0,0:0:0:0:0:0:0:0:0:0:9:0:0:0:0:0:0:0:0:0:0:0:0:0:0:0:0:0:0:0:0:0:0:0:3:7:0:0:0:0:0:0:0:0:0:0:0:2:0:0:0:0:0:0:0:0:0:0:0:0:0:0:0:0:0:0
mtfs-sentinel-dataset-v1,1,952,1398033974,1229212993,279230016,1090000,1,511,0,1,normal,253,Release,record,natural,natural,0,none,0,0,0,0,0,253,9,16,9,0,9,0,6007,667,10,17,10,0,10,0,45759,4575,2,0,2,0,2,0,11,5,0,0,0,0,0,0,0,15,1,0,0,0,0,0,0,0:0:0:0:0:0:0:0:0:0:9:0:0:0:0:0:0:0:0:0:0:0:0:0:0:0:0:0:0:0:0:0:0:0:2:8:0:0:0:0:0:0:0:0:0:0:0:2:0:0:0:0:0:0:0:0:0:0:0:0:0:0:0:0:0:0
mtfs-sentinel-dataset-v1,1,952,1398033974,1229212993,280320016,1090000,1,511,0,1,normal,254,Release,record,natural,natural,0,none,0,0,0,0,0,254,9,16,9,0,9,0,6253,694,10,17,10,0,10,0,46178,4617,2,0,2,0,2,0,10,5,0,0,0,0,0,0,0,15,1,0,0,0,0,0,0,0:0:0:0:0:0:0:0:0:0:8:1:0:0:0:0:0:0:0:0:0:0:0:0:0:0:0:0:0:0:0:0:0:0:2:8:0:0:0:0:0:0:0:0:0:0:0:2:0:0:0:0:0:0:0:0:0:0:0:0:0:0:0:0:0:0
mtfs-sentinel-dataset-v1,1,952,1398033974,1229212993,281410016,1090000,1,511,0,1,normal,255,Release,record,natural,natural,0,none,0,0,0,0,0,255,9,16,9,0,9,0,6056,672,10,17,10,0,10,0,43064,4306,2,0,2,0,2,0,10,5,0,0,0,0,0,0,0,15,1,0,0,0,0,0,0,0:0:0:0:0:0:0:0:0:0:8:1:0:0:0:0:0:0:0:0:0:0:0:0:0:0:0:0:0:0:0:0:0:0:5:5:0:0:0:0:0:0:0:0:0:0:0:2:0:0:0:0:0:0:0:0:0:0:0:0:0:0:0:0:0:0
mtfs-sentinel-dataset-v1,1,952,1398033974,1229212993,282510016,1100000,1,511,0,1,normal,256,Release,record,natural,natural,0,none,0,0,0,0,0,256,9,16,9,0,9,0,6011,667,10,17,10,0,10,0,46863,4686,2,0,2,0,2,0,10,5,0,0,0,0,0,0,0,15,1,0,0,0,0,0,0,0:0:0:0:0:0:0:0:0:0:9:0:0:0:0:0:0:0:0:0:0:0:0:0:0:0:0:0:0:0:0:0:0:0:3:7:0:0:0:0:0:0:0:0:0:0:0:2:0:0:0:0:0:0:0:0:0:0:0:0:0:0:0:0:0:0
mtfs-sentinel-dataset-v1,1,952,1398033974,1229212993,283600016,1090000,1,511,0,1,normal,257,Release,record,natural,natural,0,none,0,0,0,0,0,257,9,16,9,0,9,0,6041,671,10,17,10,0,10,0,45784,4578,2,0,2,0,2,0,11,5,0,0,0,0,0,0,0,15,1,0,0,0,0,0,0,0:0:0:0:0:0:0:0:0:0:9:0:0:0:0:0:0:0:0:0:0:0:0:0:0:0:0:0:0:0:0:0:0:0:3:7:0:0:0:0:0:0:0:0:0:0:0:2:0:0:0:0:0:0:0:0:0:0:0:0:0:0:0:0:0:0
mtfs-sentinel-dataset-v1,1,952,1398033974,1229212993,284700016,1100000,1,511,0,1,normal,258,Release,record,natural,natural,0,none,0,0,0,0,0,258,9,16,9,0,9,0,6189,687,10,17,10,0,10,0,49118,4911,2,0,2,0,2,0,10,5,0,0,0,0,0,0,0,15,1,0,0,0,0,0,0,0:0:0:0:0:0:0:0:0:0:8:1:0:0:0:0:0:0:0:0:0:0:0:0:0:0:0:0:0:0:0:0:0:0:1:9:0:0:0:0:0:0:0:0:0:0:0:2:0:0:0:0:0:0:0:0:0:0:0:0:0:0:0:0:0:0
mtfs-sentinel-dataset-v1,1,952,1398033974,1229212993,285790016,1090000,1,511,0,1,normal,259,Release,record,natural,natural,0,none,0,0,0,0,0,259,9,16,9,0,9,0,6263,695,10,17,10,0,10,0,45344,4534,2,0,2,0,2,0,11,5,0,0,0,0,0,0,0,15,1,0,0,0,0,0,0,0:0:0:0:0:0:0:0:0:0:8:1:0:0:0:0:0:0:0:0:0:0:0:0:0:0:0:0:0:0:0:0:0:0:3:7:0:0:0:0:0:0:0:0:0:0:0:2:0:0:0:0:0:0:0:0:0:0:0:0:0:0:0:0:0:0
mtfs-sentinel-dataset-v1,1,952,1398033974,1229212993,286890016,1100000,1,511,0,1,normal,260,Release,record,natural,natural,0,none,0,0,0,0,0,260,9,16,9,0,9,0,6010,667,10,17,10,0,10,0,46824,4682,2,0,2,0,2,0,10,5,0,0,0,0,0,0,0,15,1,0,0,0,0,0,0,0:0:0:0:0:0:0:0:0:0:9:0:0:0:0:0:0:0:0:0:0:0:0:0:0:0:0:0:0:0:0:0:0:0:3:7:0:0:0:0:0:0:0:0:0:0:0:2:0:0:0:0:0:0:0:0:0:0:0:0:0:0:0:0:0:0
mtfs-sentinel-dataset-v1,1,952,1398033974,1229212993,287980016,1090000,1,511,0,1,normal,261,Release,record,natural,natural,0,none,0,0,0,0,0,261,9,16,9,0,9,0,6002,666,10,17,10,0,10,0,45969,4596,2,0,2,0,2,0,11,5,0,0,0,0,0,0,0,15,1,0,0,0,0,0,0,0:0:0:0:0:0:0:0:0:0:9:0:0:0:0:0:0:0:0:0:0:0:0:0:0:0:0:0:0:0:0:0:0:0:3:7:0:0:0:0:0:0:0:0:0:0:0:2:0:0:0:0:0:0:0:0:0:0:0:0:0:0:0:0:0:0
mtfs-sentinel-dataset-v1,1,952,1398033974,1229212993,289080016,1100000,1,511,0,1,normal,262,Release,record,natural,natural,0,none,0,0,0,0,0,262,9,16,9,0,9,0,6203,689,10,17,10,0,10,0,48705,4870,2,0,2,0,2,0,11,5,0,0,0,0,0,0,0,15,1,0,0,0,0,0,0,0:0:0:0:0:0:0:0:0:0:8:1:0:0:0:0:0:0:0:0:0:0:0:0:0:0:0:0:0:0:0:0:0:0:1:9:0:0:0:0:0:0:0:0:0:0:0:2:0:0:0:0:0:0:0:0:0:0:0:0:0:0:0:0:0:0
mtfs-sentinel-dataset-v1,1,952,1398033974,1229212993,290170016,1090000,1,511,0,1,normal,263,Release,record,natural,natural,0,none,0,0,0,0,0,263,9,16,9,0,9,0,6102,678,10,17,10,0,10,0,44980,4498,2,0,2,0,2,0,11,5,0,0,0,0,0,0,0,15,1,0,0,0,0,0,0,0:0:0:0:0:0:0:0:0:0:8:1:0:0:0:0:0:0:0:0:0:0:0:0:0:0:0:0:0:0:0:0:0:0:3:7:0:0:0:0:0:0:0:0:0:0:0:2:0:0:0:0:0:0:0:0:0:0:0:0:0:0:0:0:0:0
mtfs-sentinel-dataset-v1,1,952,1398033974,1229212993,291270016,1100000,1,511,0,1,normal,264,Release,record,natural,natural,0,none,0,0,0,0,0,264,9,16,9,0,9,0,5992,665,10,17,10,0,10,0,46896,4689,2,0,2,0,2,0,10,5,0,0,0,0,0,0,0,15,1,0,0,0,0,0,0,0:0:0:0:0:0:0:0:0:0:9:0:0:0:0:0:0:0:0:0:0:0:0:0:0:0:0:0:0:0:0:0:0:0:3:7:0:0:0:0:0:0:0:0:0:0:0:2:0:0:0:0:0:0:0:0:0:0:0:0:0:0:0:0:0:0
mtfs-sentinel-dataset-v1,1,952,1398033974,1229212993,292360016,1090000,1,511,0,1,normal,265,Release,record,natural,natural,0,none,0,0,0,0,0,265,9,16,9,0,9,0,5992,665,10,17,10,0,10,0,45665,4566,2,0,2,0,2,0,10,5,0,0,0,0,0,0,0,15,1,0,0,0,0,0,0,0:0:0:0:0:0:0:0:0:0:9:0:0:0:0:0:0:0:0:0:0:0:0:0:0:0:0:0:0:0:0:0:0:0:5:5:0:0:0:0:0:0:0:0:0:0:0:2:0:0:0:0:0:0:0:0:0:0:0:0:0:0:0:0:0:0
mtfs-sentinel-dataset-v1,1,952,1398033974,1229212993,293460016,1100000,1,511,0,1,normal,266,Release,record,natural,natural,0,none,0,0,0,0,0,266,9,16,9,0,9,0,6198,688,10,17,10,0,10,0,48745,4874,2,0,2,0,2,0,10,5,0,0,0,0,0,0,0,15,1,0,0,0,0,0,0,0:0:0:0:0:0:0:0:0:0:8:1:0:0:0:0:0:0:0:0:0:0:0:0:0:0:0:0:0:0:0:0:0:0:1:9:0:0:0:0:0:0:0:0:0:0:0:2:0:0:0:0:0:0:0:0:0:0:0:0:0:0:0:0:0:0
mtfs-sentinel-dataset-v1,1,952,1398033974,1229212993,294550016,1090000,1,511,0,1,normal,267,Release,record,natural,natural,0,none,0,0,0,0,0,267,9,16,9,0,9,0,6099,677,10,17,10,0,10,0,45120,4512,2,0,2,0,2,0,10,5,0,0,0,0,0,0,0,15,1,0,0,0,0,0,0,0:0:0:0:0:0:0:0:0:0:8:1:0:0:0:0:0:0:0:0:0:0:0:0:0:0:0:0:0:0:0:0:0:0:4:6:0:0:0:0:0:0:0:0:0:0:0:2:0:0:0:0:0:0:0:0:0:0:0:0:0:0:0:0:0:0
mtfs-sentinel-dataset-v1,1,952,1398033974,1229212993,295650016,1100000,1,511,0,1,normal,268,Release,record,natural,natural,0,none,0,0,0,0,0,268,9,16,9,0,9,0,6093,677,10,17,10,0,10,0,46759,4675,2,0,2,0,2,0,12,6,0,0,0,0,0,0,0,15,1,0,0,0,0,0,0,0:0:0:0:0:0:0:0:0:0:9:0:0:0:0:0:0:0:0:0:0:0:0:0:0:0:0:0:0:0:0:0:0:0:3:7:0:0:0:0:0:0:0:0:0:0:0:2:0:0:0:0:0:0:0:0:0:0:0:0:0:0:0:0:0:0
mtfs-sentinel-dataset-v1,1,952,1398033974,1229212993,296750016,1100000,1,511,0,1,normal,269,Release,record,natural,natural,0,none,0,0,0,0,0,269,9,16,9,0,9,0,5935,659,10,17,10,0,10,0,51439,5143,2,0,2,0,2,0,11,5,0,0,0,0,0,0,0,15,1,0,0,0,0,0,0,0:0:0:0:0:0:0:0:0:0:9:0:0:0:0:0:0:0:0:0:0:0:0:0:0:0:0:0:0:0:0:0:0:0:3:6:1:0:0:0:0:0:0:0:0:0:0:2:0:0:0:0:0:0:0:0:0:0:0:0:0:0:0:0:0:0
mtfs-sentinel-dataset-v1,1,952,1398033974,1229212993,297850016,1100000,1,511,0,1,normal,270,Release,record,natural,natural,0,none,0,0,0,0,0,270,9,16,9,0,9,0,6118,679,10,17,10,0,10,0,48626,4862,2,0,2,0,2,0,10,5,0,0,0,0,0,0,0,15,1,0,0,0,0,0,0,0:0:0:0:0:0:0:0:0:0:8:1:0:0:0:0:0:0:0:0:0:0:0:0:0:0:0:0:0:0:0:0:0:0:1:9:0:0:0:0:0:0:0:0:0:0:0:2:0:0:0:0:0:0:0:0:0:0:0:0:0:0:0:0:0:0
mtfs-sentinel-dataset-v1,1,952,1398033974,1229212993,298940016,1090000,1,511,0,1,normal,271,Release,record,natural,natural,0,none,0,0,0,0,0,271,9,16,9,0,9,0,6180,686,10,17,10,0,10,0,45130,4513,2,0,2,0,2,0,10,5,0,0,0,0,0,0,0,15,1,0,0,0,0,0,0,0:0:0:0:0:0:0:0:0:0:8:1:0:0:0:0:0:0:0:0:0:0:0:0:0:0:0:0:0:0:0:0:0:0:4:6:0:0:0:0:0:0:0:0:0:0:0:2:0:0:0:0:0:0:0:0:0:0:0:0:0:0:0:0:0:0
mtfs-sentinel-dataset-v1,1,952,1398033974,1229212993,300030016,1090000,1,511,0,1,normal,272,Release,record,natural,natural,0,none,0,0,0,0,0,272,9,16,9,0,9,0,5980,664,10,17,10,0,10,0,46427,4642,2,0,2,0,2,0,10,5,0,0,0,0,0,0,0,15,1,0,0,0,0,0,0,0:0:0:0:0:0:0:0:0:0:9:0:0:0:0:0:0:0:0:0:0:0:0:0:0:0:0:0:0:0:0:0:0:0:3:7:0:0:0:0:0:0:0:0:0:0:0:2:0:0:0:0:0:0:0:0:0:0:0:0:0:0:0:0:0:0
mtfs-sentinel-dataset-v1,1,952,1398033974,1229212993,301120016,1090000,1,511,0,1,normal,273,Release,record,natural,natural,0,none,0,0,0,0,0,273,9,16,9,0,9,0,6003,667,10,17,10,0,10,0,45732,4573,2,0,2,0,2,0,10,5,0,0,0,0,0,0,0,15,1,0,0,0,0,0,0,0:0:0:0:0:0:0:0:0:0:9:0:0:0:0:0:0:0:0:0:0:0:0:0:0:0:0:0:0:0:0:0:0:0:3:7:0:0:0:0:0:0:0:0:0:0:0:2:0:0:0:0:0:0:0:0:0:0:0:0:0:0:0:0:0:0
mtfs-sentinel-dataset-v1,1,952,1398033974,1229212993,302220016,1100000,1,511,0,1,normal,274,Release,record,natural,natural,0,none,0,0,0,0,0,274,9,16,9,0,9,0,6282,698,10,17,10,0,10,0,49059,4905,2,0,2,0,2,0,10,5,0,0,0,0,0,0,0,15,1,0,0,0,0,0,0,0:0:0:0:0:0:0:0:0:0:8:1:0:0:0:0:0:0:0:0:0:0:0:0:0:0:0:0:0:0:0:0:0:0:1:9:0:0:0:0:0:0:0:0:0:0:0:2:0:0:0:0:0:0:0:0:0:0:0:0:0:0:0:0:0:0
mtfs-sentinel-dataset-v1,1,952,1398033974,1229212993,303310016,1090000,1,511,0,1,normal,275,Release,record,natural,natural,0,none,0,0,0,0,0,275,9,16,9,0,9,0,6240,693,10,17,10,0,10,0,45274,4527,2,0,2,0,2,0,10,5,0,0,0,0,0,0,0,15,1,0,0,0,0,0,0,0:0:0:0:0:0:0:0:0:0:8:1:0:0:0:0:0:0:0:0:0:0:0:0:0:0:0:0:0:0:0:0:0:0:3:7:0:0:0:0:0:0:0:0:0:0:0:2:0:0:0:0:0:0:0:0:0:0:0:0:0:0:0:0:0:0
mtfs-sentinel-dataset-v1,1,952,1398033974,1229212993,304410016,1100000,1,511,0,1,normal,276,Release,record,natural,natural,0,none,0,0,0,0,0,276,9,16,9,0,9,0,6041,671,10,17,10,0,10,0,46587,4658,2,0,2,0,2,0,10,5,0,0,0,0,0,0,0,15,1,0,0,0,0,0,0,0:0:0:0:0:0:0:0:0:0:9:0:0:0:0:0:0:0:0:0:0:0:0:0:0:0:0:0:0:0:0:0:0:0:3:7:0:0:0:0:0:0:0:0:0:0:0:2:0:0:0:0:0:0:0:0:0:0:0:0:0:0:0:0:0:0
mtfs-sentinel-dataset-v1,1,952,1398033974,1229212993,305500016,1090000,1,511,0,1,normal,277,Release,record,natural,natural,0,none,0,0,0,0,0,277,9,16,9,0,9,0,6005,667,10,17,10,0,10,0,45470,4547,2,0,2,0,2,0,11,5,0,0,0,0,0,0,0,15,1,0,0,0,0,0,0,0:0:0:0:0:0:0:0:0:0:9:0:0:0:0:0:0:0:0:0:0:0:0:0:0:0:0:0:0:0:0:0:0:0:3:7:0:0:0:0:0:0:0:0:0:0:0:2:0:0:0:0:0:0:0:0:0:0:0:0:0:0:0:0:0:0
mtfs-sentinel-dataset-v1,1,952,1398033974,1229212993,306600016,1100000,1,511,0,1,normal,278,Release,record,natural,natural,0,none,0,0,0,0,0,278,9,16,9,0,9,0,6180,686,10,17,10,0,10,0,48446,4844,2,0,2,0,2,0,10,5,0,0,0,0,0,0,0,15,1,0,0,0,0,0,0,0:0:0:0:0:0:0:0:0:0:8:1:0:0:0:0:0:0:0:0:0:0:0:0:0:0:0:0:0:0:0:0:0:0:1:9:0:0:0:0:0:0:0:0:0:0:0:2:0:0:0:0:0:0:0:0:0:0:0:0:0:0:0:0:0:0
mtfs-sentinel-dataset-v1,1,952,1398033974,1229212993,307690016,1090000,1,511,0,1,normal,279,Release,record,natural,natural,0,none,0,0,0,0,0,279,9,16,9,0,9,0,6105,678,10,17,10,0,10,0,44995,4499,2,0,2,0,2,0,11,5,0,0,0,0,0,0,0,15,1,0,0,0,0,0,0,0:0:0:0:0:0:0:0:0:0:8:1:0:0:0:0:0:0:0:0:0:0:0:0:0:0:0:0:0:0:0:0:0:0:3:7:0:0:0:0:0:0:0:0:0:0:0:2:0:0:0:0:0:0:0:0:0:0:0:0:0:0:0:0:0:0
mtfs-sentinel-dataset-v1,1,952,1398033974,1229212993,308790016,1100000,1,511,0,1,normal,280,Release,record,natural,natural,0,none,0,0,0,0,0,280,9,16,9,0,9,0,6024,669,10,17,10,0,10,0,46747,4674,2,0,2,0,2,0,11,5,0,0,0,0,0,0,0,15,1,0,0,0,0,0,0,0:0:0:0:0:0:0:0:0:0:9:0:0:0:0:0:0:0:0:0:0:0:0:0:0:0:0:0:0:0:0:0:0:0:3:7:0:0:0:0:0:0:0:0:0:0:0:2:0:0:0:0:0:0:0:0:0:0:0:0:0:0:0:0:0:0
mtfs-sentinel-dataset-v1,1,952,1398033974,1229212993,309880016,1090000,1,511,0,1,normal,281,Release,record,natural,natural,0,none,0,0,0,0,0,281,9,16,9,0,9,0,6023,669,10,17,10,0,10,0,45799,4579,2,0,2,0,2,0,10,5,0,0,0,0,0,0,0,15,1,0,0,0,0,0,0,0:0:0:0:0:0:0:0:0:0:9:0:0:0:0:0:0:0:0:0:0:0:0:0:0:0:0:0:0:0:0:0:0:0:4:6:0:0:0:0:0:0:0:0:0:0:0:2:0:0:0:0:0:0:0:0:0:0:0:0:0:0:0:0:0:0
mtfs-sentinel-dataset-v1,1,952,1398033974,1229212993,310980016,1100000,1,511,0,1,normal,282,Release,record,natural,natural,0,none,0,0,0,0,0,282,9,16,9,0,9,0,6267,696,10,17,10,0,10,0,48521,4852,2,0,2,0,2,0,10,5,0,0,0,0,0,0,0,15,1,0,0,0,0,0,0,0:0:0:0:0:0:0:0:0:0:8:1:0:0:0:0:0:0:0:0:0:0:0:0:0:0:0:0:0:0:0:0:0:0:1:9:0:0:0:0:0:0:0:0:0:0:0:2:0:0:0:0:0:0:0:0:0:0:0:0:0:0:0:0:0:0
mtfs-sentinel-dataset-v1,1,952,1398033974,1229212993,312070016,1090000,1,511,0,1,normal,283,Release,record,natural,natural,0,none,0,0,0,0,0,283,9,16,9,0,9,0,6219,691,10,17,10,0,10,0,44838,4483,2,0,2,0,2,0,10,5,0,0,0,0,0,0,0,15,1,0,0,0,0,0,0,0:0:0:0:0:0:0:0:0:0:8:1:0:0:0:0:0:0:0:0:0:0:0:0:0:0:0:0:0:0:0:0:0:0:3:7:0:0:0:0:0:0:0:0:0:0:0:2:0:0:0:0:0:0:0:0:0:0:0:0:0:0:0:0:0:0
mtfs-sentinel-dataset-v1,1,952,1398033974,1229212993,313160016,1090000,1,511,0,1,normal,284,Release,record,natural,natural,0,none,0,0,0,0,0,284,9,16,9,0,9,0,6026,669,10,17,10,0,10,0,46410,4641,2,0,2,0,2,0,11,5,0,0,0,0,0,0,0,15,1,0,0,0,0,0,0,0:0:0:0:0:0:0:0:0:0:9:0:0:0:0:0:0:0:0:0:0:0:0:0:0:0:0:0:0:0:0:0:0:0:3:7:0:0:0:0:0:0:0:0:0:0:0:2:0:0:0:0:0:0:0:0:0:0:0:0:0:0:0:0:0:0
mtfs-sentinel-dataset-v1,1,952,1398033974,1229212993,314250016,1090000,1,511,0,1,normal,285,Release,record,natural,natural,0,none,0,0,0,0,0,285,9,16,9,0,9,0,6070,674,10,17,10,0,10,0,45855,4585,2,0,2,0,2,0,10,5,0,0,0,0,0,0,0,15,1,0,0,0,0,0,0,0:0:0:0:0:0:0:0:0:0:9:0:0:0:0:0:0:0:0:0:0:0:0:0:0:0:0:0:0:0:0:0:0:0:2:8:0:0:0:0:0:0:0:0:0:0:0:2:0:0:0:0:0:0:0:0:0:0:0:0:0:0:0:0:0:0
mtfs-sentinel-dataset-v1,1,952,1398033974,1229212993,315350016,1100000,1,511,0,1,normal,286,Release,record,natural,natural,0,none,0,0,0,0,0,286,9,16,9,0,9,0,6288,698,10,17,10,0,10,0,48671,4867,2,0,2,0,2,0,10,5,0,0,0,0,0,0,0,15,1,0,0,0,0,0,0,0:0:0:0:0:0:0:0:0:0:8:1:0:0:0:0:0:0:0:0:0:0:0:0:0:0:0:0:0:0:0:0:0:0:1:9:0:0:0:0:0:0:0:0:0:0:0:2:0:0:0:0:0:0:0:0:0:0:0:0:0:0:0:0:0:0
mtfs-sentinel-dataset-v1,1,952,1398033974,1229212993,316440016,1090000,1,511,0,1,normal,287,Release,record,natural,natural,0,none,0,0,0,0,0,287,9,16,9,0,9,0,6240,693,10,17,10,0,10,0,45120,4512,2,0,2,0,2,0,12,6,0,0,0,0,0,0,0,15,1,0,0,0,0,0,0,0:0:0:0:0:0:0:0:0:0:8:1:0:0:0:0:0:0:0:0:0:0:0:0:0:0:0:0:0:0:0:0:0:0:4:6:0:0:0:0:0:0:0:0:0:0:0:2:0:0:0:0:0:0:0:0:0:0:0:0:0:0:0:0:0:0
mtfs-sentinel-dataset-v1,1,952,1398033974,1229212993,317540016,1100000,1,511,0,1,normal,288,Release,record,natural,natural,0,none,0,0,0,0,0,288,9,16,9,0,9,0,6047,671,10,17,10,0,10,0,47015,4701,2,0,2,0,2,0,10,5,0,0,0,0,0,0,0,15,1,0,0,0,0,0,0,0:0:0:0:0:0:0:0:0:0:9:0:0:0:0:0:0:0:0:0:0:0:0:0:0:0:0:0:0:0:0:0:0:0:2:8:0:0:0:0:0:0:0:0:0:0:0:2:0:0:0:0:0:0:0:0:0:0:0:0:0:0:0:0:0:0
mtfs-sentinel-dataset-v1,1,952,1398033974,1229212993,318630016,1090000,1,511,0,1,normal,289,Release,record,natural,natural,0,none,0,0,0,0,0,289,9,16,9,0,9,0,6033,670,10,17,10,0,10,0,45787,4578,2,0,2,0,2,0,10,5,0,0,0,0,0,0,0,15,1,0,0,0,0,0,0,0:0:0:0:0:0:0:0:0:0:9:0:0:0:0:0:0:0:0:0:0:0:0:0:0:0:0:0:0:0:0:0:0:0:4:6:0:0:0:0:0:0:0:0:0:0:0:2:0:0:0:0:0:0:0:0:0:0:0:0:0:0:0:0:0:0
mtfs-sentinel-dataset-v1,1,952,1398033974,1229212993,319730016,1100000,1,511,0,1,normal,290,Release,record,natural,natural,0,none,0,0,0,0,0,290,9,16,9,0,9,0,6241,693,10,17,10,0,10,0,48432,4843,2,0,2,0,2,0,10,5,0,0,0,0,0,0,0,15,1,0,0,0,0,0,0,0:0:0:0:0:0:0:0:0:0:8:1:0:0:0:0:0:0:0:0:0:0:0:0:0:0:0:0:0:0:0:0:0:0:1:9:0:0:0:0:0:0:0:0:0:0:0:2:0:0:0:0:0:0:0:0:0:0:0:0:0:0:0:0:0:0
mtfs-sentinel-dataset-v1,1,952,1398033974,1229212993,320820016,1090000,1,511,0,1,normal,291,Release,record,natural,natural,0,none,0,0,0,0,0,291,9,16,9,0,9,0,6180,686,10,17,10,0,10,0,45097,4509,2,0,2,0,2,0,11,5,0,0,0,0,0,0,0,15,1,0,0,0,0,0,0,0:0:0:0:0:0:0:0:0:0:8:1:0:0:0:0:0:0:0:0:0:0:0:0:0:0:0:0:0:0:0:0:0:0:3:7:0:0:0:0:0:0:0:0:0:0:0:2:0:0:0:0:0:0:0:0:0:0:0:0:0:0:0:0:0:0
mtfs-sentinel-dataset-v1,1,952,1398033974,1229212993,321910016,1090000,1,511,0,1,normal,292,Release,record,natural,natural,0,none,0,0,0,0,0,292,9,16,9,0,9,0,6026,669,10,17,10,0,10,0,46239,4623,2,0,2,0,2,0,10,5,0,0,0,0,0,0,0,15,1,0,0,0,0,0,0,0:0:0:0:0:0:0:0:0:0:9:0:0:0:0:0:0:0:0:0:0:0:0:0:0:0:0:0:0:0:0:0:0:0:3:7:0:0:0:0:0:0:0:0:0:0:0:2:0:0:0:0:0:0:0:0:0:0:0:0:0:0:0:0:0:0
mtfs-sentinel-dataset-v1,1,952,1398033974,1229212993,323000016,1090000,1,511,0,1,normal,293,Release,record,natural,natural,0,none,0,0,0,0,0,293,9,16,9,0,9,0,6005,667,10,17,10,0,10,0,45609,4560,2,0,2,0,2,0,10,5,0,0,0,0,0,0,0,15,1,0,0,0,0,0,0,0:0:0:0:0:0:0:0:0:0:9:0:0:0:0:0:0:0:0:0:0:0:0:0:0:0:0:0:0:0:0:0:0:0:4:6:0:0:0:0:0:0:0:0:0:0:0:2:0:0:0:0:0:0:0:0:0:0:0:0:0:0:0:0:0:0
mtfs-sentinel-dataset-v1,1,952,1398033974,1229212993,324100016,1100000,1,511,0,1,normal,294,Release,record,natural,natural,0,none,0,0,0,0,0,294,9,16,9,0,9,0,6277,697,10,17,10,0,10,0,48775,4877,2,0,2,0,2,0,11,5,0,0,0,0,0,0,0,15,1,0,0,0,0,0,0,0:0:0:0:0:0:0:0:0:0:8:1:0:0:0:0:0:0:0:0:0:0:0:0:0:0:0:0:0:0:0:0:0:0:1:9:0:0:0:0:0:0:0:0:0:0:0:2:0:0:0:0:0:0:0:0:0:0:0:0:0:0:0:0:0:0
mtfs-sentinel-dataset-v1,1,952,1398033974,1229212993,325190016,1090000,1,511,0,1,normal,295,Release,record,natural,natural,0,none,0,0,0,0,0,295,9,16,9,0,9,0,6118,679,10,17,10,0,10,0,44787,4478,2,0,2,0,2,0,11,5,0,0,0,0,0,0,0,15,1,0,0,0,0,0,0,0:0:0:0:0:0:0:0:0:0:8:1:0:0:0:0:0:0:0:0:0:0:0:0:0:0:0:0:0:0:0:0:0:0:5:5:0:0:0:0:0:0:0:0:0:0:0:2:0:0:0:0:0:0:0:0:0:0:0:0:0:0:0:0:0:0
mtfs-sentinel-dataset-v1,1,952,1398033974,1229212993,326280016,1090000,1,511,0,1,normal,296,Release,record,natural,natural,0,none,0,0,0,0,0,296,9,16,9,0,9,0,5934,659,10,17,10,0,10,0,46060,4606,2,0,2,0,2,0,10,5,0,0,0,0,0,0,0,15,1,0,0,0,0,0,0,0:0:0:0:0:0:0:0:0:0:9:0:0:0:0:0:0:0:0:0:0:0:0:0:0:0:0:0:0:0:0:0:0:0:3:7:0:0:0:0:0:0:0:0:0:0:0:2:0:0:0:0:0:0:0:0:0:0:0:0:0:0:0:0:0:0
mtfs-sentinel-dataset-v1,1,952,1398033974,1229212993,327390016,1110000,1,511,0,1,normal,297,Release,record,natural,natural,0,none,0,0,0,0,0,297,9,16,9,0,9,0,5941,660,10,17,10,0,10,0,64545,6454,2,0,2,0,2,0,10,5,0,0,0,0,0,0,0,15,1,0,0,0,0,0,0,0:0:0:0:0:0:0:0:0:0:9:0:0:0:0:0:0:0:0:0:0:0:0:0:0:0:0:0:0:0:0:0:0:0:2:7:0:1:0:0:0:0:0:0:0:0:0:2:0:0:0:0:0:0:0:0:0:0:0:0:0:0:0:0:0:0
mtfs-sentinel-dataset-v1,1,952,1398033974,1229212993,328490016,1100000,1,511,0,1,normal,298,Release,record,natural,natural,0,none,0,0,0,0,0,298,9,16,9,0,9,0,6178,686,10,17,10,0,10,0,49136,4913,2,0,2,0,2,0,11,5,0,0,0,0,0,0,0,15,1,0,0,0,0,0,0,0:0:0:0:0:0:0:0:0:0:8:1:0:0:0:0:0:0:0:0:0:0:0:0:0:0:0:0:0:0:0:0:0:0:1:9:0:0:0:0:0:0:0:0:0:0:0:2:0:0:0:0:0:0:0:0:0:0:0:0:0:0:0:0:0:0
mtfs-sentinel-dataset-v1,1,952,1398033974,1229212993,329580016,1090000,1,511,0,1,normal,299,Release,record,natural,natural,0,none,0,0,0,0,0,299,9,16,9,0,9,0,6123,680,10,17,10,0,10,0,45213,4521,2,0,2,0,2,0,10,5,0,0,0,0,0,0,0,15,1,0,0,0,0,0,0,0:0:0:0:0:0:0:0:0:0:8:1:0:0:0:0:0:0:0:0:0:0:0:0:0:0:0:0:0:0:0:0:0:0:3:7:0:0:0:0:0:0:0:0:0:0:0:2:0:0:0:0:0:0:0:0:0:0:0:0:0:0:0:0:0:0
mtfs-sentinel-dataset-v1,1,952,1398033974,1229212993,330680016,1100000,1,511,0,1,normal,300,Release,record,natural,natural,0,none,0,0,0,0,0,300,9,16,9,0,9,0,6040,671,10,17,10,0,10,0,47050,4705,2,0,2,0,2,0,12,6,0,0,0,0,0,0,0,15,1,0,0,0,0,0,0,0:0:0:0:0:0:0:0:0:0:9:0:0:0:0:0:0:0:0:0:0:0:0:0:0:0:0:0:0:0:0:0:0:0:3:7:0:0:0:0:0:0:0:0:0:0:0:2:0:0:0:0:0:0:0:0:0:0:0:0:0:0:0:0:0:0
mtfs-sentinel-dataset-v1,1,952,1398033974,1229212993,331770016,1090000,1,511,0,1,normal,301,Release,record,natural,natural,0,none,0,0,0,0,0,301,9,16,9,0,9,0,6099,677,10,17,10,0,10,0,46065,4606,2,0,2,0,2,0,10,5,0,0,0,0,0,0,0,15,1,0,0,0,0,0,0,0:0:0:0:0:0:0:0:0:0:9:0:0:0:0:0:0:0:0:0:0:0:0:0:0:0:0:0:0:0:0:0:0:0:4:6:0:0:0:0:0:0:0:0:0:0:0:2:0:0:0:0:0:0:0:0:0:0:0:0:0:0:0:0:0:0
mtfs-sentinel-dataset-v1,1,952,1398033974,1229212993,332870016,1100000,1,511,0,1,normal,302,Release,record,natural,natural,0,none,0,0,0,0,0,302,9,16,9,0,9,0,6268,696,10,17,10,0,10,0,48828,4882,2,0,2,0,2,0,10,5,0,0,0,0,0,0,0,15,1,0,0,0,0,0,0,0:0:0:0:0:0:0:0:0:0:8:1:0:0:0:0:0:0:0:0:0:0:0:0:0:0:0:0:0:0:0:0:0:0:1:9:0:0:0:0:0:0:0:0:0:0:0:2:0:0:0:0:0:0:0:0:0:0:0:0:0:0:0:0:0:0
mtfs-sentinel-dataset-v1,1,952,1398033974,1229212993,333960016,1090000,1,511,0,1,normal,303,Release,record,natural,natural,0,none,0,0,0,0,0,303,9,16,9,0,9,0,6247,694,10,17,10,0,10,0,45315,4531,2,0,2,0,2,0,11,5,0,0,0,0,0,0,0,15,1,0,0,0,0,0,0,0:0:0:0:0:0:0:0:0:0:8:1:0:0:0:0:0:0:0:0:0:0:0:0:0:0:0:0:0:0:0:0:0:0:3:7:0:0:0:0:0:0:0:0:0:0:0:2:0:0:0:0:0:0:0:0:0:0:0:0:0:0:0:0:0:0
mtfs-sentinel-dataset-v1,1,952,1398033974,1229212993,335060016,1100000,1,511,0,1,normal,304,Release,record,natural,natural,0,none,0,0,0,0,0,304,9,16,9,0,9,0,5961,662,10,17,10,0,10,0,46653,4665,2,0,2,0,2,0,10,5,0,0,0,0,0,0,0,15,1,0,0,0,0,0,0,0:0:0:0:0:0:0:0:0:0:9:0:0:0:0:0:0:0:0:0:0:0:0:0:0:0:0:0:0:0:0:0:0:0:3:7:0:0:0:0:0:0:0:0:0:0:0:2:0:0:0:0:0:0:0:0:0:0:0:0:0:0:0:0:0:0
mtfs-sentinel-dataset-v1,1,952,1398033974,1229212993,336150016,1090000,1,511,0,1,normal,305,Release,record,natural,natural,0,none,0,0,0,0,0,305,9,16,9,0,9,0,6085,676,10,17,10,0,10,0,45806,4580,2,0,2,0,2,0,12,6,0,0,0,0,0,0,0,15,1,0,0,0,0,0,0,0:0:0:0:0:0:0:0:0:0:9:0:0:0:0:0:0:0:0:0:0:0:0:0:0:0:0:0:0:0:0:0:0:0:3:7:0:0:0:0:0:0:0:0:0:0:0:2:0:0:0:0:0:0:0:0:0:0:0:0:0:0:0:0:0:0
mtfs-sentinel-dataset-v1,1,952,1398033974,1229212993,337250016,1100000,1,511,0,1,normal,306,Release,record,natural,natural,0,none,0,0,0,0,0,306,9,16,9,0,9,0,6205,689,10,17,10,0,10,0,48574,4857,2,0,2,0,2,0,11,5,0,0,0,0,0,0,0,15,1,0,0,0,0,0,0,0:0:0:0:0:0:0:0:0:0:8:1:0:0:0:0:0:0:0:0:0:0:0:0:0:0:0:0:0:0:0:0:0:0:1:9:0:0:0:0:0:0:0:0:0:0:0:2:0:0:0:0:0:0:0:0:0:0:0:0:0:0:0:0:0:0
mtfs-sentinel-dataset-v1,1,952,1398033974,1229212993,338340016,1090000,1,511,0,1,normal,307,Release,record,natural,natural,0,none,0,0,0,0,0,307,9,16,9,0,9,0,6163,684,10,17,10,0,10,0,45061,4506,2,0,2,0,2,0,10,5,0,0,0,0,0,0,0,15,1,0,0,0,0,0,0,0:0:0:0:0:0:0:0:0:0:8:1:0:0:0:0:0:0:0:0:0:0:0:0:0:0:0:0:0:0:0:0:0:0:3:7:0:0:0:0:0:0:0:0:0:0:0:2:0:0:0:0:0:0:0:0:0:0:0:0:0:0:0:0:0:0
mtfs-sentinel-dataset-v1,1,952,1398033974,1229212993,339440016,1100000,1,511,0,1,normal,308,Release,record,natural,natural,0,none,0,0,0,0,0,308,9,16,9,0,9,0,6047,671,10,17,10,0,10,0,46938,4693,2,0,2,0,2,0,10,5,0,0,0,0,0,0,0,15,1,0,0,0,0,0,0,0:0:0:0:0:0:0:0:0:0:9:0:0:0:0:0:0:0:0:0:0:0:0:0:0:0:0:0:0:0:0:0:0:0:3:7:0:0:0:0:0:0:0:0:0:0:0:2:0:0:0:0:0:0:0:0:0:0:0:0:0:0:0:0:0:0
mtfs-sentinel-dataset-v1,1,952,1398033974,1229212993,340530016,1090000,1,511,0,1,normal,309,Release,record,natural,natural,0,none,0,0,0,0,0,309,9,16,9,0,9,0,6079,675,10,17,10,0,10,0,45735,4573,2,0,2,0,2,0,10,5,0,0,0,0,0,0,0,15,1,0,0,0,0,0,0,0:0:0:0:0:0:0:0:0:0:9:0:0:0:0:0:0:0:0:0:0:0:0:0:0:0:0:0:0:0:0:0:0:0:3:7:0:0:0:0:0:0:0:0:0:0:0:2:0:0:0:0:0:0:0:0:0:0:0:0:0:0:0:0:0:0
mtfs-sentinel-dataset-v1,1,952,1398033974,1229212993,341630016,1100000,1,511,0,1,normal,310,Release,record,natural,natural,0,none,0,0,0,0,0,310,9,16,9,0,9,0,6264,696,10,17,10,0,10,0,48660,4866,2,0,2,0,2,0,10,5,0,0,0,0,0,0,0,15,1,0,0,0,0,0,0,0:0:0:0:0:0:0:0:0:0:8:1:0:0:0:0:0:0:0:0:0:0:0:0:0:0:0:0:0:0:0:0:0:0:1:9:0:0:0:0:0:0:0:0:0:0:0:2:0:0:0:0:0:0:0:0:0:0:0:0:0:0:0:0:0:0
mtfs-sentinel-dataset-v1,1,952,1398033974,1229212993,342720016,1090000,1,511,0,1,normal,311,Release,record,natural,natural,0,none,0,0,0,0,0,311,9,16,9,0,9,0,6239,693,10,17,10,0,10,0,45591,4559,2,0,2,0,2,0,11,5,0,0,0,0,0,0,0,15,1,0,0,0,0,0,0,0:0:0:0:0:0:0:0:0:0:8:1:0:0:0:0:0:0:0:0:0:0:0:0:0:0:0:0:0:0:0:0:0:0:3:7:0:0:0:0:0:0:0:0:0:0:0:2:0:0:0:0:0:0:0:0:0:0:0:0:0:0:0:0:0:0
mtfs-sentinel-dataset-v1,1,952,1398033974,1229212993,343820016,1100000,1,511,0,1,normal,312,Release,record,natural,natural,0,none,0,0,0,0,0,312,9,16,9,0,9,0,6090,676,10,17,10,0,10,0,46533,4653,2,0,2,0,2,0,10,5,0,0,0,0,0,0,0,15,1,0,0,0,0,0,0,0:0:0:0:0:0:0:0:0:0:9:0:0:0:0:0:0:0:0:0:0:0:0:0:0:0:0:0:0:0:0:0:0:0:3:7:0:0:0:0:0:0:0:0:0:0:0:2:0:0:0:0:0:0:0:0:0:0:0:0:0:0:0:0:0:0
mtfs-sentinel-dataset-v1,1,952,1398033974,1229212993,344910016,1090000,1,511,0,1,normal,313,Release,record,natural,natural,0,none,0,0,0,0,0,313,9,16,9,0,9,0,6040,671,10,17,10,0,10,0,45582,4558,2,0,2,0,2,0,11,5,0,0,0,0,0,0,0,15,1,0,0,0,0,0,0,0:0:0:0:0:0:0:0:0:0:9:0:0:0:0:0:0:0:0:0:0:0:0:0:0:0:0:0:0:0:0:0:0:0:4:6:0:0:0:0:0:0:0:0:0:0:0:2:0:0:0:0:0:0:0:0:0:0:0:0:0:0:0:0:0:0
mtfs-sentinel-dataset-v1,1,952,1398033974,1229212993,346010016,1100000,1,511,0,1,normal,314,Release,record,natural,natural,0,none,0,0,0,0,0,314,9,16,9,0,9,0,6289,698,10,17,10,0,10,0,48778,4877,2,0,2,0,2,0,11,5,0,0,0,0,0,0,0,15,1,0,0,0,0,0,0,0:0:0:0:0:0:0:0:0:0:8:1:0:0:0:0:0:0:0:0:0:0:0:0:0:0:0:0:0:0:0:0:0:0:1:9:0:0:0:0:0:0:0:0:0:0:0:2:0:0:0:0:0:0:0:0:0:0:0:0:0:0:0:0:0:0
mtfs-sentinel-dataset-v1,1,952,1398033974,1229212993,347100016,1090000,1,511,0,1,normal,315,Release,record,natural,natural,0,none,0,0,0,0,0,315,9,16,9,0,9,0,6215,690,10,17,10,0,10,0,45170,4517,2,0,2,0,2,0,11,5,0,0,0,0,0,0,0,15,1,0,0,0,0,0,0,0:0:0:0:0:0:0:0:0:0:8:1:0:0:0:0:0:0:0:0:0:0:0:0:0:0:0:0:0:0:0:0:0:0:5:5:0:0:0:0:0:0:0:0:0:0:0:2:0:0:0:0:0:0:0:0:0:0:0:0:0:0:0:0:0:0
mtfs-sentinel-dataset-v1,1,952,1398033974,1229212993,348200016,1100000,1,511,0,1,normal,316,Release,record,natural,natural,0,none,0,0,0,0,0,316,9,16,9,0,9,0,6139,682,10,17,10,0,10,0,46749,4674,2,0,2,0,2,0,10,5,0,0,0,0,0,0,0,15,1,0,0,0,0,0,0,0:0:0:0:0:0:0:0:0:0:9:0:0:0:0:0:0:0:0:0:0:0:0:0:0:0:0:0:0:0:0:0:0:0:3:7:0:0:0:0:0:0:0:0:0:0:0:2:0:0:0:0:0:0:0:0:0:0:0:0:0:0:0:0:0:0
mtfs-sentinel-dataset-v1,1,952,1398033974,1229212993,349290016,1090000,1,511,0,1,normal,317,Release,record,natural,natural,0,none,0,0,0,0,0,317,9,16,9,0,9,0,6042,671,10,17,10,0,10,0,45690,4569,2,0,2,0,2,0,11,5,0,0,0,0,0,0,0,15,1,0,0,0,0,0,0,0:0:0:0:0:0:0:0:0:0:9:0:0:0:0:0:0:0:0:0:0:0:0:0:0:0:0:0:0:0:0:0:0:0:4:6:0:0:0:0:0:0:0:0:0:0:0:2:0:0:0:0:0:0:0:0:0:0:0:0:0:0:0:0:0:0
mtfs-sentinel-dataset-v1,1,952,1398033974,1229212993,350390016,1100000,1,511,0,1,normal,318,Release,record,natural,natural,0,none,0,0,0,0,0,318,9,16,9,0,9,0,6322,702,10,17,10,0,10,0,48725,4872,2,0,2,0,2,0,10,5,0,0,0,0,0,0,0,15,1,0,0,0,0,0,0,0:0:0:0:0:0:0:0:0:0:8:1:0:0:0:0:0:0:0:0:0:0:0:0:0:0:0:0:0:0:0:0:0:0:1:9:0:0:0:0:0:0:0:0:0:0:0:2:0:0:0:0:0:0:0:0:0:0:0:0:0:0:0:0:0:0
mtfs-sentinel-dataset-v1,1,952,1398033974,1229212993,351480016,1090000,1,511,0,1,normal,319,Release,record,natural,natural,0,none,0,0,0,0,0,319,9,16,9,0,9,0,6248,694,10,17,10,0,10,0,45141,4514,2,0,2,0,2,0,10,5,0,0,0,0,0,0,0,15,1,0,0,0,0,0,0,0:0:0:0:0:0:0:0:0:0:8:1:0:0:0:0:0:0:0:0:0:0:0:0:0:0:0:0:0:0:0:0:0:0:3:7:0:0:0:0:0:0:0:0:0:0:0:2:0:0:0:0:0:0:0:0:0:0:0:0:0:0:0:0:0:0
mtfs-sentinel-dataset-v1,1,952,1398033974,1229212993,352580016,1100000,1,511,0,1,normal,320,Release,record,natural,natural,0,none,0,0,0,0,0,320,9,16,9,0,9,0,6055,672,10,17,10,0,10,0,46948,4694,2,0,2,0,2,0,11,5,0,0,0,0,0,0,0,15,1,0,0,0,0,0,0,0:0:0:0:0:0:0:0:0:0:9:0:0:0:0:0:0:0:0:0:0:0:0:0:0:0:0:0:0:0:0:0:0:0:3:7:0:0:0:0:0:0:0:0:0:0:0:2:0:0:0:0:0:0:0:0:0:0:0:0:0:0:0:0:0:0
mtfs-sentinel-dataset-v1,1,952,1398033974,1229212993,353670016,1090000,1,511,0,1,normal,321,Release,record,natural,natural,0,none,0,0,0,0,0,321,9,16,9,0,9,0,6062,673,10,17,10,0,10,0,45547,4554,2,0,2,0,2,0,10,5,0,0,0,0,0,0,0,15,1,0,0,0,0,0,0,0:0:0:0:0:0:0:0:0:0:9:0:0:0:0:0:0:0:0:0:0:0:0:0:0:0:0:0:0:0:0:0:0:0:4:6:0:0:0:0:0:0:0:0:0:0:0:2:0:0:0:0:0:0:0:0:0:0:0:0:0:0:0:0:0:0
mtfs-sentinel-dataset-v1,1,952,1398033974,1229212993,354770016,1100000,1,511,0,1,normal,322,Release,record,natural,natural,0,none,0,0,0,0,0,322,9,16,9,0,9,0,6277,697,10,17,10,0,10,0,48742,4874,2,0,2,0,2,0,12,6,0,0,0,0,0,0,0,15,1,0,0,0,0,0,0,0:0:0:0:0:0:0:0:0:0:8:1:0:0:0:0:0:0:0:0:0:0:0:0:0:0:0:0:0:0:0:0:0:0:1:9:0:0:0:0:0:0:0:0:0:0:0:2:0:0:0:0:0:0:0:0:0:0:0:0:0:0:0:0:0:0
mtfs-sentinel-dataset-v1,1,952,1398033974,1229212993,355860016,1090000,1,511,0,1,normal,323,Release,record,natural,natural,0,none,0,0,0,0,0,323,9,16,9,0,9,0,6316,701,10,17,10,0,10,0,45237,4523,2,0,2,0,2,0,11,5,0,0,0,0,0,0,0,15,1,0,0,0,0,0,0,0:0:0:0:0:0:0:0:0:0:8:1:0:0:0:0:0:0:0:0:0:0:0:0:0:0:0:0:0:0:0:0:0:0:3:7:0:0:0:0:0:0:0:0:0:0:0:2:0:0:0:0:0:0:0:0:0:0:0:0:0:0:0:0:0:0
mtfs-sentinel-dataset-v1,1,952,1398033974,1229212993,356950016,1090000,1,511,0,1,normal,324,Release,record,natural,natural,0,none,0,0,0,0,0,324,9,16,9,0,9,0,6053,672,10,17,10,0,10,0,46262,4626,2,0,2,0,2,0,11,5,0,0,0,0,0,0,0,15,1,0,0,0,0,0,0,0:0:0:0:0:0:0:0:0:0:9:0:0:0:0:0:0:0:0:0:0:0:0:0:0:0:0:0:0:0:0:0:0:0:3:7:0:0:0:0:0:0:0:0:0:0:0:2:0:0:0:0:0:0:0:0:0:0:0:0:0:0:0:0:0:0
mtfs-sentinel-dataset-v1,1,952,1398033974,1229212993,358050016,1100000,1,511,0,1,normal,325,Release,record,natural,natural,0,none,0,0,0,0,0,325,9,16,9,0,9,0,6015,668,10,17,10,0,10,0,51343,5134,2,0,2,0,2,0,10,5,0,0,0,0,0,0,0,15,1,0,0,0,0,0,0,0:0:0:0:0:0:0:0:0:0:9:0:0:0:0:0:0:0:0:0:0:0:0:0:0:0:0:0:0:0:0:0:0:0:2:7:1:0:0:0:0:0:0:0:0:0:0:2:0:0:0:0:0:0:0:0:0:0:0:0:0:0:0:0:0:0
mtfs-sentinel-dataset-v1,1,952,1398033974,1229212993,359150016,1100000,1,511,0,1,normal,326,Release,record,natural,natural,0,none,0,0,0,0,0,326,9,16,9,0,9,0,6207,689,10,17,10,0,10,0,48900,4890,2,0,2,0,2,0,10,5,0,0,0,0,0,0,0,15,1,0,0,0,0,0,0,0:0:0:0:0:0:0:0:0:0:8:1:0:0:0:0:0:0:0:0:0:0:0:0:0:0:0:0:0:0:0:0:0:0:1:9:0:0:0:0:0:0:0:0:0:0:0:2:0:0:0:0:0:0:0:0:0:0:0:0:0:0:0:0:0:0
mtfs-sentinel-dataset-v1,1,952,1398033974,1229212993,360240016,1090000,1,511,0,1,normal,327,Release,record,natural,natural,0,none,0,0,0,0,0,327,9,16,9,0,9,0,6285,698,10,17,10,0,10,0,45118,4511,2,0,2,0,2,0,12,6,0,0,0,0,0,0,0,15,1,0,0,0,0,0,0,0:0:0:0:0:0:0:0:0:0:8:1:0:0:0:0:0:0:0:0:0:0:0:0:0:0:0:0:0:0:0:0:0:0:4:6:0:0:0:0:0:0:0:0:0:0:0:2:0:0:0:0:0:0:0:0:0:0:0:0:0:0:0:0:0:0
mtfs-sentinel-dataset-v1,1,952,1398033974,1229212993,361340016,1100000,1,511,0,1,normal,328,Release,record,natural,natural,0,none,0,0,0,0,0,328,9,16,9,0,9,0,6077,675,10,17,10,0,10,0,46626,4662,2,0,2,0,2,0,11,5,0,0,0,0,0,0,0,15,1,0,0,0,0,0,0,0:0:0:0:0:0:0:0:0:0:9:0:0:0:0:0:0:0:0:0:0:0:0:0:0:0:0:0:0:0:0:0:0:0:3:7:0:0:0:0:0:0:0:0:0:0:0:2:0:0:0:0:0:0:0:0:0:0:0:0:0:0:0:0:0:0
mtfs-sentinel-dataset-v1,1,952,1398033974,1229212993,362430016,1090000,1,511,0,1,normal,329,Release,record,natural,natural,0,none,0,0,0,0,0,329,9,16,9,0,9,0,6039,671,10,17,10,0,10,0,45557,4555,2,0,2,0,2,0,10,5,0,0,0,0,0,0,0,15,1,0,0,0,0,0,0,0:0:0:0:0:0:0:0:0:0:9:0:0:0:0:0:0:0:0:0:0:0:0:0:0:0:0:0:0:0:0:0:0:0:3:7:0:0:0:0:0:0:0:0:0:0:0:2:0:0:0:0:0:0:0:0:0:0:0:0:0:0:0:0:0:0
mtfs-sentinel-dataset-v1,1,952,1398033974,1229212993,363530016,1100000,1,511,0,1,normal,330,Release,record,natural,natural,0,none,0,0,0,0,0,330,9,16,9,0,9,0,6281,697,10,17,10,0,10,0,48580,4858,2,0,2,0,2,0,11,5,0,0,0,0,0,0,0,15,1,0,0,0,0,0,0,0:0:0:0:0:0:0:0:0:0:8:1:0:0:0:0:0:0:0:0:0:0:0:0:0:0:0:0:0:0:0:0:0:0:1:9:0:0:0:0:0:0:0:0:0:0:0:2:0:0:0:0:0:0:0:0:0:0:0:0:0:0:0:0:0:0
mtfs-sentinel-dataset-v1,1,952,1398033974,1229212993,364620016,1090000,1,511,0,1,normal,331,Release,record,natural,natural,0,none,0,0,0,0,0,331,9,16,9,0,9,0,6232,692,10,17,10,0,10,0,44888,4488,2,0,2,0,2,0,10,5,0,0,0,0,0,0,0,15,1,0,0,0,0,0,0,0:0:0:0:0:0:0:0:0:0:8:1:0:0:0:0:0:0:0:0:0:0:0:0:0:0:0:0:0:0:0:0:0:0:4:6:0:0:0:0:0:0:0:0:0:0:0:2:0:0:0:0:0:0:0:0:0:0:0:0:0:0:0:0:0:0
mtfs-sentinel-dataset-v1,1,952,1398033974,1229212993,365710016,1090000,1,511,0,1,normal,332,Release,record,natural,natural,0,none,0,0,0,0,0,332,9,16,9,0,9,0,6000,666,10,17,10,0,10,0,46332,4633,2,0,2,0,2,0,10,5,0,0,0,0,0,0,0,15,1,0,0,0,0,0,0,0:0:0:0:0:0:0:0:0:0:9:0:0:0:0:0:0:0:0:0:0:0:0:0:0:0:0:0:0:0:0:0:0:0:2:8:0:0:0:0:0:0:0:0:0:0:0:2:0:0:0:0:0:0:0:0:0:0:0:0:0:0:0:0:0:0
