mtfs-sentinel-dataset-v1,feature_schema_version,size,target,transport,timestamp_us,interval_us,media_generation,validity,flags,samples,label,marker,build_type,command,scenario_origin,stage,severity,injection_kind,injection_operation_mask,injection_rate_permille,requested_delay_us,actual_injection_count,random_seed,sequence,read_calls,read_sectors,read_ok,read_fail,read_timing,read_invalid,read_total_us,read_avg_us,write_calls,write_sectors,write_ok,write_fail,write_timing,write_invalid,write_total_us,write_avg_us,sync_calls,sync_sectors,sync_ok,sync_fail,sync_timing,sync_invalid,sync_total_us,sync_avg_us,io_error,not_ready,no_media,timeout,insert,remove,media_error,transport_validity,transport_flags,transport_reset_epoch,transport_errors,transfer_timeouts,ready_timeouts,aborts,clock_errors,histogram_r_w_s
mtfs-sentinel-dataset-v1,1,952,1398033974,1229212993,1540016,1190028,1,511,0,1,normal,1,Release,record,natural,natural,0,none,0,0,0,0,0,1,9,16,9,0,9,0,6030,670,10,17,10,0,10,0,106283,10628,2,0,2,0,2,0,10,5,0,0,0,0,0,0,0,15,1,0,0,0,0,0,0,0:0:0:0:0:0:0:0:0:0:8:1:0:0:0:0:0:0:0:0:0:0:0:0:0:0:0:0:0:0:0:0:0:0:3:5:0:1:1:0:0:0:0:0:0:0:0:2:0:0:0:0:0:0:0:0:0:0:0:0:0:0:0:0:0:0
mtfs-sentinel-dataset-v1,1,952,1398033974,1229212993,2640016,1100000,1,511,0,1,normal,2,Release,record,natural,natural,0,none,0,0,0,0,0,2,9,16,9,0,9,0,6236,692,10,17,10,0,10,0,48952,4895,2,0,2,0,2,0,12,6,0,0,0,0,0,0,0,15,1,0,0,0,0,0,0,0:0:0:0:0:0:0:0:0:0:8:1:0:0:0:0:0:0:0:0:0:0:0:0:0:0:0:0:0:0:0:0:0:0:1:9:0:0:0:0:0:0:0:0:0:0:0:2:0:0:0:0:0:0:0:0:0:0:0:0:0:0:0:0:0:0
mtfs-sentinel-dataset-v1,1,952,1398033974,1229212993,3730016,1090000,1,511,0,1,normal,3,Release,record,natural,natural,0,none,0,0,0,0,0,3,9,16,9,0,9,0,6069,674,10,17,10,0,10,0,45913,4591,2,0,2,0,2,0,10,5,0,0,0,0,0,0,0,15,1,0,0,0,0,0,0,0:0:0:0:0:0:0:0:0:0:9:0:0:0:0:0:0:0:0:0:0:0:0:0:0:0:0:0:0:0:0:0:0:0:2:8:0:0:0:0:0:0:0:0:0:0:0:2:0:0:0:0:0:0:0:0:0:0:0:0:0:0:0:0:0:0
mtfs-sentinel-dataset-v1,1,952,1398033974,1229212993,4820016,1090000,1,511,0,1,normal,4,Release,record,natural,natural,0,none,0,0,0,0,0,4,9,16,9,0,9,0,5986,665,10,17,10,0,10,0,46901,4690,2,0,2,0,2,0,10,5,0,0,0,0,0,0,0,15,1,0,0,0,0,0,0,0:0:0:0:0:0:0:0:0:0:9:0:0:0:0:0:0:0:0:0:0:0:0:0:0:0:0:0:0:0:0:0:0:0:2:8:0:0:0:0:0:0:0:0:0:0:0:2:0:0:0:0:0:0:0:0:0:0:0:0:0:0:0:0:0:0
mtfs-sentinel-dataset-v1,1,952,1398033974,1229212993,5910016,1090000,1,511,0,1,normal,5,Release,record,natural,natural,0,none,0,0,0,0,0,5,9,16,9,0,9,0,6272,696,10,17,10,0,10,0,45958,4595,2,0,2,0,2,0,10,5,0,0,0,0,0,0,0,15,1,0,0,0,0,0,0,0:0:0:0:0:0:0:0:0:0:8:1:0:0:0:0:0:0:0:0:0:0:0:0:0:0:0:0:0:0:0:0:0:0:4:6:0:0:0:0:0:0:0:0:0:0:0:2:0:0:0:0:0:0:0:0:0:0:0:0:0:0:0:0:0:0
mtfs-sentinel-dataset-v1,1,952,1398033974,1229212993,7010016,1100000,1,511,0,1,normal,6,Release,record,natural,natural,0,none,0,0,0,0,0,6,9,16,9,0,9,0,6287,698,10,17,10,0,10,0,49071,4907,2,0,2,0,2,0,10,5,0,0,0,0,0,0,0,15,1,0,0,0,0,0,0,0:0:0:0:0:0:0:0:0:0:8:1:0:0:0:0:0:0:0:0:0:0:0:0:0:0:0:0:0:0:0:0:0:0:1:9:0:0:0:0:0:0:0:0:0:0:0:2:0:0:0:0:0:0:0:0:0:0:0:0:0:0:0:0:0:0
mtfs-sentinel-dataset-v1,1,952,1398033974,1229212993,8100016,1090000,1,511,0,1,normal,7,Release,record,natural,natural,0,none,0,0,0,0,0,7,9,16,9,0,9,0,6076,675,10,17,10,0,10,0,45661,4566,2,0,2,0,2,0,11,5,0,0,0,0,0,0,0,15,1,0,0,0,0,0,0,0:0:0:0:0:0:0:0:0:0:9:0:0:0:0:0:0:0:0:0:0:0:0:0:0:0:0:0:0:0:0:0:0:0:2:8:0:0:0:0:0:0:0:0:0:0:0:2:0:0:0:0:0:0:0:0:0:0:0:0:0:0:0:0:0:0
mtfs-sentinel-dataset-v1,1,952,1398033974,1229212993,9190016,1090000,1,511,0,1,normal,8,Release,record,natural,natural,0,none,0,0,0,0,0,8,9,16,9,0,9,0,6139,682,10,17,10,0,10,0,46343,4634,2,0,2,0,2,0,12,6,0,0,0,0,0,0,0,15,1,0,0,0,0,0,0,0:0:0:0:0:0:0:0:0:0:9:0:0:0:0:0:0:0:0:0:0:0:0:0:0:0:0:0:0:0:0:0:0:0:3:7:0:0:0:0:0:0:0:0:0:0:0:2:0:0:0:0:0:0:0:0:0:0:0:0:0:0:0:0:0:0
mtfs-sentinel-dataset-v1,1,952,1398033974,1229212993,10280016,1090000,1,511,0,1,normal,9,Release,record,natural,natural,0,none,0,0,0,0,0,9,9,16,9,0,9,0,6329,703,10,17,10,0,10,0,45894,4589,2,0,2,0,2,0,11,5,0,0,0,0,0,0,0,15,1,0,0,0,0,0,0,0:0:0:0:0:0:0:0:0:0:8:1:0:0:0:0:0:0:0:0:0:0:0:0:0:0:0:0:0:0:0:0:0:0:3:7:0:0:0:0:0:0:0:0:0:0:0:2:0:0:0:0:0:0:0:0:0:0:0:0:0:0:0:0:0:0
mtfs-sentinel-dataset-v1,1,952,1398033974,1229212993,11380016,1100000,1,511,0,1,normal,10,Release,record,natural,natural,0,none,0,0,0,0,0,10,9,16,9,0,9,0,6150,683,10,17,10,0,10,0,48737,4873,2,0,2,0,2,0,11,5,0,0,0,0,0,0,0,15,1,0,0,0,0,0,0,0:0:0:0:0:0:0:0:0:0:8:1:0:0:0:0:0:0:0:0:0:0:0:0:0:0:0:0:0:0:0:0:0:0:1:9:0:0:0:0:0:0:0:0:0:0:0:2:0:0:0:0:0:0:0:0:0:0:0:0:0:0:0:0:0:0
mtfs-sentinel-dataset-v1,1,952,1398033974,1229212993,12470016,1090000,1,511,0,1,normal,11,Release,record,natural,natural,0,none,0,0,0,0,0,11,9,16,9,0,9,0,6084,676,10,17,10,0,10,0,45507,4550,2,0,2,0,2,0,10,5,0,0,0,0,0,0,0,15,1,0,0,0,0,0,0,0:0:0:0:0:0:0:0:0:0:9:0:0:0:0:0:0:0:0:0:0:0:0:0:0:0:0:0:0:0:0:0:0:0:3:7:0:0:0:0:0:0:0:0:0:0:0:2:0:0:0:0:0:0:0:0:0:0:0:0:0:0:0:0:0:0
mtfs-sentinel-dataset-v1,1,952,1398033974,1229212993,13570016,1100000,1,511,0,1,normal,12,Release,record,natural,natural,0,none,0,0,0,0,0,12,9,16,9,0,9,0,6114,679,10,17,10,0,10,0,46749,4674,2,0,2,0,2,0,10,5,0,0,0,0,0,0,0,15,1,0,0,0,0,0,0,0:0:0:0:0:0:0:0:0:0:9:0:0:0:0:0:0:0:0:0:0:0:0:0:0:0:0:0:0:0:0:0:0:0:3:7:0:0:0:0:0:0:0:0:0:0:0:2:0:0:0:0:0:0:0:0:0:0:0:0:0:0:0:0:0:0
mtfs-sentinel-dataset-v1,1,952,1398033974,1229212993,14660016,1090000,1,511,0,1,normal,13,Release,record,natural,natural,0,none,0,0,0,0,0,13,9,16,9,0,9,0,6320,702,10,17,10,0,10,0,45685,4568,2,0,2,0,2,0,10,5,0,0,0,0,0,0,0,15,1,0,0,0,0,0,0,0:0:0:0:0:0:0:0:0:0:8:1:0:0:0:0:0:0:0:0:0:0:0:0:0:0:0:0:0:0:0:0:0:0:3:7:0:0:0:0:0:0:0:0:0:0:0:2:0:0:0:0:0:0:0:0:0:0:0:0:0:0:0:0:0:0
mtfs-sentinel-dataset-v1,1,952,1398033974,1229212993,15760016,1100000,1,511,0,1,normal,14,Release,record,natural,natural,0,none,0,0,0,0,0,14,9,16,9,0,9,0,6306,700,10,17,10,0,10,0,49240,4924,2,0,2,0,2,0,10,5,0,0,0,0,0,0,0,15,1,0,0,0,0,0,0,0:0:0:0:0:0:0:0:0:0:8:1:0:0:0:0:0:0:0:0:0:0:0:0:0:0:0:0:0:0:0:0:0:0:1:9:0:0:0:0:0:0:0:0:0:0:0:2:0:0:0:0:0:0:0:0:0:0:0:0:0:0:0:0:0:0
mtfs-sentinel-dataset-v1,1,952,1398033974,1229212993,16850016,1090000,1,511,0,1,normal,15,Release,record,natural,natural,0,none,0,0,0,0,0,15,9,16,9,0,9,0,6106,678,10,17,10,0,10,0,45727,4572,2,0,2,0,2,0,10,5,0,0,0,0,0,0,0,15,1,0,0,0,0,0,0,0:0:0:0:0:0:0:0:0:0:9:0:0:0:0:0:0:0:0:0:0:0:0:0:0:0:0:0:0:0:0:0:0:0:2:8:0:0:0:0:0:0:0:0:0:0:0:2:0:0:0:0:0:0:0:0:0:0:0:0:0:0:0:0:0:0
mtfs-sentinel-dataset-v1,1,952,1398033974,1229212993,17940016,1090000,1,511,0,1,normal,16,Release,record,natural,natural,0,none,0,0,0,0,0,16,9,16,9,0,9,0,6018,668,10,17,10,0,10,0,46550,4655,2,0,2,0,2,0,11,5,0,0,0,0,0,0,0,15,1,0,0,0,0,0,0,0:0:0:0:0:0:0:0:0:0:9:0:0:0:0:0:0:0:0:0:0:0:0:0:0:0:0:0:0:0:0:0:0:0:3:7:0:0:0:0:0:0:0:0:0:0:0:2:0:0:0:0:0:0:0:0:0:0:0:0:0:0:0:0:0:0
mtfs-sentinel-dataset-v1,1,952,1398033974,1229212993,19030016,1090000,1,511,0,1,normal,17,Release,record,natural,natural,0,none,0,0,0,0,0,17,9,16,9,0,9,0,6350,705,10,17,10,0,10,0,45883,4588,2,0,2,0,2,0,10,5,0,0,0,0,0,0,0,15,1,0,0,0,0,0,0,0:0:0:0:0:0:0:0:0:0:8:1:0:0:0:0:0:0:0:0:0:0:0:0:0:0:0:0:0:0:0:0:0:0:3:7:0:0:0:0:0:0:0:0:0:0:0:2:0:0:0:0:0:0:0:0:0:0:0:0:0:0:0:0:0:0
mtfs-sentinel-dataset-v1,1,952,1398033974,1229212993,20130016,1100000,1,511,0,1,normal,18,Release,record,natural,natural,0,none,0,0,0,0,0,18,9,16,9,0,9,0,6314,701,10,17,10,0,10,0,49002,4900,2,0,2,0,2,0,11,5,0,0,0,0,0,0,0,15,1,0,0,0,0,0,0,0:0:0:0:0:0:0:0:0:0:8:1:0:0:0:0:0:0:0:0:0:0:0:0:0:0:0:0:0:0:0:0:0:0:0:10:0:0:0:0:0:0:0:0:0:0:0:2:0:0:0:0:0:0:0:0:0:0:0:0:0:0:0:0:0:0
mtfs-sentinel-dataset-v1,1,952,1398033974,1229212993,21220016,1090000,1,511,0,1,normal,19,Release,record,natural,natural,0,none,0,0,0,0,0,19,9,16,9,0,9,0,6087,676,10,17,10,0,10,0,45524,4552,2,0,2,0,2,0,11,5,0,0,0,0,0,0,0,15,1,0,0,0,0,0,0,0:0:0:0:0:0:0:0:0:0:9:0:0:0:0:0:0:0:0:0:0:0:0:0:0:0:0:0:0:0:0:0:0:0:3:7:0:0:0:0:0:0:0:0:0:0:0:2:0:0:0:0:0:0:0:0:0:0:0:0:0:0:0:0:0:0
mtfs-sentinel-dataset-v1,1,952,1398033974,1229212993,22320016,1100000,1,511,0,1,normal,20,Release,record,natural,natural,0,none,0,0,0,0,0,20,9,16,9,0,9,0,6043,671,10,17,10,0,10,0,46839,4683,2,0,2,0,2,0,10,5,0,0,0,0,0,0,0,15,1,0,0,0,0,0,0,0:0:0:0:0:0:0:0:0:0:9:0:0:0:0:0:0:0:0:0:0:0:0:0:0:0:0:0:0:0:0:0:0:0:3:7:0:0:0:0:0:0:0:0:0:0:0:2:0:0:0:0:0:0:0:0:0:0:0:0:0:0:0:0:0:0
mtfs-sentinel-dataset-v1,1,952,1398033974,1229212993,23410016,1090000,1,511,0,1,normal,21,Release,record,natural,natural,0,none,0,0,0,0,0,21,9,16,9,0,9,0,6382,709,10,17,10,0,10,0,46018,4601,2,0,2,0,2,0,10,5,0,0,0,0,0,0,0,15,1,0,0,0,0,0,0,0:0:0:0:0:0:0:0:0:0:8:1:0:0:0:0:0:0:0:0:0:0:0:0:0:0:0:0:0:0:0:0:0:0:4:6:0:0:0:0:0:0:0:0:0:0:0:2:0:0:0:0:0:0:0:0:0:0:0:0:0:0:0:0:0:0
mtfs-sentinel-dataset-v1,1,952,1398033974,1229212993,24510016,1100000,1,511,0,1,normal,22,Release,record,natural,natural,0,none,0,0,0,0,0,22,9,16,9,0,9,0,6294,699,10,17,10,0,10,0,48944,4894,2,0,2,0,2,0,11,5,0,0,0,0,0,0,0,15,1,0,0,0,0,0,0,0:0:0:0:0:0:0:0:0:0:8:1:0:0:0:0:0:0:0:0:0:0:0:0:0:0:0:0:0:0:0:0:0:0:0:10:0:0:0:0:0:0:0:0:0:0:0:2:0:0:0:0:0:0:0:0:0:0:0:0:0:0:0:0:0:0
mtfs-sentinel-dataset-v1,1,952,1398033974,1229212993,25600016,1090000,1,511,0,1,normal,23,Release,record,natural,natural,0,none,0,0,0,0,0,23,9,16,9,0,9,0,6110,678,10,17,10,0,10,0,45766,4576,2,0,2,0,2,0,10,5,0,0,0,0,0,0,0,15,1,0,0,0,0,0,0,0:0:0:0:0:0:0:0:0:0:9:0:0:0:0:0:0:0:0:0:0:0:0:0:0:0:0:0:0:0:0:0:0:0:1:9:0:0:0:0:0:0:0:0:0:0:0:2:0:0:0:0:0:0:0:0:0:0:0:0:0:0:0:0:0:0
mtfs-sentinel-dataset-v1,1,952,1398033974,1229212993,26690016,1090000,1,511,0,1,normal,24,Release,record,natural,natural,0,none,0,0,0,0,0,24,9,16,9,0,9,0,6034,670,10,17,10,0,10,0,46484,4648,2,0,2,0,2,0,10,5,0,0,0,0,0,0,0,15,1,0,0,0,0,0,0,0:0:0:0:0:0:0:0:0:0:9:0:0:0:0:0:0:0:0:0:0:0:0:0:0:0:0:0:0:0:0:0:0:0:3:7:0:0:0:0:0:0:0:0:0:0:0:2:0:0:0:0:0:0:0:0:0:0:0:0:0:0:0:0:0:0
mtfs-sentinel-dataset-v1,1,952,1398033974,1229212993,27780016,1090000,1,511,0,1,normal,25,Release,record,natural,natural,0,none,0,0,0,0,0,25,9,16,9,0,9,0,6403,711,10,17,10,0,10,0,45794,4579,2,0,2,0,2,0,10,5,0,0,0,0,0,0,0,15,1,0,0,0,0,0,0,0:0:0:0:0:0:0:0:0:0:8:1:0:0:0:0:0:0:0:0:0:0:0:0:0:0:0:0:0:0:0:0:0:0:4:6:0:0:0:0:0:0:0:0:0:0:0:2:0:0:0:0:0:0:0:0:0:0:0:0:0:0:0:0:0:0
mtfs-sentinel-dataset-v1,1,952,1398033974,1229212993,28880016,1100000,1,511,0,1,normal,26,Release,record,natural,natural,0,none,0,0,0,0,0,26,9,16,9,0,9,0,6244,693,10,17,10,0,10,0,48838,4883,2,0,2,0,2,0,11,5,0,0,0,0,0,0,0,15,1,0,0,0,0,0,0,0:0:0:0:0:0:0:0:0:0:8:1:0:0:0:0:0:0:0:0:0:0:0:0:0:0:0:0:0:0:0:0:0:0:1:9:0:0:0:0:0:0:0:0:0:0:0:2:0:0:0:0:0:0:0:0:0:0:0:0:0:0:0:0:0:0
mtfs-sentinel-dataset-v1,1,952,1398033974,1229212993,29970016,1090000,1,511,0,1,normal,27,Release,record,natural,natural,0,none,0,0,0,0,0,27,9,16,9,0,9,0,6114,679,10,17,10,0,10,0,45519,4551,2,0,2,0,2,0,10,5,0,0,0,0,0,0,0,15,1,0,0,0,0,0,0,0:0:0:0:0:0:0:0:0:0:9:0:0:0:0:0:0:0:0:0:0:0:0:0:0:0:0:0:0:0:0:0:0:0:4:6:0:0:0:0:0:0:0:0:0:0:0:2:0:0:0:0:0:0:0:0:0:0:0:0:0:0:0:0:0:0
mtfs-sentinel-dataset-v1,1,952,1398033974,1229212993,31060016,1090000,1,511,0,1,normal,28,Release,record,natural,natural,0,none,0,0,0,0,0,28,9,16,9,0,9,0,6069,674,10,17,10,0,10,0,46345,4634,2,0,2,0,2,0,11,5,0,0,0,0,0,0,0,15,1,0,0,0,0,0,0,0:0:0:0:0:0:0:0:0:0:9:0:0:0:0:0:0:0:0:0:0:0:0:0:0:0:0:0:0:0:0:0:0:0:3:7:0:0:0:0:0:0:0:0:0:0:0:2:0:0:0:0:0:0:0:0:0:0:0:0:0:0:0:0:0:0
mtfs-sentinel-dataset-v1,1,952,1398033974,1229212993,32160016,1100000,1,511,0,1,normal,29,Release,record,natural,natural,0,none,0,0,0,0,0,29,9,16,9,0,9,0,6285,698,10,17,10,0,10,0,51190,5119,2,0,2,0,2,0,10,5,0,0,0,0,0,0,0,15,1,0,0,0,0,0,0,0:0:0:0:0:0:0:0:0:0:8:1:0:0:0:0:0:0:0:0:0:0:0:0:0:0:0:0:0:0:0:0:0:0:3:6:1:0:0:0:0:0:0:0:0:0:0:2:0:0:0:0:0:0:0:0:0:0:0:0:0:0:0:0:0:0
mtfs-sentinel-dataset-v1,1,952,1398033974,1229212993,33270016,1110000,1,511,0,1,normal,30,Release,record,natural,natural,0,none,0,0,0,0,0,30,9,16,9,0,9,0,6136,681,10,17,10,0,10,0,61720,6172,2,0,2,0,2,0,11,5,0,0,0,0,0,0,0,15,1,0,0,0,0,0,0,0:0:0:0:0:0:0:0:0:0:9:0:0:0:0:0:0:0:0:0:0:0:0:0:0:0:0:0:0:0:0:0:0:0:1:8:0:1:0:0:0:0:0:0:0:0:0:2:0:0:0:0:0:0:0:0:0:0:0:0:0:0:0:0:0:0
mtfs-sentinel-dataset-v1,1,952,1398033974,1229212993,34370016,1100000,1,511,0,1,normal,31,Release,record,natural,natural,0,none,0,0,0,0,0,31,9,16,9,0,9,0,6333,703,10,17,10,0,10,0,48049,4804,2,0,2,0,2,0,11,5,0,0,0,0,0,0,0,15,1,0,0,0,0,0,0,0:0:0:0:0:0:0:0:0:0:8:1:0:0:0:0:0:0:0:0:0:0:0:0:0:0:0:0:0:0:0:0:0:0:3:7:0:0:0:0:0:0:0:0:0:0:0:2:0:0:0:0:0:0:0:0:0:0:0:0:0:0:0:0:0:0
mtfs-sentinel-dataset-v1,1,952,1398033974,1229212993,35470016,1100000,1,511,0,1,normal,32,Release,record,natural,natural,0,none,0,0,0,0,0,32,9,16,9,0,9,0,6185,687,10,17,10,0,10,0,48991,4899,2,0,2,0,2,0,11,5,0,0,0,0,0,0,0,15,1,0,0,0,0,0,0,0:0:0:0:0:0:0:0:0:0:8:1:0:0:0:0:0:0:0:0:0:0:0:0:0:0:0:0:0:0:0:0:0:0:2:8:0:0:0:0:0:0:0:0:0:0:0:2:0:0:0:0:0:0:0:0:0:0:0:0:0:0:0:0:0:0
mtfs-sentinel-dataset-v1,1,952,1398033974,1229212993,36560016,1090000,1,511,0,1,normal,33,Release,record,natural,natural,0,none,0,0,0,0,0,33,9,16,9,0,9,0,6120,680,10,17,10,0,10,0,46310,4631,2,0,2,0,2,0,10,5,0,0,0,0,0,0,0,15,1,0,0,0,0,0,0,0:0:0:0:0:0:0:0:0:0:9:0:0:0:0:0:0:0:0:0:0:0:0:0:0:0:0:0:0:0:0:0:0:0:3:7:0:0:0:0:0:0:0:0:0:0:0:2:0:0:0:0:0:0:0:0:0:0:0:0:0:0:0:0:0:0
mtfs-sentinel-dataset-v1,1,952,1398033974,1229212993,37660016,1100000,1,511,0,1,normal,34,Release,record,natural,natural,0,none,0,0,0,0,0,34,9,16,9,0,9,0,6054,672,10,17,10,0,10,0,49362,4936,2,0,2,0,2,0,10,5,0,0,0,0,0,0,0,15,1,0,0,0,0,0,0,0:0:0:0:0:0:0:0:0:0:9:0:0:0:0:0:0:0:0:0:0:0:0:0:0:0:0:0:0:0:0:0:0:0:1:9:0:0:0:0:0:0:0:0:0:0:0:2:0:0:0:0:0:0:0:0:0:0:0:0:0:0:0:0:0:0
mtfs-sentinel-dataset-v1,1,952,1398033974,1229212993,38760016,1100000,1,511,0,1,normal,35,Release,record,natural,natural,0,none,0,0,0,0,0,35,9,16,9,0,9,0,6305,700,10,17,10,0,10,0,47988,4798,2,0,2,0,2,0,11,5,0,0,0,0,0,0,0,15,1,0,0,0,0,0,0,0:0:0:0:0:0:0:0:0:0:8:1:0:0:0:0:0:0:0:0:0:0:0:0:0:0:0:0:0:0:0:0:0:0:3:7:0:0:0:0:0:0:0:0:0:0:0:2:0:0:0:0:0:0:0:0:0:0:0:0:0:0:0:0:0:0
mtfs-sentinel-dataset-v1,1,952,1398033974,1229212993,39860016,1100000,1,511,0,1,normal,36,Release,record,natural,natural,0,none,0,0,0,0,0,36,9,16,9,0,9,0,6185,687,10,17,10,0,10,0,48829,4882,2,0,2,0,2,0,10,5,0,0,0,0,0,0,0,15,1,0,0,0,0,0,0,0:0:0:0:0:0:0:0:0:0:8:1:0:0:0:0:0:0:0:0:0:0:0:0:0:0:0:0:0:0:0:0:0:0:2:8:0:0:0:0:0:0:0:0:0:0:0:2:0:0:0:0:0:0:0:0:0:0:0:0:0:0:0:0:0:0
mtfs-sentinel-dataset-v1,1,952,1398033974,1229212993,40950016,1090000,1,511,0,1,normal,37,Release,record,natural,natural,0,none,0,0,0,0,0,37,9,16,9,0,9,0,6134,681,10,17,10,0,10,0,45774,4577,2,0,2,0,2,0,10,5,0,0,0,0,0,0,0,15,1,0,0,0,0,0,0,0:0:0:0:0:0:0:0:0:0:9:0:0:0:0:0:0:0:0:0:0:0:0:0:0:0:0:0:0:0:0:0:0:0:4:6:0:0:0:0:0:0:0:0:0:0:0:2:0:0:0:0:0:0:0:0:0:0:0:0:0:0:0:0:0:0
mtfs-sentinel-dataset-v1,1,952,1398033974,1229212993,42050016,1100000,1,511,0,1,normal,38,Release,record,natural,natural,0,none,0,0,0,0,0,38,9,16,9,0,9,0,6134,681,10,17,10,0,10,0,49432,4943,2,0,2,0,2,0,10,5,0,0,0,0,0,0,0,15,1,0,0,0,0,0,0,0:0:0:0:0:0:0:0:0:0:9:0:0:0:0:0:0:0:0:0:0:0:0:0:0:0:0:0:0:0:0:0:0:0:1:9:0:0:0:0:0:0:0:0:0:0:0:2:0:0:0:0:0:0:0:0:0:0:0:0:0:0:0:0:0:0
mtfs-sentinel-dataset-v1,1,952,1398033974,1229212993,43150016,1100000,1,511,0,1,normal,39,Release,record,natural,natural,0,none,0,0,0,0,0,39,9,16,9,0,9,0,6308,700,10,17,10,0,10,0,48175,4817,2,0,2,0,2,0,10,5,0,0,0,0,0,0,0,15,1,0,0,0,0,0,0,0:0:0:0:0:0:0:0:0:0:8:1:0:0:0:0:0:0:0:0:0:0:0:0:0:0:0:0:0:0:0:0:0:0:4:6:0:0:0:0:0:0:0:0:0:0:0:2:0:0:0:0:0:0:0:0:0:0:0:0:0:0:0:0:0:0
mtfs-sentinel-dataset-v1,1,952,1398033974,1229212993,44250016,1100000,1,511,0,1,normal,40,Release,record,natural,natural,0,none,0,0,0,0,0,40,9,16,9,0,9,0,6194,688,10,17,10,0,10,0,48734,4873,2,0,2,0,2,0,10,5,0,0,0,0,0,0,0,15,1,0,0,0,0,0,0,0:0:0:0:0:0:0:0:0:0:8:1:0:0:0:0:0:0:0:0:0:0:0:0:0:0:0:0:0:0:0:0:0:0:2:8:0:0:0:0:0:0:0:0:0:0:0:2:0:0:0:0:0:0:0:0:0:0:0:0:0:0:0:0:0:0
mtfs-sentinel-dataset-v1,1,952,1398033974,1229212993,45340016,1090000,1,511,0,1,normal,41,Release,record,natural,natural,0,none,0,0,0,0,0,41,9,16,9,0,9,0,6103,678,10,17,10,0,10,0,45518,4551,2,0,2,0,2,0,10,5,0,0,0,0,0,0,0,15,1,0,0,0,0,0,0,0:0:0:0:0:0:0:0:0:0:9:0:0:0:0:0:0:0:0:0:0:0:0:0:0:0:0:0:0:0:0:0:0:0:3:7:0:0:0:0:0:0:0:0:0:0:0:2:0:0:0:0:0:0:0:0:0:0:0:0:0:0:0:0:0:0
mtfs-sentinel-dataset-v1,1,952,1398033974,1229212993,46440016,1100000,1,511,0,1,normal,42,Release,record,natural,natural,0,none,0,0,0,0,0,42,9,16,9,0,9,0,6081,675,10,17,10,0,10,0,49149,4914,2,0,2,0,2,0,12,6,0,0,0,0,0,0,0,15,1,0,0,0,0,0,0,0:0:0:0:0:0:0:0:0:0:9:0:0:0:0:0:0:0:0:0:0:0:0:0:0:0:0:0:0:0:0:0:0:0:1:9:0:0:0:0:0:0:0:0:0:0:0:2:0:0:0:0:0:0:0:0:0:0:0:0:0:0:0:0:0:0
mtfs-sentinel-dataset-v1,1,952,1398033974,1229212993,47550016,1110000,1,511,0,1,normal,43,Release,record,natural,natural,0,none,0,0,0,0,0,43,9,16,9,0,9,0,6279,697,10,17,10,0,10,0,61196,6119,2,0,2,0,2,0,11,5,0,0,0,0,0,0,0,15,1,0,0,0,0,0,0,0:0:0:0:0:0:0:0:0:0:8:1:0:0:0:0:0:0:0:0:0:0:0:0:0:0:0:0:0:0:0:0:0:0:3:6:0:1:0:0:0:0:0:0:0:0:0:2:0:0:0:0:0:0:0:0:0:0:0:0:0:0:0:0:0:0
mtfs-sentinel-dataset-v1,1,952,1398033974,1229212993,48650016,1100000,1,511,0,1,normal,44,Release,record,natural,natural,0,none,0,0,0,0,0,44,9,16,9,0,9,0,6290,698,10,17,10,0,10,0,48869,4886,2,0,2,0,2,0,10,5,0,0,0,0,0,0,0,15,1,0,0,0,0,0,0,0:0:0:0:0:0:0:0:0:0:8:1:0:0:0:0:0:0:0:0:0:0:0:0:0:0:0:0:0:0:0:0:0:0:2:8:0:0:0:0:0:0:0:0:0:0:0:2:0:0:0:0:0:0:0:0:0:0:0:0:0:0:0:0:0:0
mtfs-sentinel-dataset-v1,1,952,1398033974,1229212993,49740016,1090000,1,511,0,1,normal,45,Release,record,natural,natural,0,none,0,0,0,0,0,45,9,16,9,0,9,0,6146,682,10,17,10,0,10,0,46292,4629,2,0,2,0,2,0,12,6,0,0,0,0,0,0,0,15,1,0,0,0,0,0,0,0:0:0:0:0:0:0:0:0:0:9:0:0:0:0:0:0:0:0:0:0:0:0:0:0:0:0:0:0:0:0:0:0:0:3:7:0:0:0:0:0:0:0:0:0:0:0:2:0:0:0:0:0:0:0:0:0:0:0:0:0:0:0:0:0:0
mtfs-sentinel-dataset-v1,1,952,1398033974,1229212993,50840016,1100000,1,511,0,1,normal,46,Release,record,natural,natural,0,none,0,0,0,0,0,46,9,16,9,0,9,0,6079,675,10,17,10,0,10,0,49910,4991,2,0,2,0,2,0,10,5,0,0,0,0,0,0,0,15,1,0,0,0,0,0,0,0:0:0:0:0:0:0:0:0:0:9:0:0:0:0:0:0:0:0:0:0:0:0:0:0:0:0:0:0:0:0:0:0:0:1:9:0:0:0:0:0:0:0:0:0:0:0:2:0:0:0:0:0:0:0:0:0:0:0:0:0:0:0:0:0:0
mtfs-sentinel-dataset-v1,1,952,1398033974,1229212993,51940016,1100000,1,511,0,1,normal,47,Release,record,natural,natural,0,none,0,0,0,0,0,47,9,16,9,0,9,0,6355,706,10,17,10,0,10,0,47982,4798,2,0,2,0,2,0,11,5,0,0,0,0,0,0,0,15,1,0,0,0,0,0,0,0:0:0:0:0:0:0:0:0:0:8:1:0:0:0:0:0:0:0:0:0:0:0:0:0:0:0:0:0:0:0:0:0:0:3:7:0:0:0:0:0:0:0:0:0:0:0:2:0:0:0:0:0:0:0:0:0:0:0:0:0:0:0:0:0:0
mtfs-sentinel-dataset-v1,1,952,1398033974,1229212993,53040016,1100000,1,511,0,1,normal,48,Release,record,natural,natural,0,none,0,0,0,0,0,48,9,16,9,0,9,0,6334,703,10,17,10,0,10,0,48884,4888,2,0,2,0,2,0,10,5,0,0,0,0,0,0,0,15,1,0,0,0,0,0,0,0:0:0:0:0:0:0:0:0:0:8:1:0:0:0:0:0:0:0:0:0:0:0:0:0:0:0:0:0:0:0:0:0:0:2:8:0:0:0:0:0:0:0:0:0:0:0:2:0:0:0:0:0:0:0:0:0:0:0:0:0:0:0:0:0:0
mtfs-sentinel-dataset-v1,1,952,1398033974,1229212993,54130016,1090000,1,511,0,1,normal,49,Release,record,natural,natural,0,none,0,0,0,0,0,49,9,16,9,0,9,0,6160,684,10,17,10,0,10,0,46263,4626,2,0,2,0,2,0,10,5,0,0,0,0,0,0,0,15,1,0,0,0,0,0,0,0:0:0:0:0:0:0:0:0:0:9:0:0:0:0:0:0:0:0:0:0:0:0:0:0:0:0:0:0:0:0:0:0:0:4:6:0:0:0:0:0:0:0:0:0:0:0:2:0:0:0:0:0:0:0:0:0:0:0:0:0:0:0:0:0:0
mtfs-sentinel-dataset-v1,1,952,1398033974,1229212993,55230016,1100000,1,511,0,1,normal,50,Release,record,natural,natural,0,none,0,0,0,0,0,50,9,16,9,0,9,0,6112,679,10,17,10,0,10,0,49718,4971,2,0,2,0,2,0,10,5,0,0,0,0,0,0,0,15,1,0,0,0,0,0,0,0:0:0:0:0:0:0:0:0:0:9:0:0:0:0:0:0:0:0:0:0:0:0:0:0:0:0:0:0:0:0:0:0:0:1:9:0:0:0:0:0:0:0:0:0:0:0:2:0:0:0:0:0:0:0:0:0:0:0:0:0:0:0:0:0:0
mtfs-sentinel-dataset-v1,1,952,1398033974,1229212993,56330016,1100000,1,511,0,1,normal,51,Release,record,natural,natural,0,none,0,0,0,0,0,51,9,16,9,0,9,0,6266,696,10,17,10,0,10,0,48096,4809,2,0,2,0,2,0,11,5,0,0,0,0,0,0,0,15,1,0,0,0,0,0,0,0:0:0:0:0:0:0:0:0:0:8:1:0:0:0:0:0:0:0:0:0:0:0:0:0:0:0:0:0:0:0:0:0:0:2:8:0:0:0:0:0:0:0:0:0:0:0:2:0:0:0:0:0:0:0:0:0:0:0:0:0:0:0:0:0:0
mtfs-sentinel-dataset-v1,1,952,1398033974,1229212993,57430016,1100000,1,511,0,1,normal,52,Release,record,natural,natural,0,none,0,0,0,0,0,52,9,16,9,0,9,0,6257,695,10,17,10,0,10,0,48724,4872,2,0,2,0,2,0,10,5,0,0,0,0,0,0,0,15,1,0,0,0,0,0,0,0:0:0:0:0:0:0:0:0:0:8:1:0:0:0:0:0:0:0:0:0:0:0:0:0:0:0:0:0:0:0:0:0:0:2:8:0:0:0:0:0:0:0:0:0:0:0:2:0:0:0:0:0:0:0:0:0:0:0:0:0:0:0:0:0:0
mtfs-sentinel-dataset-v1,1,952,1398033974,1229212993,58520016,1090000,1,511,0,1,normal,53,Release,record,natural,natural,0,none,0,0,0,0,0,53,9,16,9,0,9,0,6135,681,10,17,10,0,10,0,46208,4620,2,0,2,0,2,0,10,5,0,0,0,0,0,0,0,15,1,0,0,0,0,0,0,0:0:0:0:0:0:0:0:0:0:9:0:0:0:0:0:0:0:0:0:0:0:0:0:0:0:0:0:0:0:0:0:0:0:3:7:0:0:0:0:0:0:0:0:0:0:0:2:0:0:0:0:0:0:0:0:0:0:0:0:0:0:0:0:0:0
mtfs-sentinel-dataset-v1,1,952,1398033974,1229212993,59620016,1100000,1,511,0,1,normal,54,Release,record,natural,natural,0,none,0,0,0,0,0,54,9,16,9,0,9,0,6110,678,10,17,10,0,10,0,49831,4983,2,0,2,0,2,0,10,5,0,0,0,0,0,0,0,15,1,0,0,0,0,0,0,0:0:0:0:0:0:0:0:0:0:9:0:0:0:0:0:0:0:0:0:0:0:0:0:0:0:0:0:0:0:0:0:0:0:1:9:0:0:0:0:0:0:0:0:0:0:0:2:0:0:0:0:0:0:0:0:0:0:0:0:0:0:0:0:0:0
mtfs-sentinel-dataset-v1,1,952,1398033974,1229212993,60720016,1100000,1,511,0,1,normal,55,Release,record,natural,natural,0,none,0,0,0,0,0,55,9,16,9,0,9,0,6317,701,10,17,10,0,10,0,47955,4795,2,0,2,0,2,0,10,5,0,0,0,0,0,0,0,15,1,0,0,0,0,0,0,0:0:0:0:0:0:0:0:0:0:8:1:0:0:0:0:0:0:0:0:0:0:0:0:0:0:0:0:0:0:0:0:0:0:2:8:0:0:0:0:0:0:0:0:0:0:0:2:0:0:0:0:0:0:0:0:0:0:0:0:0:0:0:0:0:0
mtfs-sentinel-dataset-v1,1,952,1398033974,1229212993,61820016,1100000,1,511,0,1,normal,56,Release,record,natural,natural,0,none,0,0,0,0,0,56,9,16,9,0,9,0,6160,684,10,17,10,0,10,0,48464,4846,2,0,2,0,2,0,11,5,0,0,0,0,0,0,0,15,1,0,0,0,0,0,0,0:0:0:0:0:0:0:0:0:0:8:1:0:0:0:0:0:0:0:0:0:0:0:0:0:0:0:0:0:0:0:0:0:0:2:8:0:0:0:0:0:0:0:0:0:0:0:2:0:0:0:0:0:0:0:0:0:0:0:0:0:0:0:0:0:0
mtfs-sentinel-dataset-v1,1,952,1398033974,1229212993,62920016,1100000,1,511,0,1,normal,57,Release,record,natural,natural,0,none,0,0,0,0,0,57,9,16,9,0,9,0,5979,664,10,17,10,0,10,0,51647,5164,2,0,2,0,2,0,10,5,0,0,0,0,0,0,0,15,1,0,0,0,0,0,0,0:0:0:0:0:0:0:0:0:0:9:0:0:0:0:0:0:0:0:0:0:0:0:0:0:0:0:0:0:0:0:0:0:0:3:6:1:0:0:0:0:0:0:0:0:0:0:2:0:0:0:0:0:0:0:0:0:0:0:0:0:0:0:0:0:0
mtfs-sentinel-dataset-v1,1,952,1398033974,1229212993,64020016,1100000,1,511,0,1,normal,58,Release,record,natural,natural,0,none,0,0,0,0,0,58,9,16,9,0,9,0,6116,679,10,17,10,0,10,0,49817,4981,2,0,2,0,2,0,10,5,0,0,0,0,0,0,0,15,1,0,0,0,0,0,0,0:0:0:0:0:0:0:0:0:0:9:0:0:0:0:0:0:0:0:0:0:0:0:0:0:0:0:0:0:0:0:0:0:0:0:10:0:0:0:0:0:0:0:0:0:0:0:2:0:0:0:0:0:0:0:0:0:0:0:0:0:0:0:0:0:0
mtfs-sentinel-dataset-v1,1,952,1398033974,1229212993,65120016,1100000,1,511,0,1,normal,59,Release,record,natural,natural,0,none,0,0,0,0,0,59,9,16,9,0,9,0,6269,696,10,17,10,0,10,0,48416,4841,2,0,2,0,2,0,11,5,0,0,0,0,0,0,0,15,1,0,0,0,0,0,0,0:0:0:0:0:0:0:0:0:0:8:1:0:0:0:0:0:0:0:0:0:0:0:0:0:0:0:0:0:0:0:0:0:0:2:8:0:0:0:0:0:0:0:0:0:0:0:2:0:0:0:0:0:0:0:0:0:0:0:0:0:0:0:0:0:0
mtfs-sentinel-dataset-v1,1,952,1398033974,1229212993,66220016,1100000,1,511,0,1,normal,60,Release,record,natural,natural,0,none,0,0,0,0,0,60,9,16,9,0,9,0,6126,680,10,17,10,0,10,0,48755,4875,2,0,2,0,2,0,10,5,0,0,0,0,0,0,0,15,1,0,0,0,0,0,0,0:0:0:0:0:0:0:0:0:0:8:1:0:0:0:0:0:0:0:0:0:0:0:0:0:0:0:0:0:0:0:0:0:0:2:8:0:0:0:0:0:0:0:0:0:0:0:2:0:0:0:0:0:0:0:0:0:0:0:0:0:0:0:0:0:0
mtfs-sentinel-dataset-v1,1,952,1398033974,1229212993,67310016,1090000,1,511,0,1,normal,61,Release,record,natural,natural,0,none,0,0,0,0,0,61,9,16,9,0,9,0,6058,673,10,17,10,0,10,0,46277,4627,2,0,2,0,2,0,10,5,0,0,0,0,0,0,0,15,1,0,0,0,0,0,0,0:0:0:0:0:0:0:0:0:0:9:0:0:0:0:0:0:0:0:0:0:0:0:0:0:0:0:0:0:0:0:0:0:0:3:7:0:0:0:0:0:0:0:0:0:0:0:2:0:0:0:0:0:0:0:0:0:0:0:0:0:0:0:0:0:0
mtfs-sentinel-dataset-v1,1,952,1398033974,1229212993,68410016,1100000,1,511,0,1,normal,62,Release,record,natural,natural,0,none,0,0,0,0,0,62,9,16,9,0,9,0,6115,679,10,17,10,0,10,0,49726,4972,2,0,2,0,2,0,10,5,0,0,0,0,0,0,0,15,1,0,0,0,0,0,0,0:0:0:0:0:0:0:0:0:0:9:0:0:0:0:0:0:0:0:0:0:0:0:0:0:0:0:0:0:0:0:0:0:0:0:10:0:0:0:0:0:0:0:0:0:0:0:2:0:0:0:0:0:0:0:0:0:0:0:0:0:0:0:0:0:0
mtfs-sentinel-dataset-v1,1,952,1398033974,1229212993,69510016,1100000,1,511,0,1,normal,63,Release,record,natural,natural,0,none,0,0,0,0,0,63,9,16,9,0,9,0,6359,706,10,17,10,0,10,0,48276,4827,2,0,2,0,2,0,10,5,0,0,0,0,0,0,0,15,1,0,0,0,0,0,0,0:0:0:0:0:0:0:0:0:0:8:1:0:0:0:0:0:0:0:0:0:0:0:0:0:0:0:0:0:0:0:0:0:0:1:9:0:0:0:0:0:0:0:0:0:0:0:2:0:0:0:0:0:0:0:0:0:0:0:0:0:0:0:0:0:0
mtfs-sentinel-dataset-v1,1,952,1398033974,1229212993,70610016,1100000,1,511,0,1,normal,64,Release,record,natural,natural,0,none,0,0,0,0,0,64,9,16,9,0,9,0,6255,695,10,17,10,0,10,0,48777,4877,2,0,2,0,2,0,10,5,0,0,0,0,0,0,0,15,1,0,0,0,0,0,0,0:0:0:0:0:0:0:0:0:0:8:1:0:0:0:0:0:0:0:0:0:0:0:0:0:0:0:0:0:0:0:0:0:0:2:8:0:0:0:0:0:0:0:0:0:0:0:2:0:0:0:0:0:0:0:0:0:0:0:0:0:0:0:0:0:0
mtfs-sentinel-dataset-v1,1,952,1398033974,1229212993,71700016,1090000,1,511,0,1,normal,65,Release,record,natural,natural,0,none,0,0,0,0,0,65,9,16,9,0,9,0,6176,686,10,17,10,0,10,0,46076,4607,2,0,2,0,2,0,10,5,0,0,0,0,0,0,0,15,1,0,0,0,0,0,0,0:0:0:0:0:0:0:0:0:0:9:0:0:0:0:0:0:0:0:0:0:0:0:0:0:0:0:0:0:0:0:0:0:0:3:7:0:0:0:0:0:0:0:0:0:0:0:2:0:0:0:0:0:0:0:0:0:0:0:0:0:0:0:0:0:0
mtfs-sentinel-dataset-v1,1,952,1398033974,1229212993,72800016,1100000,1,511,0,1,normal,66,Release,record,natural,natural,0,none,0,0,0,0,0,66,9,16,9,0,9,0,6051,672,10,17,10,0,10,0,49555,4955,2,0,2,0,2,0,10,5,0,0,0,0,0,0,0,15,1,0,0,0,0,0,0,0:0:0:0:0:0:0:0:0:0:9:0:0:0:0:0:0:0:0:0:0:0:0:0:0:0:0:0:0:0:0:0:0:0:0:10:0:0:0:0:0:0:0:0:0:0:0:2:0:0:0:0:0:0:0:0:0:0:0:0:0:0:0:0:0:0
mtfs-sentinel-dataset-v1,1,952,1398033974,1229212993,73900016,1100000,1,511,0,1,normal,67,Release,record,natural,natural,0,none,0,0,0,0,0,67,9,16,9,0,9,0,6391,710,10,17,10,0,10,0,47976,4797,2,0,2,0,2,0,11,5,0,0,0,0,0,0,0,15,1,0,0,0,0,0,0,0:0:0:0:0:0:0:0:0:0:8:1:0:0:0:0:0:0:0:0:0:0:0:0:0:0:0:0:0:0:0:0:0:0:4:6:0:0:0:0:0:0:0:0:0:0:0:2:0:0:0:0:0:0:0:0:0:0:0:0:0:0:0:0:0:0
mtfs-sentinel-dataset-v1,1,952,1398033974,1229212993,75000016,1100000,1,511,0,1,normal,68,Release,record,natural,natural,0,none,0,0,0,0,0,68,9,16,9,0,9,0,6201,689,10,17,10,0,10,0,48692,4869,2,0,2,0,2,0,10,5,0,0,0,0,0,0,0,15,1,0,0,0,0,0,0,0:0:0:0:0:0:0:0:0:0:8:1:0:0:0:0:0:0:0:0:0:0:0:0:0:0:0:0:0:0:0:0:0:0:2:8:0:0:0:0:0:0:0:0:0:0:0:2:0:0:0:0:0:0:0:0:0:0:0:0:0:0:0:0:0:0
mtfs-sentinel-dataset-v1,1,952,1398033974,1229212993,76090016,1090000,1,511,0,1,normal,69,Release,record,natural,natural,0,none,0,0,0,0,0,69,9,16,9,0,9,0,6179,686,10,17,10,0,10,0,46083,4608,2,0,2,0,2,0,11,5,0,0,0,0,0,0,0,15,1,0,0,0,0,0,0,0:0:0:0:0:0:0:0:0:0:9:0:0:0:0:0:0:0:0:0:0:0:0:0:0:0:0:0:0:0:0:0:0:0:4:6:0:0:0:0:0:0:0:0:0:0:0:2:0:0:0:0:0:0:0:0:0:0:0:0:0:0:0:0:0:0
mtfs-sentinel-dataset-v1,1,952,1398033974,1229212993,77190016,1100000,1,511,0,1,normal,70,Release,record,natural,natural,0,none,0,0,0,0,0,70,9,16,9,0,9,0,6107,678,10,17,10,0,10,0,49478,4947,2,0,2,0,2,0,10,5,0,0,0,0,0,0,0,15,1,0,0,0,0,0,0,0:0:0:0:0:0:0:0:0:0:9:0:0:0:0:0:0:0:0:0:0:0:0:0:0:0:0:0:0:0:0:0:0:0:0:10:0:0:0:0:0:0:0:0:0:0:0:2:0:0:0:0:0:0:0:0:0:0:0:0:0:0:0:0:0:0
mtfs-sentinel-dataset-v1,1,952,1398033974,1229212993,78290016,1100000,1,511,0,1,normal,71,Release,record,natural,natural,0,none,0,0,0,0,0,71,9,16,9,0,9,0,6344,704,10,17,10,0,10,0,48038,4803,2,0,2,0,2,0,10,5,0,0,0,0,0,0,0,15,1,0,0,0,0,0,0,0:0:0:0:0:0:0:0:0:0:8:1:0:0:0:0:0:0:0:0:0:0:0:0:0:0:0:0:0:0:0:0:0:0:3:7:0:0:0:0:0:0:0:0:0:0:0:2:0:0:0:0:0:0:0:0:0:0:0:0:0:0:0:0:0:0
mtfs-sentinel-dataset-v1,1,952,1398033974,1229212993,79390016,1100000,1,511,0,1,normal,72,Release,record,natural,natural,0,none,0,0,0,0,0,72,9,16,9,0,9,0,6194,688,10,17,10,0,10,0,48558,4855,2,0,2,0,2,0,10,5,0,0,0,0,0,0,0,15,1,0,0,0,0,0,0,0:0:0:0:0:0:0:0:0:0:8:1:0:0:0:0:0:0:0:0:0:0:0:0:0:0:0:0:0:0:0:0:0:0:2:8:0:0:0:0:0:0:0:0:0:0:0:2:0:0:0:0:0:0:0:0:0:0:0:0:0:0:0:0:0:0
mtfs-sentinel-dataset-v1,1,952,1398033974,1229212993,80480016,1090000,1,511,0,1,normal,73,Release,record,natural,natural,0,none,0,0,0,0,0,73,9,16,9,0,9,0,6151,683,10,17,10,0,10,0,45916,4591,2,0,2,0,2,0,10,5,0,0,0,0,0,0,0,15,1,0,0,0,0,0,0,0:0:0:0:0:0:0:0:0:0:9:0:0:0:0:0:0:0:0:0:0:0:0:0:0:0:0:0:0:0:0:0:0:0:3:7:0:0:0:0:0:0:0:0:0:0:0:2:0:0:0:0:0:0:0:0:0:0:0:0:0:0:0:0:0:0
mtfs-sentinel-dataset-v1,1,952,1398033974,1229212993,81580016,1100000,1,511,0,1,normal,74,Release,record,natural,natural,0,none,0,0,0,0,0,74,9,16,9,0,9,0,6081,675,10,17,10,0,10,0,49573,4957,2,0,2,0,2,0,11,5,0,0,0,0,0,0,0,15,1,0,0,0,0,0,0,0:0:0:0:0:0:0:0:0:0:9:0:0:0:0:0:0:0:0:0:0:0:0:0:0:0:0:0:0:0:0:0:0:0:0:10:0:0:0:0:0:0:0:0:0:0:0:2:0:0:0:0:0:0:0:0:0:0:0:0:0:0:0:0:0:0
mtfs-sentinel-dataset-v1,1,952,1398033974,1229212993,82680016,1100000,1,511,0,1,normal,75,Release,record,natural,natural,0,none,0,0,0,0,0,75,9,16,9,0,9,0,6342,704,10,17,10,0,10,0,48059,4805,2,0,2,0,2,0,10,5,0,0,0,0,0,0,0,15,1,0,0,0,0,0,0,0:0:0:0:0:0:0:0:0:0:8:1:0:0:0:0:0:0:0:0:0:0:0:0:0:0:0:0:0:0:0:0:0:0:3:7:0:0:0:0:0:0:0:0:0:0:0:2:0:0:0:0:0:0:0:0:0:0:0:0:0:0:0:0:0:0
mtfs-sentinel-dataset-v1,1,952,1398033974,1229212993,83780016,1100000,1,511,0,1,normal,76,Release,record,natural,natural,0,none,0,0,0,0,0,76,9,16,9,0,9,0,6306,700,10,17,10,0,10,0,48792,4879,2,0,2,0,2,0,10,5,0,0,0,0,0,0,0,15,1,0,0,0,0,0,0,0:0:0:0:0:0:0:0:0:0:8:1:0:0:0:0:0:0:0:0:0:0:0:0:0:0:0:0:0:0:0:0:0:0:2:8:0:0:0:0:0:0:0:0:0:0:0:2:0:0:0:0:0:0:0:0:0:0:0:0:0:0:0:0:0:0
mtfs-sentinel-dataset-v1,1,952,1398033974,1229212993,84870016,1090000,1,511,0,1,normal,77,Release,record,natural,natural,0,none,0,0,0,0,0,77,9,16,9,0,9,0,6171,685,10,17,10,0,10,0,46024,4602,2,0,2,0,2,0,10,5,0,0,0,0,0,0,0,15,1,0,0,0,0,0,0,0:0:0:0:0:0:0:0:0:0:9:0:0:0:0:0:0:0:0:0:0:0:0:0:0:0:0:0:0:0:0:0:0:0:3:7:0:0:0:0:0:0:0:0:0:0:0:2:0:0:0:0:0:0:0:0:0:0:0:0:0:0:0:0:0:0
mtfs-sentinel-dataset-v1,1,952,1398033974,1229212993,85970016,1100000,1,511,0,1,normal,78,Release,record,natural,natural,0,none,0,0,0,0,0,78,9,16,9,0,9,0,6093,677,10,17,10,0,10,0,49168,4916,2,0,2,0,2,0,10,5,0,0,0,0,0,0,0,15,1,0,0,0,0,0,0,0:0:0:0:0:0:0:0:0:0:9:0:0:0:0:0:0:0:0:0:0:0:0:0:0:0:0:0:0:0:0:0:0:0:1:9:0:0:0:0:0:0:0:0:0:0:0:2:0:0:0:0:0:0:0:0:0:0:0:0:0:0:0:0:0:0
mtfs-sentinel-dataset-v1,1,952,1398033974,1229212993,87070016,1100000,1,511,0,1,normal,79,Release,record,natural,natural,0,none,0,0,0,0,0,79,9,16,9,0,9,0,6307,700,10,17,10,0,10,0,47809,4780,2,0,2,0,2,0,11,5,0,0,0,0,0,0,0,15,1,0,0,0,0,0,0,0:0:0:0:0:0:0:0:0:0:8:1:0:0:0:0:0:0:0:0:0:0:0:0:0:0:0:0:0:0:0:0:0:0:3:7:0:0:0:0:0:0:0:0:0:0:0:2:0:0:0:0:0:0:0:0:0:0:0:0:0:0:0:0:0:0
mtfs-sentinel-dataset-v1,1,952,1398033974,1229212993,88170016,1100000,1,511,0,1,normal,80,Release,record,natural,natural,0,none,0,0,0,0,0,80,9,16,9,0,9,0,6307,700,10,17,10,0,10,0,48441,4844,2,0,2,0,2,0,10,5,0,0,0,0,0,0,0,15,1,0,0,0,0,0,0,0:0:0:0:0:0:0:0:0:0:8:1:0:0:0:0:0:0:0:0:0:0:0:0:0:0:0:0:0:0:0:0:0:0:2:8:0:0:0:0:0:0:0:0:0:0:0:2:0:0:0:0:0:0:0:0:0:0:0:0:0:0:0:0:0:0
mtfs-sentinel-dataset-v1,1,952,1398033974,1229212993,89260016,1090000,1,511,0,1,normal,81,Release,record,natural,natural,0,none,0,0,0,0,0,81,9,16,9,0,9,0,5957,661,10,17,10,0,10,0,45434,4543,2,0,2,0,2,0,10,5,0,0,0,0,0,0,0,15,1,0,0,0,0,0,0,0:0:0:0:0:0:0:0:0:0:9:0:0:0:0:0:0:0:0:0:0:0:0:0:0:0:0:0:0:0:0:0:0:0:4:6:0:0:0:0:0:0:0:0:0:0:0:2:0:0:0:0:0:0:0:0:0:0:0:0:0:0:0:0:0:0
mtfs-sentinel-dataset-v1,1,952,1398033974,1229212993,90360016,1100000,1,511,0,1,normal,82,Release,record,natural,natural,0,none,0,0,0,0,0,82,9,16,9,0,9,0,5910,656,10,17,10,0,10,0,47207,4720,2,0,2,0,2,0,10,5,0,0,0,0,0,0,0,15,1,0,0,0,0,0,0,0:0:0:0:0:0:0:0:0:0:9:0:0:0:0:0:0:0:0:0:0:0:0:0:0:0:0:0:0:0:0:0:0:0:2:8:0:0:0:0:0:0:0:0:0:0:0:2:0:0:0:0:0:0:0:0:0:0:0:0:0:0:0:0:0:0
mtfs-sentinel-dataset-v1,1,952,1398033974,1229212993,91450016,1090000,1,511,0,1,normal,83,Release,record,natural,natural,0,none,0,0,0,0,0,83,9,16,9,0,9,0,6289,698,10,17,10,0,10,0,45294,4529,2,0,2,0,2,0,10,5,0,0,0,0,0,0,0,15,1,0,0,0,0,0,0,0:0:0:0:0:0:0:0:0:0:8:1:0:0:0:0:0:0:0:0:0:0:0:0:0:0:0:0:0:0:0:0:0:0:6:4:0:0:0:0:0:0:0:0:0:0:0:2:0:0:0:0:0:0:0:0:0:0:0:0:0:0:0:0:0:0
mtfs-sentinel-dataset-v1,1,952,1398033974,1229212993,92550016,1100000,1,511,0,1,normal,84,Release,record,natural,natural,0,none,0,0,0,0,0,84,9,16,9,0,9,0,6137,681,10,17,10,0,10,0,48464,4846,2,0,2,0,2,0,11,5,0,0,0,0,0,0,0,15,1,0,0,0,0,0,0,0:0:0:0:0:0:0:0:0:0:8:1:0:0:0:0:0:0:0:0:0:0:0:0:0:0:0:0:0:0:0:0:0:0:2:8:0:0:0:0:0:0:0:0:0:0:0:2:0:0:0:0:0:0:0:0:0:0:0:0:0:0:0:0:0:0
mtfs-sentinel-dataset-v1,1,952,1398033974,1229212993,93650016,1100000,1,511,0,1,normal,85,Release,record,natural,natural,0,none,0,0,0,0,0,85,9,16,9,0,9,0,5909,656,10,17,10,0,10,0,49500,4950,2,0,2,0,2,0,10,5,0,0,0,0,0,0,0,15,1,0,0,0,0,0,0,0:0:0:0:0:0:0:0:0:0:9:0:0:0:0:0:0:0:0:0:0:0:0:0:0:0:0:0:0:0:0:0:0:0:2:7:1:0:0:0:0:0:0:0:0:0:0:2:0:0:0:0:0:0:0:0:0:0:0:0:0:0:0:0:0:0
mtfs-sentinel-dataset-v1,1,952,1398033974,1229212993,94750016,1100000,1,511,0,1,normal,86,Release,record,natural,natural,0,none,0,0,0,0,0,86,9,16,9,0,9,0,6033,670,10,17,10,0,10,0,46976,4697,2,0,2,0,2,0,10,5,0,0,0,0,0,0,0,15,1,0,0,0,0,0,0,0:0:0:0:0:0:0:0:0:0:9:0:0:0:0:0:0:0:0:0:0:0:0:0:0:0:0:0:0:0:0:0:0:0:0:10:0:0:0:0:0:0:0:0:0:0:0:2:0:0:0:0:0:0:0:0:0:0:0:0:0:0:0:0:0:0
mtfs-sentinel-dataset-v1,1,952,1398033974,1229212993,95850016,1100000,1,511,0,1,normal,87,Release,record,natural,natural,0,none,0,0,0,0,0,87,9,16,9,0,9,0,6315,701,10,17,10,0,10,0,48235,4823,2,0,2,0,2,0,11,5,0,0,0,0,0,0,0,15,1,0,0,0,0,0,0,0:0:0:0:0:0:0:0:0:0:8:1:0:0:0:0:0:0:0:0:0:0:0:0:0:0:0:0:0:0:0:0:0:0:3:7:0:0:0:0:0:0:0:0:0:0:0:2:0:0:0:0:0:0:0:0:0:0:0:0:0:0:0:0:0:0
mtfs-sentinel-dataset-v1,1,952,1398033974,1229212993,96950016,1100000,1,511,0,1,normal,88,Release,record,natural,natural,0,none,0,0,0,0,0,88,9,16,9,0,9,0,6215,690,10,17,10,0,10,0,49152,4915,2,0,2,0,2,0,11,5,0,0,0,0,0,0,0,15,1,0,0,0,0,0,0,0:0:0:0:0:0:0:0:0:0:8:1:0:0:0:0:0:0:0:0:0:0:0:0:0:0:0:0:0:0:0:0:0:0:2:8:0:0:0:0:0:0:0:0:0:0:0:2:0:0:0:0:0:0:0:0:0:0:0:0:0:0:0:0:0:0
mtfs-sentinel-dataset-v1,1,952,1398033974,1229212993,98040016,1090000,1,511,0,1,normal,89,Release,record,natural,natural,0,none,0,0,0,0,0,89,9,16,9,0,9,0,6160,684,10,17,10,0,10,0,46371,4637,2,0,2,0,2,0,10,5,0,0,0,0,0,0,0,15,1,0,0,0,0,0,0,0:0:0:0:0:0:0:0:0:0:9:0:0:0:0:0:0:0:0:0:0:0:0:0:0:0:0:0:0:0:0:0:0:0:3:7:0:0:0:0:0:0:0:0:0:0:0:2:0:0:0:0:0:0:0:0:0:0:0:0:0:0:0:0:0:0
mtfs-sentinel-dataset-v1,1,952,1398033974,1229212993,99140016,1100000,1,511,0,1,normal,90,Release,record,natural,natural,0,none,0,0,0,0,0,90,9,16,9,0,9,0,6094,677,10,17,10,0,10,0,49329,4932,2,0,2,0,2,0,11,5,0,0,0,0,0,0,0,15,1,0,0,0,0,0,0,0:0:0:0:0:0:0:0:0:0:9:0:0:0:0:0:0:0:0:0:0:0:0:0:0:0:0:0:0:0:0:0:0:0:1:9:0:0:0:0:0:0:0:0:0:0:0:2:0:0:0:0:0:0:0:0:0:0:0:0:0:0:0:0:0:0
mtfs-sentinel-dataset-v1,1,952,1398033974,1229212993,100240016,1100000,1,511,0,1,normal,91,Release,record,natural,natural,0,none,0,0,0,0,0,91,9,16,9,0,9,0,6380,708,10,17,10,0,10,0,48030,4803,2,0,2,0,2,0,10,5,0,0,0,0,0,0,0,15,1,0,0,0,0,0,0,0:0:0:0:0:0:0:0:0:0:8:1:0:0:0:0:0:0:0:0:0:0:0:0:0:0:0:0:0:0:0:0:0:0:3:7:0:0:0:0:0:0:0:0:0:0:0:2:0:0:0:0:0:0:0:0:0:0:0:0:0:0:0:0:0:0
mtfs-sentinel-dataset-v1,1,952,1398033974,1229212993,101340016,1100000,1,511,0,1,normal,92,Release,record,natural,natural,0,none,0,0,0,0,0,92,9,16,9,0,9,0,6260,695,10,17,10,0,10,0,48659,4865,2,0,2,0,2,0,11,5,0,0,0,0,0,0,0,15,1,0,0,0,0,0,0,0:0:0:0:0:0:0:0:0:0:8:1:0:0:0:0:0:0:0:0:0:0:0:0:0:0:0:0:0:0:0:0:0:0:2:8:0:0:0:0:0:0:0:0:0:0:0:2:0:0:0:0:0:0:0:0:0:0:0:0:0:0:0:0:0:0
mtfs-sentinel-dataset-v1,1,952,1398033974,1229212993,102430016,1090000,1,511,0,1,normal,93,Release,record,natural,natural,0,none,0,0,0,0,0,93,9,16,9,0,9,0,6145,682,10,17,10,0,10,0,45982,4598,2,0,2,0,2,0,10,5,0,0,0,0,0,0,0,15,1,0,0,0,0,0,0,0:0:0:0:0:0:0:0:0:0:9:0:0:0:0:0:0:0:0:0:0:0:0:0:0:0:0:0:0:0:0:0:0:0:3:7:0:0:0:0:0:0:0:0:0:0:0:2:0:0:0:0:0:0:0:0:0:0:0:0:0:0:0:0:0:0
mtfs-sentinel-dataset-v1,1,952,1398033974,1229212993,103530016,1100000,1,511,0,1,normal,94,Release,record,natural,natural,0,none,0,0,0,0,0,94,9,16,9,0,9,0,6120,680,10,17,10,0,10,0,49626,4962,2,0,2,0,2,0,10,5,0,0,0,0,0,0,0,15,1,0,0,0,0,0,0,0:0:0:0:0:0:0:0:0:0:9:0:0:0:0:0:0:0:0:0:0:0:0:0:0:0:0:0:0:0:0:0:0:0:1:9:0:0:0:0:0:0:0:0:0:0:0:2:0:0:0:0:0:0:0:0:0:0:0:0:0:0:0:0:0:0
mtfs-sentinel-dataset-v1,1,952,1398033974,1229212993,104630016,1100000,1,511,0,1,normal,95,Release,record,natural,natural,0,none,0,0,0,0,0,95,9,16,9,0,9,0,6324,702,10,17,10,0,10,0,48157,4815,2,0,2,0,2,0,11,5,0,0,0,0,0,0,0,15,1,0,0,0,0,0,0,0:0:0:0:0:0:0:0:0:0:8:1:0:0:0:0:0:0:0:0:0:0:0:0:0:0:0:0:0:0:0:0:0:0:3:7:0:0:0:0:0:0:0:0:0:0:0:2:0:0:0:0:0:0:0:0:0:0:0:0:0:0:0:0:0:0
mtfs-sentinel-dataset-v1,1,952,1398033974,1229212993,105730016,1100000,1,511,0,1,normal,96,Release,record,natural,natural,0,none,0,0,0,0,0,96,9,16,9,0,9,0,6282,698,10,17,10,0,10,0,49025,4902,2,0,2,0,2,0,11,5,0,0,0,0,0,0,0,15,1,0,0,0,0,0,0,0:0:0:0:0:0:0:0:0:0:8:1:0:0:0:0:0:0:0:0:0:0:0:0:0:0:0:0:0:0:0:0:0:0:2:8:0:0:0:0:0:0:0:0:0:0:0:2:0:0:0:0:0:0:0:0:0:0:0:0:0:0:0:0:0:0
mtfs-sentinel-dataset-v1,1,952,1398033974,1229212993,106820016,1090000,1,511,0,1,normal,97,Release,record,natural,natural,0,none,0,0,0,0,0,97,9,16,9,0,9,0,6031,670,10,17,10,0,10,0,46091,4609,2,0,2,0,2,0,10,5,0,0,0,0,0,0,0,15,1,0,0,0,0,0,0,0:0:0:0:0:0:0:0:0:0:9:0:0:0:0:0:0:0:0:0:0:0:0:0:0:0:0:0:0:0:0:0:0:0:3:7:0:0:0:0:0:0:0:0:0:0:0:2:0:0:0:0:0:0:0:0:0:0:0:0:0:0:0:0:0:0
mtfs-sentinel-dataset-v1,1,952,1398033974,1229212993,107920016,1100000,1,511,0,1,normal,98,Release,record,natural,natural,0,none,0,0,0,0,0,98,9,16,9,0,9,0,6107,678,10,17,10,0,10,0,49692,4969,2,0,2,0,2,0,10,5,0,0,0,0,0,0,0,15,1,0,0,0,0,0,0,0:0:0:0:0:0:0:0:0:0:9:0:0:0:0:0:0:0:0:0:0:0:0:0:0:0:0:0:0:0:0:0:0:0:0:10:0:0:0:0:0:0:0:0:0:0:0:2:0:0:0:0:0:0:0:0:0:0:0:0:0:0:0:0:0:0
mtfs-sentinel-dataset-v1,1,952,1398033974,1229212993,109020016,1100000,1,511,0,1,normal,99,Release,record,natural,natural,0,none,0,0,0,0,0,99,9,16,9,0,9,0,6329,703,10,17,10,0,10,0,47951,4795,2,0,2,0,2,0,11,5,0,0,0,0,0,0,0,15,1,0,0,0,0,0,0,0:0:0:0:0:0:0:0:0:0:8:1:0:0:0:0:0:0:0:0:0:0:0:0:0:0:0:0:0:0:0:0:0:0:3:7:0:0:0:0:0:0:0:0:0:0:0:2:0:0:0:0:0:0:0:0:0:0:0:0:0:0:0:0:0:0
mtfs-sentinel-dataset-v1,1,952,1398033974,1229212993,110120016,1100000,1,511,0,1,normal,100,Release,record,natural,natural,0,none,0,0,0,0,0,100,9,16,9,0,9,0,6278,697,10,17,10,0,10,0,49267,4926,2,0,2,0,2,0,11,5,0,0,0,0,0,0,0,15,1,0,0,0,0,0,0,0:0:0:0:0:0:0:0:0:0:8:1:0:0:0:0:0:0:0:0:0:0:0:0:0:0:0:0:0:0:0:0:0:0:2:8:0:0:0:0:0:0:0:0:0:0:0:2:0:0:0:0:0:0:0:0:0:0:0:0:0:0:0:0:0:0
mtfs-sentinel-dataset-v1,1,952,1398033974,1229212993,111210016,1090000,1,511,0,1,normal,101,Release,record,natural,natural,0,none,0,0,0,0,0,101,9,16,9,0,9,0,6182,686,10,17,10,0,10,0,46185,4618,2,0,2,0,2,0,12,6,0,0,0,0,0,0,0,15,1,0,0,0,0,0,0,0:0:0:0:0:0:0:0:0:0:9:0:0:0:0:0:0:0:0:0:0:0:0:0:0:0:0:0:0:0:0:0:0:0:3:7:0:0:0:0:0:0:0:0:0:0:0:2:0:0:0:0:0:0:0:0:0:0:0:0:0:0:0:0:0:0
mtfs-sentinel-dataset-v1,1,952,1398033974,1229212993,112310016,1100000,1,511,0,1,normal,102,Release,record,natural,natural,0,none,0,0,0,0,0,102,9,16,9,0,9,0,6112,679,10,17,10,0,10,0,49540,4954,2,0,2,0,2,0,11,5,0,0,0,0,0,0,0,15,1,0,0,0,0,0,0,0:0:0:0:0:0:0:0:0:0:9:0:0:0:0:0:0:0:0:0:0:0:0:0:0:0:0:0:0:0:0:0:0:0:0:10:0:0:0:0:0:0:0:0:0:0:0:2:0:0:0:0:0:0:0:0:0:0:0:0:0:0:0:0:0:0
mtfs-sentinel-dataset-v1,1,952,1398033974,1229212993,113410016,1100000,1,511,0,1,normal,103,Release,record,natural,natural,0,none,0,0,0,0,0,103,9,16,9,0,9,0,6364,707,10,17,10,0,10,0,48263,4826,2,0,2,0,2,0,10,5,0,0,0,0,0,0,0,15,1,0,0,0,0,0,0,0:0:0:0:0:0:0:0:0:0:8:1:0:0:0:0:0:0:0:0:0:0:0:0:0:0:0:0:0:0:0:0:0:0:2:8:0:0:0:0:0:0:0:0:0:0:0:2:0:0:0:0:0:0:0:0:0:0:0:0:0:0:0:0:0:0
mtfs-sentinel-dataset-v1,1,952,1398033974,1229212993,114510016,1100000,1,511,0,1,normal,104,Release,record,natural,natural,0,none,0,0,0,0,0,104,9,16,9,0,9,0,6168,685,10,17,10,0,10,0,49071,4907,2,0,2,0,2,0,10,5,0,0,0,0,0,0,0,15,1,0,0,0,0,0,0,0:0:0:0:0:0:0:0:0:0:8:1:0:0:0:0:0:0:0:0:0:0:0:0:0:0:0:0:0:0:0:0:0:0:2:8:0:0:0:0:0:0:0:0:0:0:0:2:0:0:0:0:0:0:0:0:0:0:0:0:0:0:0:0:0:0
mtfs-sentinel-dataset-v1,1,952,1398033974,1229212993,115600016,1090000,1,511,0,1,normal,105,Release,record,natural,natural,0,none,0,0,0,0,0,105,9,16,9,0,9,0,6096,677,10,17,10,0,10,0,46154,4615,2,0,2,0,2,0,11,5,0,0,0,0,0,0,0,15,1,0,0,0,0,0,0,0:0:0:0:0:0:0:0:0:0:9:0:0:0:0:0:0:0:0:0:0:0:0:0:0:0:0:0:0:0:0:0:0:0:2:8:0:0:0:0:0:0:0:0:0:0:0:2:0:0:0:0:0:0:0:0:0:0:0:0:0:0:0:0:0:0
mtfs-sentinel-dataset-v1,1,952,1398033974,1229212993,116700016,1100000,1,511,0,1,normal,106,Release,record,natural,natural,0,none,0,0,0,0,0,106,9,16,9,0,9,0,6075,675,10,17,10,0,10,0,49669,4966,2,0,2,0,2,0,10,5,0,0,0,0,0,0,0,15,1,0,0,0,0,0,0,0:0:0:0:0:0:0:0:0:0:9:0:0:0:0:0:0:0:0:0:0:0:0:0:0:0:0:0:0:0:0:0:0:0:1:9:0:0:0:0:0:0:0:0:0:0:0:2:0:0:0:0:0:0:0:0:0:0:0:0:0:0:0:0:0:0
mtfs-sentinel-dataset-v1,1,952,1398033974,1229212993,117800016,1100000,1,511,0,1,normal,107,Release,record,natural,natural,0,none,0,0,0,0,0,107,9,16,9,0,9,0,6366,707,10,17,10,0,10,0,48332,4833,2,0,2,0,2,0,11,5,0,0,0,0,0,0,0,15,1,0,0,0,0,0,0,0:0:0:0:0:0:0:0:0:0:8:1:0:0:0:0:0:0:0:0:0:0:0:0:0:0:0:0:0:0:0:0:0:0:2:8:0:0:0:0:0:0:0:0:0:0:0:2:0:0:0:0:0:0:0:0:0:0:0:0:0:0:0:0:0:0
mtfs-sentinel-dataset-v1,1,952,1398033974,1229212993,118900016,1100000,1,511,0,1,normal,108,Release,record,natural,natural,0,none,0,0,0,0,0,108,9,16,9,0,9,0,6187,687,10,17,10,0,10,0,48684,4868,2,0,2,0,2,0,11,5,0,0,0,0,0,0,0,15,1,0,0,0,0,0,0,0:0:0:0:0:0:0:0:0:0:8:1:0:0:0:0:0:0:0:0:0:0:0:0:0:0:0:0:0:0:0:0:0:0:2:8:0:0:0:0:0:0:0:0:0:0:0:2:0:0:0:0:0:0:0:0:0:0:0:0:0:0:0:0:0:0
mtfs-sentinel-dataset-v1,1,952,1398033974,1229212993,119990016,1090000,1,511,0,1,normal,109,Release,record,natural,natural,0,none,0,0,0,0,0,109,9,16,9,0,9,0,6073,674,10,17,10,0,10,0,46190,4619,2,0,2,0,2,0,10,5,0,0,0,0,0,0,0,15,1,0,0,0,0,0,0,0:0:0:0:0:0:0:0:0:0:9:0:0:0:0:0:0:0:0:0:0:0:0:0:0:0:0:0:0:0:0:0:0:0:3:7:0:0:0:0:0:0:0:0:0:0:0:2:0:0:0:0:0:0:0:0:0:0:0:0:0:0:0:0:0:0
mtfs-sentinel-dataset-v1,1,952,1398033974,1229212993,121090016,1100000,1,511,0,1,normal,110,Release,record,natural,natural,0,none,0,0,0,0,0,110,9,16,9,0,9,0,6102,678,10,17,10,0,10,0,49367,4936,2,0,2,0,2,0,12,6,0,0,0,0,0,0,0,15,1,0,0,0,0,0,0,0:0:0:0:0:0:0:0:0:0:9:0:0:0:0:0:0:0:0:0:0:0:0:0:0:0:0:0:0:0:0:0:0:0:0:10:0:0:0:0:0:0:0:0:0:0:0:2:0:0:0:0:0:0:0:0:0:0:0:0:0:0:0:0:0:0
mtfs-sentinel-dataset-v1,1,952,1398033974,1229212993,122190016,1100000,1,511,0,1,normal,111,Release,record,natural,natural,0,none,0,0,0,0,0,111,9,16,9,0,9,0,6355,706,10,17,10,0,10,0,47880,4788,2,0,2,0,2,0,11,5,0,0,0,0,0,0,0,15,1,0,0,0,0,0,0,0:0:0:0:0:0:0:0:0:0:8:1:0:0:0:0:0:0:0:0:0:0:0:0:0:0:0:0:0:0:0:0:0:0:3:7:0:0:0:0:0:0:0:0:0:0:0:2:0:0:0:0:0:0:0:0:0:0:0:0:0:0:0:0:0:0
mtfs-sentinel-dataset-v1,1,952,1398033974,1229212993,123290016,1100000,1,511,0,1,normal,112,Release,record,natural,natural,0,none,0,0,0,0,0,112,9,16,9,0,9,0,6074,674,10,17,10,0,10,0,48865,4886,2,0,2,0,2,0,10,5,0,0,0,0,0,0,0,15,1,0,0,0,0,0,0,0:0:0:0:0:0:0:0:0:0:9:0:0:0:0:0:0:0:0:0:0:0:0:0:0:0:0:0:0:0:0:0:0:0:2:8:0:0:0:0:0:0:0:0:0:0:0:2:0:0:0:0:0:0:0:0:0:0:0:0:0:0:0:0:0:0
mtfs-sentinel-dataset-v1,1,952,1398033974,1229212993,124390016,1100000,1,511,0,1,normal,113,Release,record,natural,natural,0,none,0,0,0,0,0,113,9,16,9,0,9,0,5933,659,10,17,10,0,10,0,51621,5162,2,0,2,0,2,0,11,5,0,0,0,0,0,0,0,15,1,0,0,0,0,0,0,0:0:0:0:0:0:0:0:0:0:9:0:0:0:0:0:0:0:0:0:0:0:0:0:0:0:0:0:0:0:0:0:0:0:2:7:1:0:0:0:0:0:0:0:0:0:0:2:0:0:0:0:0:0:0:0:0:0:0:0:0:0:0:0:0:0
mtfs-sentinel-dataset-v1,1,952,1398033974,1229212993,125490016,1100000,1,511,0,1,normal,114,Release,record,natural,natural,0,none,0,0,0,0,0,114,9,16,9,0,9,0,6079,675,10,17,10,0,10,0,49259,4925,2,0,2,0,2,0,11,5,0,0,0,0,0,0,0,15,1,0,0,0,0,0,0,0:0:0:0:0:0:0:0:0:0:9:0:0:0:0:0:0:0:0:0:0:0:0:0:0:0:0:0:0:0:0:0:0:0:1:9:0:0:0:0:0:0:0:0:0:0:0:2:0:0:0:0:0:0:0:0:0:0:0:0:0:0:0:0:0:0
mtfs-sentinel-dataset-v1,1,952,1398033974,1229212993,126590016,1100000,1,511,0,1,normal,115,Release,record,natural,natural,0,none,0,0,0,0,0,115,9,16,9,0,9,0,6348,705,10,17,10,0,10,0,47984,4798,2,0,2,0,2,0,12,6,0,0,0,0,0,0,0,15,1,0,0,0,0,0,0,0:0:0:0:0:0:0:0:0:0:8:1:0:0:0:0:0:0:0:0:0:0:0:0:0:0:0:0:0:0:0:0:0:0:2:8:0:0:0:0:0:0:0:0:0:0:0:2:0:0:0:0:0:0:0:0:0:0:0:0:0:0:0:0:0:0
mtfs-sentinel-dataset-v1,1,952,1398033974,1229212993,127690016,1100000,1,511,0,1,normal,116,Release,record,natural,natural,0,none,0,0,0,0,0,116,9,16,9,0,9,0,6195,688,10,17,10,0,10,0,48855,4885,2,0,2,0,2,0,10,5,0,0,0,0,0,0,0,15,1,0,0,0,0,0,0,0:0:0:0:0:0:0:0:0:0:8:1:0:0:0:0:0:0:0:0:0:0:0:0:0:0:0:0:0:0:0:0:0:0:2:8:0:0:0:0:0:0:0:0:0:0:0:2:0:0:0:0:0:0:0:0:0:0:0:0:0:0:0:0:0:0
mtfs-sentinel-dataset-v1,1,952,1398033974,1229212993,128780016,1090000,1,511,0,1,normal,117,Release,record,natural,natural,0,none,0,0,0,0,0,117,9,16,9,0,9,0,6046,671,10,17,10,0,10,0,45901,4590,2,0,2,0,2,0,10,5,0,0,0,0,0,0,0,15,1,0,0,0,0,0,0,0:0:0:0:0:0:0:0:0:0:9:0:0:0:0:0:0:0:0:0:0:0:0:0:0:0:0:0:0:0:0:0:0:0:4:6:0:0:0:0:0:0:0:0:0:0:0:2:0:0:0:0:0:0:0:0:0:0:0:0:0:0:0:0:0:0
mtfs-sentinel-dataset-v1,1,952,1398033974,1229212993,129880016,1100000,1,511,0,1,normal,118,Release,record,natural,natural,0,none,0,0,0,0,0,118,9,16,9,0,9,0,6098,677,10,17,10,0,10,0,49394,4939,2,0,2,0,2,0,11,5,0,0,0,0,0,0,0,15,1,0,0,0,0,0,0,0:0:0:0:0:0:0:0:0:0:9:0:0:0:0:0:0:0:0:0:0:0:0:0:0:0:0:0:0:0:0:0:0:0:1:9:0:0:0:0:0:0:0:0:0:0:0:2:0:0:0:0:0:0:0:0:0:0:0:0:0:0:0:0:0:0
mtfs-sentinel-dataset-v1,1,952,1398033974,1229212993,130980016,1100000,1,511,0,1,normal,119,Release,record,natural,natural,0,none,0,0,0,0,0,119,9,16,9,0,9,0,6337,704,10,17,10,0,10,0,48121,4812,2,0,2,0,2,0,10,5,0,0,0,0,0,0,0,15,1,0,0,0,0,0,0,0:0:0:0:0:0:0:0:0:0:8:1:0:0:0:0:0:0:0:0:0:0:0:0:0:0:0:0:0:0:0:0:0:0:2:8:0:0:0:0:0:0:0:0:0:0:0:2:0:0:0:0:0:0:0:0:0:0:0:0:0:0:0:0:0:0
mtfs-sentinel-dataset-v1,1,952,1398033974,1229212993,132080016,1100000,1,511,0,1,normal,120,Release,record,natural,natural,0,none,0,0,0,0,0,120,9,16,9,0,9,0,6329,703,10,17,10,0,10,0,48691,4869,2,0,2,0,2,0,11,5,0,0,0,0,0,0,0,15,1,0,0,0,0,0,0,0:0:0:0:0:0:0:0:0:0:8:1:0:0:0:0:0:0:0:0:0:0:0:0:0:0:0:0:0:0:0:0:0:0:2:8:0:0:0:0:0:0:0:0:0:0:0:2:0:0:0:0:0:0:0:0:0:0:0:0:0:0:0:0:0:0
mtfs-sentinel-dataset-v1,1,952,1398033974,1229212993,133170016,1090000,1,511,0,1,normal,121,Release,record,natural,natural,0,none,0,0,0,0,0,121,9,16,9,0,9,0,6160,684,10,17,10,0,10,0,45653,4565,2,0,2,0,2,0,11,5,0,0,0,0,0,0,0,15,1,0,0,0,0,0,0,0:0:0:0:0:0:0:0:0:0:9:0:0:0:0:0:0:0:0:0:0:0:0:0:0:0:0:0:0:0:0:0:0:0:4:6:0:0:0:0:0:0:0:0:0:0:0:2:0:0:0:0:0:0:0:0:0:0:0:0:0:0:0:0:0:0
mtfs-sentinel-dataset-v1,1,952,1398033974,1229212993,134270016,1100000,1,511,0,1,normal,122,Release,record,natural,natural,0,none,0,0,0,0,0,122,9,16,9,0,9,0,6102,678,10,17,10,0,10,0,49279,4927,2,0,2,0,2,0,11,5,0,0,0,0,0,0,0,15,1,0,0,0,0,0,0,0:0:0:0:0:0:0:0:0:0:9:0:0:0:0:0:0:0:0:0:0:0:0:0:0:0:0:0:0:0:0:0:0:0:1:9:0:0:0:0:0:0:0:0:0:0:0:2:0:0:0:0:0:0:0:0:0:0:0:0:0:0:0:0:0:0
mtfs-sentinel-dataset-v1,1,952,1398033974,1229212993,135370016,1100000,1,511,0,1,normal,123,Release,record,natural,natural,0,none,0,0,0,0,0,123,9,16,9,0,9,0,6338,704,10,17,10,0,10,0,48019,4801,2,0,2,0,2,0,10,5,0,0,0,0,0,0,0,15,1,0,0,0,0,0,0,0:0:0:0:0:0:0:0:0:0:8:1:0:0:0:0:0:0:0:0:0:0:0:0:0:0:0:0:0:0:0:0:0:0:3:7:0:0:0:0:0:0:0:0:0:0:0:2:0:0:0:0:0:0:0:0:0:0:0:0:0:0:0:0:0:0
mtfs-sentinel-dataset-v1,1,952,1398033974,1229212993,136470016,1100000,1,511,0,1,normal,124,Release,record,natural,natural,0,none,0,0,0,0,0,124,9,16,9,0,9,0,6113,679,10,17,10,0,10,0,48732,4873,2,0,2,0,2,0,10,5,0,0,0,0,0,0,0,15,1,0,0,0,0,0,0,0:0:0:0:0:0:0:0:0:0:9:0:0:0:0:0:0:0:0:0:0:0:0:0:0:0:0:0:0:0:0:0:0:0:2:8:0:0:0:0:0:0:0:0:0:0:0:2:0:0:0:0:0:0:0:0:0:0:0:0:0:0:0:0:0:0
mtfs-sentinel-dataset-v1,1,952,1398033974,1229212993,137560016,1090000,1,511,0,1,normal,125,Release,record,natural,natural,0,none,0,0,0,0,0,125,9,16,9,0,9,0,6074,674,10,17,10,0,10,0,46049,4604,2,0,2,0,2,0,10,5,0,0,0,0,0,0,0,15,1,0,0,0,0,0,0,0:0:0:0:0:0:0:0:0:0:9:0:0:0:0:0:0:0:0:0:0:0:0:0:0:0:0:0:0:0:0:0:0:0:5:5:0:0:0:0:0:0:0:0:0:0:0:2:0:0:0:0:0:0:0:0:0:0:0:0:0:0:0:0:0:0
mtfs-sentinel-dataset-v1,1,952,1398033974,1229212993,138660016,1100000,1,511,0,1,normal,126,Release,record,natural,natural,0,none,0,0,0,0,0,126,9,16,9,0,9,0,6061,673,10,17,10,0,10,0,49070,4907,2,0,2,0,2,0,10,5,0,0,0,0,0,0,0,15,1,0,0,0,0,0,0,0:0:0:0:0:0:0:0:0:0:9:0:0:0:0:0:0:0:0:0:0:0:0:0:0:0:0:0:0:0:0:0:0:0:1:9:0:0:0:0:0:0:0:0:0:0:0:2:0:0:0:0:0:0:0:0:0:0:0:0:0:0:0:0:0:0
mtfs-sentinel-dataset-v1,1,952,1398033974,1229212993,139760016,1100000,1,511,0,1,normal,127,Release,record,natural,natural,0,none,0,0,0,0,0,127,9,16,9,0,9,0,6168,685,10,17,10,0,10,0,47650,4765,2,0,2,0,2,0,11,5,0,0,0,0,0,0,0,15,1,0,0,0,0,0,0,0:0:0:0:0:0:0:0:0:0:8:1:0:0:0:0:0:0:0:0:0:0:0:0:0:0:0:0:0:0:0:0:0:0:4:6:0:0:0:0:0:0:0:0:0:0:0:2:0:0:0:0:0:0:0:0:0:0:0:0:0:0:0:0:0:0
mtfs-sentinel-dataset-v1,1,952,1398033974,1229212993,140870016,1110000,1,511,0,1,normal,128,Release,record,natural,natural,0,none,0,0,0,0,0,128,9,16,9,0,9,0,6116,679,10,17,10,0,10,0,61717,6171,2,0,2,0,2,0,10,5,0,0,0,0,0,0,0,15,1,0,0,0,0,0,0,0:0:0:0:0:0:0:0:0:0:8:1:0:0:0:0:0:0:0:0:0:0:0:0:0:0:0:0:0:0:0:0:0:0:3:6:0:1:0:0:0:0:0:0:0:0:0:2:0:0:0:0:0:0:0:0:0:0:0:0:0:0:0:0:0:0
mtfs-sentinel-dataset-v1,1,952,1398033974,1229212993,141960016,1090000,1,511,0,1,normal,129,Release,record,natural,natural,0,none,0,0,0,0,0,129,9,16,9,0,9,0,5980,664,10,17,10,0,10,0,46228,4622,2,0,2,0,2,0,10,5,0,0,0,0,0,0,0,15,1,0,0,0,0,0,0,0:0:0:0:0:0:0:0:0:0:9:0:0:0:0:0:0:0:0:0:0:0:0:0:0:0:0:0:0:0:0:0:0:0:2:8:0:0:0:0:0:0:0:0:0:0:0:2:0:0:0:0:0:0:0:0:0:0:0:0:0:0:0:0:0:0
mtfs-sentinel-dataset-v1,1,952,1398033974,1229212993,143060016,1100000,1,511,0,1,normal,130,Release,record,natural,natural,0,none,0,0,0,0,0,130,9,16,9,0,9,0,6090,676,10,17,10,0,10,0,49938,4993,2,0,2,0,2,0,10,5,0,0,0,0,0,0,0,15,1,0,0,0,0,0,0,0:0:0:0:0:0:0:0:0:0:9:0:0:0:0:0:0:0:0:0:0:0:0:0:0:0:0:0:0:0:0:0:0:0:1:9:0:0:0:0:0:0:0:0:0:0:0:2:0:0:0:0:0:0:0:0:0:0:0:0:0:0:0:0:0:0
mtfs-sentinel-dataset-v1,1,952,1398033974,1229212993,144160016,1100000,1,511,0,1,normal,131,Release,record,natural,natural,0,none,0,0,0,0,0,131,9,16,9,0,9,0,6048,672,10,17,10,0,10,0,46951,4695,2,0,2,0,2,0,10,5,0,0,0,0,0,0,0,15,1,0,0,0,0,0,0,0:0:0:0:0:0:0:0:0:0:9:0:0:0:0:0:0:0:0:0:0:0:0:0:0:0:0:0:0:0:0:0:0:0:2:8:0:0:0:0:0:0:0:0:0:0:0:2:0:0:0:0:0:0:0:0:0:0:0:0:0:0:0:0:0:0
mtfs-sentinel-dataset-v1,1,952,1398033974,1229212993,145260016,1100000,1,511,0,1,normal,132,Release,record,natural,natural,0,none,0,0,0,0,0,132,9,16,9,0,9,0,6009,667,10,17,10,0,10,0,47933,4793,2,0,2,0,2,0,10,5,0,0,0,0,0,0,0,15,1,0,0,0,0,0,0,0:0:0:0:0:0:0:0:0:0:9:0:0:0:0:0:0:0:0:0:0:0:0:0:0:0:0:0:0:0:0:0:0:0:2:8:0:0:0:0:0:0:0:0:0:0:0:2:0:0:0:0:0:0:0:0:0:0:0:0:0:0:0:0:0:0
mtfs-sentinel-dataset-v1,1,952,1398033974,1229212993,146350016,1090000,1,511,0,1,normal,133,Release,record,natural,natural,0,none,0,0,0,0,0,133,9,16,9,0,9,0,6168,685,10,17,10,0,10,0,45860,4586,2,0,2,0,2,0,10,5,0,0,0,0,0,0,0,15,1,0,0,0,0,0,0,0:0:0:0:0:0:0:0:0:0:9:0:0:0:0:0:0:0:0:0:0:0:0:0:0:0:0:0:0:0:0:0:0:0:4:6:0:0:0:0:0:0:0:0:0:0:0:2:0:0:0:0:0:0:0:0:0:0:0:0:0:0:0:0:0:0
mtfs-sentinel-dataset-v1,1,952,1398033974,1229212993,147540016,1190000,1,511,0,1,normal,134,Release,record,natural,natural,0,none,0,0,0,0,0,134,9,16,9,0,9,0,6074,674,10,17,10,0,10,0,142773,14277,2,0,2,0,2,0,11,5,0,0,0,0,0,0,0,15,1,0,0,0,0,0,0,0:0:0:0:0:0:0:0:0:0:9:0:0:0:0:0:0:0:0:0:0:0:0:0:0:0:0:0:0:0:0:0:0:0:1:8:0:0:0:1:0:0:0:0:0:0:0:2:0:0:0:0:0:0:0:0:0:0:0:0:0:0:0:0:0:0
mtfs-sentinel-dataset-v1,1,952,1398033974,1229212993,148730016,1190000,1,511,0,1,normal,135,Release,record,natural,natural,0,none,0,0,0,0,0,135,9,16,9,0,9,0,6081,675,10,17,10,0,10,0,139430,13943,2,0,2,0,2,0,10,5,0,0,0,0,0,0,0,15,1,0,0,0,0,0,0,0:0:0:0:0:0:0:0:0:0:9:0:0:0:0:0:0:0:0:0:0:0:0:0:0:0:0:0:0:0:0:0:0:0:3:6:0:0:0:1:0:0:0:0:0:0:0:2:0:0:0:0:0:0:0:0:0:0:0:0:0:0:0:0:0:0
mtfs-sentinel-dataset-v1,1,952,1398033974,1229212993,149920016,1190000,1,511,0,1,normal,136,Release,record,natural,natural,0,none,0,0,0,0,0,136,9,16,9,0,9,0,6093,677,10,17,10,0,10,0,137960,13796,2,0,2,0,2,0,11,5,0,0,0,0,0,0,0,15,1,0,0,0,0,0,0,0:0:0:0:0:0:0:0:0:0:9:0:0:0:0:0:0:0:0:0:0:0:0:0:0:0:0:0:0:0:0:0:0:0:2:7:0:0:0:1:0:0:0:0:0:0:0:2:0:0:0:0:0:0:0:0:0:0:0:0:0:0:0:0:0:0
mtfs-sentinel-dataset-v1,1,952,1398033974,1229212993,151110016,1190000,1,511,0,1,normal,137,Release,record,natural,natural,0,none,0,0,0,0,0,137,9,16,9,0,9,0,6112,679,10,17,10,0,10,0,139362,13936,2,0,2,0,2,0,11,5,0,0,0,0,0,0,0,15,1,0,0,0,0,0,0,0:0:0:0:0:0:0:0:0:0:9:0:0:0:0:0:0:0:0:0:0:0:0:0:0:0:0:0:0:0:0:0:0:0:5:4:0:0:0:1:0:0:0:0:0:0:0:2:0:0:0:0:0:0:0:0:0:0:0:0:0:0:0:0:0:0
mtfs-sentinel-dataset-v1,1,952,1398033974,1229212993,152300016,1190000,1,511,0,1,normal,138,Release,record,natural,natural,0,none,0,0,0,0,0,138,9,16,9,0,9,0,6063,673,10,17,10,0,10,0,140888,14088,2,0,2,0,2,0,11,5,0,0,0,0,0,0,0,15,1,0,0,0,0,0,0,0:0:0:0:0:0:0:0:0:0:9:0:0:0:0:0:0:0:0:0:0:0:0:0:0:0:0:0:0:0:0:0:0:0:1:8:0:0:0:1:0:0:0:0:0:0:0:2:0:0:0:0:0:0:0:0:0:0:0:0:0:0:0:0:0:0
mtfs-sentinel-dataset-v1,1,952,1398033974,1229212993,153490016,1190000,1,511,0,1,normal,139,Release,record,natural,natural,0,none,0,0,0,0,0,139,9,16,9,0,9,0,6376,708,10,17,10,0,10,0,142001,14200,2,0,2,0,2,0,10,5,0,0,0,0,0,0,0,15,1,0,0,0,0,0,0,0:0:0:0:0:0:0:0:0:0:8:1:0:0:0:0:0:0:0:0:0:0:0:0:0:0:0:0:0:0:0:0:0:0:3:6:0:0:0:1:0:0:0:0:0:0:0:2:0:0:0:0:0:0:0:0:0:0:0:0:0:0:0:0:0:0
mtfs-sentinel-dataset-v1,1,952,1398033974,1229212993,154680016,1190000,1,511,0,1,normal,140,Release,record,natural,natural,0,none,0,0,0,0,0,140,9,16,9,0,9,0,6291,699,10,17,10,0,10,0,142873,14287,2,0,2,0,2,0,10,5,0,0,0,0,0,0,0,15,1,0,0,0,0,0,0,0:0:0:0:0:0:0:0:0:0:8:1:0:0:0:0:0:0:0:0:0:0:0:0:0:0:0:0:0:0:0:0:0:0:2:7:0:0:0:1:0:0:0:0:0:0:0:2:0:0:0:0:0:0:0:0:0:0:0:0:0:0:0:0:0:0
mtfs-sentinel-dataset-v1,1,952,1398033974,1229212993,155840016,1160000,1,511,0,1,normal,141,Release,record,natural,natural,0,none,0,0,0,0,0,141,9,16,9,0,9,0,5911,656,10,17,10,0,10,0,110973,11097,2,0,2,0,2,0,11,5,0,0,0,0,0,0,0,15,1,0,0,0,0,0,0,0:0:0:0:0:0:0:0:0:0:9:0:0:0:0:0:0:0:0:0:0:0:0:0:0:0:0:0:0:0:0:0:0:0:2:6:1:0:1:0:0:0:0:0:0:0:0:2:0:0:0:0:0:0:0:0:0:0:0:0:0:0:0:0:0:0
mtfs-sentinel-dataset-v1,1,952,1398033974,1229212993,156940016,1100000,1,511,0,1,normal,142,Release,record,natural,natural,0,none,0,0,0,0,0,142,9,16,9,0,9,0,5992,665,10,17,10,0,10,0,48379,4837,2,0,2,0,2,0,11,5,0,0,0,0,0,0,0,15,1,0,0,0,0,0,0,0:0:0:0:0:0:0:0:0:0:9:0:0:0:0:0:0:0:0:0:0:0:0:0:0:0:0:0:0:0:0:0:0:0:1:9:0:0:0:0:0:0:0:0:0:0:0:2:0:0:0:0:0:0:0:0:0:0:0:0:0:0:0:0:0:0
mtfs-sentinel-dataset-v1,1,952,1398033974,1229212993,158040016,1100000,1,511,0,1,normal,143,Release,record,natural,natural,0,none,0,0,0,0,0,143,9,16,9,0,9,0,6242,693,10,17,10,0,10,0,47025,4702,2,0,2,0,2,0,10,5,0,0,0,0,0,0,0,15,1,0,0,0,0,0,0,0:0:0:0:0:0:0:0:0:0:8:1:0:0:0:0:0:0:0:0:0:0:0:0:0:0:0:0:0:0:0:0:0:0:2:8:0:0:0:0:0:0:0:0:0:0:0:2:0:0:0:0:0:0:0:0:0:0:0:0:0:0:0:0:0:0
mtfs-sentinel-dataset-v1,1,952,1398033974,1229212993,159140016,1100000,1,511,0,1,normal,144,Release,record,natural,natural,0,none,0,0,0,0,0,144,9,16,9,0,9,0,6175,686,10,17,10,0,10,0,48115,4811,2,0,2,0,2,0,10,5,0,0,0,0,0,0,0,15,1,0,0,0,0,0,0,0:0:0:0:0:0:0:0:0:0:8:1:0:0:0:0:0:0:0:0:0:0:0:0:0:0:0:0:0:0:0:0:0:0:2:8:0:0:0:0:0:0:0:0:0:0:0:2:0:0:0:0:0:0:0:0:0:0:0:0:0:0:0:0:0:0
mtfs-sentinel-dataset-v1,1,952,1398033974,1229212993,160230016,1090000,1,511,0,1,normal,145,Release,record,natural,natural,0,none,0,0,0,0,0,145,9,16,9,0,9,0,6081,675,10,17,10,0,10,0,45278,4527,2,0,2,0,2,0,11,5,0,0,0,0,0,0,0,15,1,0,0,0,0,0,0,0:0:0:0:0:0:0:0:0:0:9:0:0:0:0:0:0:0:0:0:0:0:0:0:0:0:0:0:0:0:0:0:0:0:3:7:0:0:0:0:0:0:0:0:0:0:0:2:0:0:0:0:0:0:0:0:0:0:0:0:0:0:0:0:0:0
mtfs-sentinel-dataset-v1,1,952,1398033974,1229212993,161330016,1100000,1,511,0,1,normal,146,Release,record,natural,natural,0,none,0,0,0,0,0,146,9,16,9,0,9,0,6059,673,10,17,10,0,10,0,48713,4871,2,0,2,0,2,0,11,5,0,0,0,0,0,0,0,15,1,0,0,0,0,0,0,0:0:0:0:0:0:0:0:0:0:9:0:0:0:0:0:0:0:0:0:0:0:0:0:0:0:0:0:0:0:0:0:0:0:1:9:0:0:0:0:0:0:0:0:0:0:0:2:0:0:0:0:0:0:0:0:0:0:0:0:0:0:0:0:0:0
mtfs-sentinel-dataset-v1,1,952,1398033974,1229212993,162430016,1100000,1,511,0,1,normal,147,Release,record,natural,natural,0,none,0,0,0,0,0,147,9,16,9,0,9,0,6283,698,10,17,10,0,10,0,47120,4712,2,0,2,0,2,0,10,5,0,0,0,0,0,0,0,15,1,0,0,0,0,0,0,0:0:0:0:0:0:0:0:0:0:8:1:0:0:0:0:0:0:0:0:0:0:0:0:0:0:0:0:0:0:0:0:0:0:2:8:0:0:0:0:0:0:0:0:0:0:0:2:0:0:0:0:0:0:0:0:0:0:0:0:0:0:0:0:0:0
mtfs-sentinel-dataset-v1,1,952,1398033974,1229212993,163530016,1100000,1,511,0,1,normal,148,Release,record,natural,natural,0,none,0,0,0,0,0,148,9,16,9,0,9,0,6006,667,10,17,10,0,10,0,47577,4757,2,0,2,0,2,0,10,5,0,0,0,0,0,0,0,15,1,0,0,0,0,0,0,0:0:0:0:0:0:0:0:0:0:8:1:0:0:0:0:0:0:0:0:0:0:0:0:0:0:0:0:0:0:0:0:0:0:2:8:0:0:0:0:0:0:0:0:0:0:0:2:0:0:0:0:0:0:0:0:0:0:0:0:0:0:0:0:0:0
mtfs-sentinel-dataset-v1,1,952,1398033974,1229212993,164620016,1090000,1,511,0,1,normal,149,Release,record,natural,natural,0,none,0,0,0,0,0,149,9,16,9,0,9,0,6037,670,10,17,10,0,10,0,44982,4498,2,0,2,0,2,0,11,5,0,0,0,0,0,0,0,15,1,0,0,0,0,0,0,0:0:0:0:0:0:0:0:0:0:9:0:0:0:0:0:0:0:0:0:0:0:0:0:0:0:0:0:0:0:0:0:0:0:4:6:0:0:0:0:0:0:0:0:0:0:0:2:0:0:0:0:0:0:0:0:0:0:0:0:0:0:0:0:0:0
mtfs-sentinel-dataset-v1,1,952,1398033974,1229212993,165720016,1100000,1,511,0,1,normal,150,Release,record,natural,natural,0,none,0,0,0,0,0,150,9,16,9,0,9,0,6001,666,10,17,10,0,10,0,48193,4819,2,0,2,0,2,0,10,5,0,0,0,0,0,0,0,15,1,0,0,0,0,0,0,0:0:0:0:0:0:0:0:0:0:9:0:0:0:0:0:0:0:0:0:0:0:0:0:0:0:0:0:0:0:0:0:0:0:1:9:0:0:0:0:0:0:0:0:0:0:0:2:0:0:0:0:0:0:0:0:0:0:0:0:0:0:0:0:0:0
mtfs-sentinel-dataset-v1,1,952,1398033974,1229212993,166820016,1100000,1,511,0,1,normal,151,Release,record,natural,natural,0,none,0,0,0,0,0,151,9,16,9,0,9,0,6244,693,10,17,10,0,10,0,47070,4707,2,0,2,0,2,0,10,5,0,0,0,0,0,0,0,15,1,0,0,0,0,0,0,0:0:0:0:0:0:0:0:0:0:8:1:0:0:0:0:0:0:0:0:0:0:0:0:0:0:0:0:0:0:0:0:0:0:2:8:0:0:0:0:0:0:0:0:0:0:0:2:0:0:0:0:0:0:0:0:0:0:0:0:0:0:0:0:0:0
mtfs-sentinel-dataset-v1,1,952,1398033974,1229212993,167920016,1100000,1,511,0,1,normal,152,Release,record,natural,natural,0,none,0,0,0,0,0,152,9,16,9,0,9,0,6230,692,10,17,10,0,10,0,47559,4755,2,0,2,0,2,0,10,5,0,0,0,0,0,0,0,15,1,0,0,0,0,0,0,0:0:0:0:0:0:0:0:0:0:8:1:0:0:0:0:0:0:0:0:0:0:0:0:0:0:0:0:0:0:0:0:0:0:2:8:0:0:0:0:0:0:0:0:0:0:0:2:0:0:0:0:0:0:0:0:0:0:0:0:0:0:0:0:0:0
mtfs-sentinel-dataset-v1,1,952,1398033974,1229212993,169010016,1090000,1,511,0,1,normal,153,Release,record,natural,natural,0,none,0,0,0,0,0,153,9,16,9,0,9,0,6025,669,10,17,10,0,10,0,45028,4502,2,0,2,0,2,0,11,5,0,0,0,0,0,0,0,15,1,0,0,0,0,0,0,0:0:0:0:0:0:0:0:0:0:9:0:0:0:0:0:0:0:0:0:0:0:0:0:0:0:0:0:0:0:0:0:0:0:2:8:0:0:0:0:0:0:0:0:0:0:0:2:0:0:0:0:0:0:0:0:0:0:0:0:0:0:0:0:0:0
mtfs-sentinel-dataset-v1,1,952,1398033974,1229212993,170110016,1100000,1,511,0,1,normal,154,Release,record,natural,natural,0,none,0,0,0,0,0,154,9,16,9,0,9,0,6019,668,10,17,10,0,10,0,48383,4838,2,0,2,0,2,0,11,5,0,0,0,0,0,0,0,15,1,0,0,0,0,0,0,0:0:0:0:0:0:0:0:0:0:9:0:0:0:0:0:0:0:0:0:0:0:0:0:0:0:0:0:0:0:0:0:0:0:1:9:0:0:0:0:0:0:0:0:0:0:0:2:0:0:0:0:0:0:0:0:0:0:0:0:0:0:0:0:0:0
mtfs-sentinel-dataset-v1,1,952,1398033974,1229212993,171210016,1100000,1,511,0,1,normal,155,Release,record,natural,natural,0,none,0,0,0,0,0,155,9,16,9,0,9,0,6203,689,10,17,10,0,10,0,46997,4699,2,0,2,0,2,0,10,5,0,0,0,0,0,0,0,15,1,0,0,0,0,0,0,0:0:0:0:0:0:0:0:0:0:8:1:0:0:0:0:0:0:0:0:0:0:0:0:0:0:0:0:0:0:0:0:0:0:3:7:0:0:0:0:0:0:0:0:0:0:0:2:0:0:0:0:0:0:0:0:0:0:0:0:0:0:0:0:0:0
mtfs-sentinel-dataset-v1,1,952,1398033974,1229212993,172310016,1100000,1,511,0,1,normal,156,Release,record,natural,natural,0,none,0,0,0,0,0,156,9,16,9,0,9,0,6145,682,10,17,10,0,10,0,48010,4801,2,0,2,0,2,0,10,5,0,0,0,0,0,0,0,15,1,0,0,0,0,0,0,0:0:0:0:0:0:0:0:0:0:8:1:0:0:0:0:0:0:0:0:0:0:0:0:0:0:0:0:0:0:0:0:0:0:2:8:0:0:0:0:0:0:0:0:0:0:0:2:0:0:0:0:0:0:0:0:0:0:0:0:0:0:0:0:0:0
mtfs-sentinel-dataset-v1,1,952,1398033974,1229212993,173400016,1090000,1,511,0,1,normal,157,Release,record,natural,natural,0,none,0,0,0,0,0,157,9,16,9,0,9,0,6030,670,10,17,10,0,10,0,44852,4485,2,0,2,0,2,0,10,5,0,0,0,0,0,0,0,15,1,0,0,0,0,0,0,0:0:0:0:0:0:0:0:0:0:9:0:0:0:0:0:0:0:0:0:0:0:0:0:0:0:0:0:0:0:0:0:0:0:4:6:0:0:0:0:0:0:0:0:0:0:0:2:0:0:0:0:0:0:0:0:0:0:0:0:0:0:0:0:0:0
mtfs-sentinel-dataset-v1,1,952,1398033974,1229212993,174510016,1110000,1,511,0,1,normal,158,Release,record,natural,natural,0,none,0,0,0,0,0,158,9,16,9,0,9,0,6188,687,10,17,10,0,10,0,60820,6082,2,0,2,0,2,0,11,5,0,0,0,0,0,0,0,15,1,0,0,0,0,0,0,0:0:0:0:0:0:0:0:0:0:8:1:0:0:0:0:0:0:0:0:0:0:0:0:0:0:0:0:0:0:0:0:0:0:1:8:0:1:0:0:0:0:0:0:0:0:0:2:0:0:0:0:0:0:0:0:0:0:0:0:0:0:0:0:0:0
mtfs-sentinel-dataset-v1,1,952,1398033974,1229212993,175600016,1090000,1,511,0,1,normal,159,Release,record,natural,natural,0,none,0,0,0,0,0,159,9,16,9,0,9,0,6183,687,10,17,10,0,10,0,46236,4623,2,0,2,0,2,0,10,5,0,0,0,0,0,0,0,15,1,0,0,0,0,0,0,0:0:0:0:0:0:0:0:0:0:8:1:0:0:0:0:0:0:0:0:0:0:0:0:0:0:0:0:0:0:0:0:0:0:2:8:0:0:0:0:0:0:0:0:0:0:0:2:0:0:0:0:0:0:0:0:0:0:0:0:0:0:0:0:0:0
mtfs-sentinel-dataset-v1,1,952,1398033974,1229212993,176690016,1090000,1,511,0,1,normal,160,Release,record,natural,natural,0,none,0,0,0,0,0,160,9,16,9,0,9,0,5893,654,10,17,10,0,10,0,45965,4596,2,0,2,0,2,0,11,5,0,0,0,0,0,0,0,15,1,0,0,0,0,0,0,0:0:0:0:0:0:0:0:0:0:9:0:0:0:0:0:0:0:0:0:0:0:0:0:0:0:0:0:0:0:0:0:0:0:3:7:0:0:0:0:0:0:0:0:0:0:0:2:0:0:0:0:0:0:0:0:0:0:0:0:0:0:0:0:0:0
mtfs-sentinel-dataset-v1,1,952,1398033974,1229212993,177780016,1090000,1,511,0,1,normal,161,Release,record,natural,natural,0,none,0,0,0,0,0,161,9,16,9,0,9,0,6035,670,10,17,10,0,10,0,44159,4415,2,0,2,0,2,0,12,6,0,0,0,0,0,0,0,15,1,0,0,0,0,0,0,0:0:0:0:0:0:0:0:0:0:9:0:0:0:0:0:0:0:0:0:0:0:0:0:0:0:0:0:0:0:0:0:0:0:4:6:0:0:0:0:0:0:0:0:0:0:0:2:0:0:0:0:0:0:0:0:0:0:0:0:0:0:0:0:0:0
mtfs-sentinel-dataset-v1,1,952,1398033974,1229212993,178880016,1100000,1,511,0,1,normal,162,Release,record,natural,natural,0,none,0,0,0,0,0,162,9,16,9,0,9,0,6258,695,10,17,10,0,10,0,48786,4878,2,0,2,0,2,0,10,5,0,0,0,0,0,0,0,15,1,0,0,0,0,0,0,0:0:0:0:0:0:0:0:0:0:8:1:0:0:0:0:0:0:0:0:0:0:0:0:0:0:0:0:0:0:0:0:0:0:1:9:0:0:0:0:0:0:0:0:0:0:0:2:0:0:0:0:0:0:0:0:0:0:0:0:0:0:0:0:0:0
mtfs-sentinel-dataset-v1,1,952,1398033974,1229212993,179970016,1090000,1,511,0,1,normal,163,Release,record,natural,natural,0,none,0,0,0,0,0,163,9,16,9,0,9,0,6073,674,10,17,10,0,10,0,46114,4611,2,0,2,0,2,0,10,5,0,0,0,0,0,0,0,15,1,0,0,0,0,0,0,0:0:0:0:0:0:0:0:0:0:9:0:0:0:0:0:0:0:0:0:0:0:0:0:0:0:0:0:0:0:0:0:0:0:3:7:0:0:0:0:0:0:0:0:0:0:0:2:0:0:0:0:0:0:0:0:0:0:0:0:0:0:0:0:0:0
mtfs-sentinel-dataset-v1,1,952,1398033974,1229212993,181060016,1090000,1,511,0,1,normal,164,Release,record,natural,natural,0,none,0,0,0,0,0,164,9,16,9,0,9,0,5931,659,10,17,10,0,10,0,46001,4600,2,0,2,0,2,0,10,5,0,0,0,0,0,0,0,15,1,0,0,0,0,0,0,0:0:0:0:0:0:0:0:0:0:9:0:0:0:0:0:0:0:0:0:0:0:0:0:0:0:0:0:0:0:0:0:0:0:3:7:0:0:0:0:0:0:0:0:0:0:0:2:0:0:0:0:0:0:0:0:0:0:0:0:0:0:0:0:0:0
mtfs-sentinel-dataset-v1,1,952,1398033974,1229212993,182150016,1090000,1,511,0,1,normal,165,Release,record,natural,natural,0,none,0,0,0,0,0,165,9,16,9,0,9,0,5966,662,10,17,10,0,10,0,43749,4374,2,0,2,0,2,0,11,5,0,0,0,0,0,0,0,15,1,0,0,0,0,0,0,0:0:0:0:0:0:0:0:0:0:9:0:0:0:0:0:0:0:0:0:0:0:0:0:0:0:0:0:0:0:0:0:0:0:4:6:0:0:0:0:0:0:0:0:0:0:0:2:0:0:0:0:0:0:0:0:0:0:0:0:0:0:0:0:0:0
mtfs-sentinel-dataset-v1,1,952,1398033974,1229212993,183250016,1100000,1,511,0,1,normal,166,Release,record,natural,natural,0,none,0,0,0,0,0,166,9,16,9,0,9,0,6029,669,10,17,10,0,10,0,48118,4811,2,0,2,0,2,0,10,5,0,0,0,0,0,0,0,15,1,0,0,0,0,0,0,0:0:0:0:0:0:0:0:0:0:8:1:0:0:0:0:0:0:0:0:0:0:0:0:0:0:0:0:0:0:0:0:0:0:1:9:0:0:0:0:0:0:0:0:0:0:0:2:0:0:0:0:0:0:0:0:0:0:0:0:0:0:0:0:0:0
mtfs-sentinel-dataset-v1,1,952,1398033974,1229212993,184340016,1090000,1,511,0,1,normal,167,Release,record,natural,natural,0,none,0,0,0,0,0,167,9,16,9,0,9,0,5962,662,10,17,10,0,10,0,43111,4311,2,0,2,0,2,0,10,5,0,0,0,0,0,0,0,15,1,0,0,0,0,0,0,0:0:0:0:0:0:0:0:0:0:8:1:0:0:0:0:0:0:0:0:0:0:0:0:0:0:0:0:0:0:0:0:0:0:6:4:0:0:0:0:0:0:0:0:0:0:0:2:0:0:0:0:0:0:0:0:0:0:0:0:0:0:0:0:0:0
mtfs-sentinel-dataset-v1,1,952,1398033974,1229212993,185470016,1130000,1,511,0,1,normal,168,Release,record,natural,natural,0,none,0,0,0,0,0,168,9,16,9,0,9,0,5784,642,10,17,10,0,10,0,79245,7924,2,0,2,0,2,0,10,5,0,0,0,0,0,0,0,15,1,0,0,0,0,0,0,0:0:0:0:0:0:0:0:0:0:9:0:0:0:0:0:0:0:0:0:0:0:0:0:0:0:0:0:0:0:0:0:0:0:2:7:0:0:1:0:0:0:0:0:0:0:0:2:0:0:0:0:0:0:0:0:0:0:0:0:0:0:0:0:0:0
mtfs-sentinel-dataset-v1,1,952,1398033974,1229212993,186570016,1100000,1,511,0,1,normal,169,Release,record,natural,natural,0,none,0,0,0,0,0,169,9,16,9,0,9,0,5822,646,10,17,10,0,10,0,51507,5150,2,0,2,0,2,0,12,6,0,0,0,0,0,0,0,15,1,0,0,0,0,0,0,0:0:0:0:0:0:0:0:0:0:9:0:0:0:0:0:0:0:0:0:0:0:0:0:0:0:0:0:0:0:0:0:0:0:3:6:1:0:0:0:0:0:0:0:0:0:0:2:0:0:0:0:0:0:0:0:0:0:0:0:0:0:0:0:0:0
mtfs-sentinel-dataset-v1,1,952,1398033974,1229212993,187660016,1090000,1,511,0,1,normal,170,Release,record,natural,natural,0,none,0,0,0,0,0,170,9,16,9,0,9,0,6125,680,10,17,10,0,10,0,44359,4435,2,0,2,0,2,0,10,5,0,0,0,0,0,0,0,15,1,0,0,0,0,0,0,0:0:0:0:0:0:0:0:0:0:8:1:0:0:0:0:0:0:0:0:0:0:0:0:0:0:0:0:0:0:0:0:0:0:3:7:0:0:0:0:0:0:0:0:0:0:0:2:0:0:0:0:0:0:0:0:0:0:0:0:0:0:0:0:0:0
mtfs-sentinel-dataset-v1,1,952,1398033974,1229212993,188750016,1090000,1,511,0,1,normal,171,Release,record,natural,natural,0,none,0,0,0,0,0,171,9,16,9,0,9,0,6010,667,10,17,10,0,10,0,44430,4443,2,0,2,0,2,0,10,5,0,0,0,0,0,0,0,15,1,0,0,0,0,0,0,0:0:0:0:0:0:0:0:0:0:9:0:0:0:0:0:0:0:0:0:0:0:0:0:0:0:0:0:0:0:0:0:0:0:4:6:0:0:0:0:0:0:0:0:0:0:0:2:0:0:0:0:0:0:0:0:0:0:0:0:0:0:0:0:0:0
mtfs-sentinel-dataset-v1,1,952,1398033974,1229212993,189850016,1100000,1,511,0,1,normal,172,Release,record,natural,natural,0,none,0,0,0,0,0,172,9,16,9,0,9,0,5879,653,10,17,10,0,10,0,46883,4688,2,0,2,0,2,0,11,5,0,0,0,0,0,0,0,15,1,0,0,0,0,0,0,0:0:0:0:0:0:0:0:0:0:9:0:0:0:0:0:0:0:0:0:0:0:0:0:0:0:0:0:0:0:0:0:0:0:3:7:0:0:0:0:0:0:0:0:0:0:0:2:0:0:0:0:0:0:0:0:0:0:0:0:0:0:0:0:0:0
mtfs-sentinel-dataset-v1,1,952,1398033974,1229212993,190940016,1090000,1,511,0,1,normal,173,Release,record,natural,natural,0,none,0,0,0,0,0,173,9,16,9,0,9,0,5983,664,10,17,10,0,10,0,45959,4595,2,0,2,0,2,0,10,5,0,0,0,0,0,0,0,15,1,0,0,0,0,0,0,0:0:0:0:0:0:0:0:0:0:9:0:0:0:0:0:0:0:0:0:0:0:0:0:0:0:0:0:0:0:0:0:0:0:2:8:0:0:0:0:0:0:0:0:0:0:0:2:0:0:0:0:0:0:0:0:0:0:0:0:0:0:0:0:0:0
mtfs-sentinel-dataset-v1,1,952,1398033974,1229212993,192040016,1100000,1,511,0,1,normal,174,Release,record,natural,natural,0,none,0,0,0,0,0,174,9,16,9,0,9,0,5932,659,10,17,10,0,10,0,47810,4781,2,0,2,0,2,0,10,5,0,0,0,0,0,0,0,15,1,0,0,0,0,0,0,0:0:0:0:0:0:0:0:0:0:9:0:0:0:0:0:0:0:0:0:0:0:0:0:0:0:0:0:0:0:0:0:0:0:2:8:0:0:0:0:0:0:0:0:0:0:0:2:0:0:0:0:0:0:0:0:0:0:0:0:0:0:0:0:0:0
mtfs-sentinel-dataset-v1,1,952,1398033974,1229212993,193130016,1090000,1,511,0,1,normal,175,Release,record,natural,natural,0,none,0,0,0,0,0,175,9,16,9,0,9,0,5880,653,10,17,10,0,10,0,44160,4416,2,0,2,0,2,0,11,5,0,0,0,0,0,0,0,15,1,0,0,0,0,0,0,0:0:0:0:0:0:0:0:0:0:9:0:0:0:0:0:0:0:0:0:0:0:0:0:0:0:0:0:0:0:0:0:0:0:4:6:0:0:0:0:0:0:0:0:0:0:0:2:0:0:0:0:0:0:0:0:0:0:0:0:0:0:0:0:0:0
mtfs-sentinel-dataset-v1,1,952,1398033974,1229212993,194230016,1100000,1,511,0,1,normal,176,Release,record,natural,natural,0,none,0,0,0,0,0,176,9,16,9,0,9,0,6018,668,10,17,10,0,10,0,46601,4660,2,0,2,0,2,0,10,5,0,0,0,0,0,0,0,15,1,0,0,0,0,0,0,0:0:0:0:0:0:0:0:0:0:9:0:0:0:0:0:0:0:0:0:0:0:0:0:0:0:0:0:0:0:0:0:0:0:3:7:0:0:0:0:0:0:0:0:0:0:0:2:0:0:0:0:0:0:0:0:0:0:0:0:0:0:0:0:0:0
mtfs-sentinel-dataset-v1,1,952,1398033974,1229212993,195320016,1090000,1,511,0,1,normal,177,Release,record,natural,natural,0,none,0,0,0,0,0,177,9,16,9,0,9,0,5968,663,10,17,10,0,10,0,45723,4572,2,0,2,0,2,0,11,5,0,0,0,0,0,0,0,15,1,0,0,0,0,0,0,0:0:0:0:0:0:0:0:0:0:9:0:0:0:0:0:0:0:0:0:0:0:0:0:0:0:0:0:0:0:0:0:0:0:3:7:0:0:0:0:0:0:0:0:0:0:0:2:0:0:0:0:0:0:0:0:0:0:0:0:0:0:0:0:0:0
mtfs-sentinel-dataset-v1,1,952,1398033974,1229212993,196420016,1100000,1,511,0,1,normal,178,Release,record,natural,natural,0,none,0,0,0,0,0,178,9,16,9,0,9,0,6031,670,10,17,10,0,10,0,47364,4736,2,0,2,0,2,0,11,5,0,0,0,0,0,0,0,15,1,0,0,0,0,0,0,0:0:0:0:0:0:0:0:0:0:9:0:0:0:0:0:0:0:0:0:0:0:0:0:0:0:0:0:0:0:0:0:0:0:2:8:0:0:0:0:0:0:0:0:0:0:0:2:0:0:0:0:0:0:0:0:0:0:0:0:0:0:0:0:0:0
mtfs-sentinel-dataset-v1,1,952,1398033974,1229212993,197510016,1090000,1,511,0,1,normal,179,Release,record,natural,natural,0,none,0,0,0,0,0,179,9,16,9,0,9,0,5889,654,10,17,10,0,10,0,44217,4421,2,0,2,0,2,0,10,5,0,0,0,0,0,0,0,15,1,0,0,0,0,0,0,0:0:0:0:0:0:0:0:0:0:9:0:0:0:0:0:0:0:0:0:0:0:0:0:0:0:0:0:0:0:0:0:0:0:5:5:0:0:0:0:0:0:0:0:0:0:0:2:0:0:0:0:0:0:0:0:0:0:0:0:0:0:0:0:0:0
mtfs-sentinel-dataset-v1,1,952,1398033974,1229212993,198600016,1090000,1,511,0,1,normal,180,Release,record,natural,natural,0,none,0,0,0,0,0,180,9,16,9,0,9,0,6064,673,10,17,10,0,10,0,46355,4635,2,0,2,0,2,0,11,5,0,0,0,0,0,0,0,15,1,0,0,0,0,0,0,0:0:0:0:0:0:0:0:0:0:9:0:0:0:0:0:0:0:0:0:0:0:0:0:0:0:0:0:0:0:0:0:0:0:3:7:0:0:0:0:0:0:0:0:0:0:0:2:0:0:0:0:0:0:0:0:0:0:0:0:0:0:0:0:0:0
mtfs-sentinel-dataset-v1,1,952,1398033974,1229212993,199690016,1090000,1,511,0,1,normal,181,Release,record,natural,natural,0,none,0,0,0,0,0,181,9,16,9,0,9,0,5997,666,10,17,10,0,10,0,45530,4553,2,0,2,0,2,0,11,5,0,0,0,0,0,0,0,15,1,0,0,0,0,0,0,0:0:0:0:0:0:0:0:0:0:9:0:0:0:0:0:0:0:0:0:0:0:0:0:0:0:0:0:0:0:0:0:0:0:4:6:0:0:0:0:0:0:0:0:0:0:0:2:0:0:0:0:0:0:0:0:0:0:0:0:0:0:0:0:0:0
mtfs-sentinel-dataset-v1,1,952,1398033974,1229212993,200790016,1100000,1,511,0,1,normal,182,Release,record,natural,natural,0,none,0,0,0,0,0,182,9,16,9,0,9,0,6204,689,10,17,10,0,10,0,48656,4865,2,0,2,0,2,0,12,6,0,0,0,0,0,0,0,15,1,0,0,0,0,0,0,0:0:0:0:0:0:0:0:0:0:8:1:0:0:0:0:0:0:0:0:0:0:0:0:0:0:0:0:0:0:0:0:0:0:1:9:0:0:0:0:0:0:0:0:0:0:0:2:0:0:0:0:0:0:0:0:0:0:0:0:0:0:0:0:0:0
mtfs-sentinel-dataset-v1,1,952,1398033974,1229212993,201880016,1090000,1,511,0,1,normal,183,Release,record,natural,natural,0,none,0,0,0,0,0,183,9,16,9,0,9,0,6224,691,10,17,10,0,10,0,45214,4521,2,0,2,0,2,0,11,5,0,0,0,0,0,0,0,15,1,0,0,0,0,0,0,0:0:0:0:0:0:0:0:0:0:8:1:0:0:0:0:0:0:0:0:0:0:0:0:0:0:0:0:0:0:0:0:0:0:4:6:0:0:0:0:0:0:0:0:0:0:0:2:0:0:0:0:0:0:0:0:0:0:0:0:0:0:0:0:0:0
mtfs-sentinel-dataset-v1,1,952,1398033974,1229212993,202980016,1100000,1,511,0,1,normal,184,Release,record,natural,natural,0,none,0,0,0,0,0,184,9,16,9,0,9,0,6009,667,10,17,10,0,10,0,46647,4664,2,0,2,0,2,0,11,5,0,0,0,0,0,0,0,15,1,0,0,0,0,0,0,0:0:0:0:0:0:0:0:0:0:9:0:0:0:0:0:0:0:0:0:0:0:0:0:0:0:0:0:0:0:0:0:0:0:3:7:0:0:0:0:0:0:0:0:0:0:0:2:0:0:0:0:0:0:0:0:0:0:0:0:0:0:0:0:0:0
mtfs-sentinel-dataset-v1,1,952,1398033974,1229212993,204070016,1090000,1,511,0,1,normal,185,Release,record,natural,natural,0,none,0,0,0,0,0,185,9,16,9,0,9,0,6043,671,10,17,10,0,10,0,45847,4584,2,0,2,0,2,0,10,5,0,0,0,0,0,0,0,15,1,0,0,0,0,0,0,0:0:0:0:0:0:0:0:0:0:9:0:0:0:0:0:0:0:0:0:0:0:0:0:0:0:0:0:0:0:0:0:0:0:3:7:0:0:0:0:0:0:0:0:0:0:0:2:0:0:0:0:0:0:0:0:0:0:0:0:0:0:0:0:0:0
mtfs-sentinel-dataset-v1,1,952,1398033974,1229212993,205170016,1100000,1,511,0,1,normal,186,Release,record,natural,natural,0,none,0,0,0,0,0,186,9,16,9,0,9,0,6234,692,10,17,10,0,10,0,49032,4903,2,0,2,0,2,0,10,5,0,0,0,0,0,0,0,15,1,0,0,0,0,0,0,0:0:0:0:0:0:0:0:0:0:8:1:0:0:0:0:0:0:0:0:0:0:0:0:0:0:0:0:0:0:0:0:0:0:1:9:0:0:0:0:0:0:0:0:0:0:0:2:0:0:0:0:0:0:0:0:0:0:0:0:0:0:0:0:0:0
mtfs-sentinel-dataset-v1,1,952,1398033974,1229212993,206260016,1090000,1,511,0,1,normal,187,Release,record,natural,natural,0,none,0,0,0,0,0,187,9,16,9,0,9,0,6079,675,10,17,10,0,10,0,45325,4532,2,0,2,0,2,0,10,5,0,0,0,0,0,0,0,15,1,0,0,0,0,0,0,0:0:0:0:0:0:0:0:0:0:8:1:0:0:0:0:0:0:0:0:0:0:0:0:0:0:0:0:0:0:0:0:0:0:3:7:0:0:0:0:0:0:0:0:0:0:0:2:0:0:0:0:0:0:0:0:0:0:0:0:0:0:0:0:0:0
mtfs-sentinel-dataset-v1,1,952,1398033974,1229212993,207360016,1100000,1,511,0,1,normal,188,Release,record,natural,natural,0,none,0,0,0,0,0,188,9,16,9,0,9,0,6056,672,10,17,10,0,10,0,47077,4707,2,0,2,0,2,0,11,5,0,0,0,0,0,0,0,15,1,0,0,0,0,0,0,0:0:0:0:0:0:0:0:0:0:9:0:0:0:0:0:0:0:0:0:0:0:0:0:0:0:0:0:0:0:0:0:0:0:3:7:0:0:0:0:0:0:0:0:0:0:0:2:0:0:0:0:0:0:0:0:0:0:0:0:0:0:0:0:0:0
mtfs-sentinel-dataset-v1,1,952,1398033974,1229212993,208450016,1090000,1,511,0,1,normal,189,Release,record,natural,natural,0,none,0,0,0,0,0,189,9,16,9,0,9,0,6036,670,10,17,10,0,10,0,45791,4579,2,0,2,0,2,0,10,5,0,0,0,0,0,0,0,15,1,0,0,0,0,0,0,0:0:0:0:0:0:0:0:0:0:9:0:0:0:0:0:0:0:0:0:0:0:0:0:0:0:0:0:0:0:0:0:0:0:4:6:0:0:0:0:0:0:0:0:0:0:0:2:0:0:0:0:0:0:0:0:0:0:0:0:0:0:0:0:0:0
mtfs-sentinel-dataset-v1,1,952,1398033974,1229212993,209550016,1100000,1,511,0,1,normal,190,Release,record,natural,natural,0,none,0,0,0,0,0,190,9,16,9,0,9,0,6237,693,10,17,10,0,10,0,48929,4892,2,0,2,0,2,0,11,5,0,0,0,0,0,0,0,15,1,0,0,0,0,0,0,0:0:0:0:0:0:0:0:0:0:8:1:0:0:0:0:0:0:0:0:0:0:0:0:0:0:0:0:0:0:0:0:0:0:1:9:0:0:0:0:0:0:0:0:0:0:0:2:0:0:0:0:0:0:0:0:0:0:0:0:0:0:0:0:0:0
mtfs-sentinel-dataset-v1,1,952,1398033974,1229212993,210640016,1090000,1,511,0,1,normal,191,Release,record,natural,natural,0,none,0,0,0,0,0,191,9,16,9,0,9,0,6134,681,10,17,10,0,10,0,45216,4521,2,0,2,0,2,0,12,6,0,0,0,0,0,0,0,15,1,0,0,0,0,0,0,0:0:0:0:0:0:0:0:0:0:8:1:0:0:0:0:0:0:0:0:0:0:0:0:0:0:0:0:0:0:0:0:0:0:3:7:0:0:0:0:0:0:0:0:0:0:0:2:0:0:0:0:0:0:0:0:0:0:0:0:0:0:0:0:0:0
mtfs-sentinel-dataset-v1,1,952,1398033974,1229212993,211740016,1100000,1,511,0,1,normal,192,Release,record,natural,natural,0,none,0,0,0,0,0,192,9,16,9,0,9,0,6040,671,10,17,10,0,10,0,46762,4676,2,0,2,0,2,0,10,5,0,0,0,0,0,0,0,15,1,0,0,0,0,0,0,0:0:0:0:0:0:0:0:0:0:9:0:0:0:0:0:0:0:0:0:0:0:0:0:0:0:0:0:0:0:0:0:0:0:3:7:0:0:0:0:0:0:0:0:0:0:0:2:0:0:0:0:0:0:0:0:0:0:0:0:0:0:0:0:0:0
mtfs-sentinel-dataset-v1,1,952,1398033974,1229212993,212830016,1090000,1,511,0,1,normal,193,Release,record,natural,natural,0,none,0,0,0,0,0,193,9,16,9,0,9,0,6037,670,10,17,10,0,10,0,45609,4560,2,0,2,0,2,0,11,5,0,0,0,0,0,0,0,15,1,0,0,0,0,0,0,0:0:0:0:0:0:0:0:0:0:9:0:0:0:0:0:0:0:0:0:0:0:0:0:0:0:0:0:0:0:0:0:0:0:3:7:0:0:0:0:0:0:0:0:0:0:0:2:0:0:0:0:0:0:0:0:0:0:0:0:0:0:0:0:0:0
mtfs-sentinel-dataset-v1,1,952,1398033974,1229212993,213930016,1100000,1,511,0,1,normal,194,Release,record,natural,natural,0,none,0,0,0,0,0,194,9,16,9,0,9,0,6274,697,10,17,10,0,10,0,48795,4879,2,0,2,0,2,0,11,5,0,0,0,0,0,0,0,15,1,0,0,0,0,0,0,0:0:0:0:0:0:0:0:0:0:8:1:0:0:0:0:0:0:0:0:0:0:0:0:0:0:0:0:0:0:0:0:0:0:1:9:0:0:0:0:0:0:0:0:0:0:0:2:0:0:0:0:0:0:0:0:0:0:0:0:0:0:0:0:0:0
mtfs-sentinel-dataset-v1,1,952,1398033974,1229212993,215020016,1090000,1,511,0,1,normal,195,Release,record,natural,natural,0,none,0,0,0,0,0,195,9,16,9,0,9,0,6234,692,10,17,10,0,10,0,44933,4493,2,0,2,0,2,0,11,5,0,0,0,0,0,0,0,15,1,0,0,0,0,0,0,0:0:0:0:0:0:0:0:0:0:8:1:0:0:0:0:0:0:0:0:0:0:0:0:0:0:0:0:0:0:0:0:0:0:4:6:0:0:0:0:0:0:0:0:0:0:0:2:0:0:0:0:0:0:0:0:0:0:0:0:0:0:0:0:0:0
mtfs-sentinel-dataset-v1,1,952,1398033974,1229212993,216120016,1100000,1,511,0,1,normal,196,Release,record,natural,natural,0,none,0,0,0,0,0,196,9,16,9,0,9,0,5945,660,10,17,10,0,10,0,46596,4659,2,0,2,0,2,0,11,5,0,0,0,0,0,0,0,15,1,0,0,0,0,0,0,0:0:0:0:0:0:0:0:0:0:9:0:0:0:0:0:0:0:0:0:0:0:0:0:0:0:0:0:0:0:0:0:0:0:3:7:0:0:0:0:0:0:0:0:0:0:0:2:0:0:0:0:0:0:0:0:0:0:0:0:0:0:0:0:0:0
mtfs-sentinel-dataset-v1,1,952,1398033974,1229212993,217220016,1100000,1,511,0,1,normal,197,Release,record,natural,natural,0,none,0,0,0,0,0,197,9,16,9,0,9,0,5953,661,10,17,10,0,10,0,51688,5168,2,0,2,0,2,0,10,5,0,0,0,0,0,0,0,15,1,0,0,0,0,0,0,0:0:0:0:0:0:0:0:0:0:9:0:0:0:0:0:0:0:0:0:0:0:0:0:0:0:0:0:0:0:0:0:0:0:2:7:1:0:0:0:0:0:0:0:0:0:0:2:0:0:0:0:0:0:0:0:0:0:0:0:0:0:0:0:0:0
mtfs-sentinel-dataset-v1,1,952,1398033974,1229212993,218320016,1100000,1,511,0,1,normal,198,Release,record,natural,natural,0,none,0,0,0,0,0,198,9,16,9,0,9,0,6221,691,10,17,10,0,10,0,48482,4848,2,0,2,0,2,0,10,5,0,0,0,0,0,0,0,15,1,0,0,0,0,0,0,0:0:0:0:0:0:0:0:0:0:8:1:0:0:0:0:0:0:0:0:0:0:0:0:0:0:0:0:0:0:0:0:0:0:1:9:0:0:0:0:0:0:0:0:0:0:0:2:0:0:0:0:0:0:0:0:0:0:0:0:0:0:0:0:0:0
mtfs-sentinel-dataset-v1,1,952,1398033974,1229212993,219410016,1090000,1,511,0,1,normal,199,Release,record,natural,natural,0,none,0,0,0,0,0,199,9,16,9,0,9,0,6173,685,10,17,10,0,10,0,44967,4496,2,0,2,0,2,0,10,5,0,0,0,0,0,0,0,15,1,0,0,0,0,0,0,0:0:0:0:0:0:0:0:0:0:8:1:0:0:0:0:0:0:0:0:0:0:0:0:0:0:0:0:0:0:0:0:0:0:4:6:0:0:0:0:0:0:0:0:0:0:0:2:0:0:0:0:0:0:0:0:0:0:0:0:0:0:0:0:0:0
mtfs-sentinel-dataset-v1,1,952,1398033974,1229212993,220510016,1100000,1,511,0,1,normal,200,Release,record,natural,natural,0,none,0,0,0,0,0,200,9,16,9,0,9,0,5971,663,10,17,10,0,10,0,46544,4654,2,0,2,0,2,0,10,5,0,0,0,0,0,0,0,15,1,0,0,0,0,0,0,0:0:0:0:0:0:0:0:0:0:9:0:0:0:0:0:0:0:0:0:0:0:0:0:0:0:0:0:0:0:0:0:0:0:3:7:0:0:0:0:0:0:0:0:0:0:0:2:0:0:0:0:0:0:0:0:0:0:0:0:0:0:0:0:0:0
mtfs-sentinel-dataset-v1,1,952,1398033974,1229212993,221600016,1090000,1,511,0,1,normal,201,Release,record,natural,natural,0,none,0,0,0,0,0,201,9,16,9,0,9,0,6038,670,10,17,10,0,10,0,45584,4558,2,0,2,0,2,0,11,5,0,0,0,0,0,0,0,15,1,0,0,0,0,0,0,0:0:0:0:0:0:0:0:0:0:9:0:0:0:0:0:0:0:0:0:0:0:0:0:0:0:0:0:0:0:0:0:0:0:4:6:0:0:0:0:0:0:0:0:0:0:0:2:0:0:0:0:0:0:0:0:0:0:0:0:0:0:0:0:0:0
mtfs-sentinel-dataset-v1,1,952,1398033974,1229212993,222700016,1100000,1,511,0,1,normal,202,Release,record,natural,natural,0,none,0,0,0,0,0,202,9,16,9,0,9,0,6214,690,10,17,10,0,10,0,48556,4855,2,0,2,0,2,0,12,6,0,0,0,0,0,0,0,15,1,0,0,0,0,0,0,0:0:0:0:0:0:0:0:0:0:8:1:0:0:0:0:0:0:0:0:0:0:0:0:0:0:0:0:0:0:0:0:0:0:1:9:0:0:0:0:0:0:0:0:0:0:0:2:0:0:0:0:0:0:0:0:0:0:0:0:0:0:0:0:0:0
mtfs-sentinel-dataset-v1,1,952,1398033974,1229212993,223790016,1090000,1,511,0,1,normal,203,Release,record,natural,natural,0,none,0,0,0,0,0,203,9,16,9,0,9,0,6071,674,10,17,10,0,10,0,44942,4494,2,0,2,0,2,0,11,5,0,0,0,0,0,0,0,15,1,0,0,0,0,0,0,0:0:0:0:0:0:0:0:0:0:8:1:0:0:0:0:0:0:0:0:0:0:0:0:0:0:0:0:0:0:0:0:0:0:5:5:0:0:0:0:0:0:0:0:0:0:0:2:0:0:0:0:0:0:0:0:0:0:0:0:0:0:0:0:0:0
mtfs-sentinel-dataset-v1,1,952,1398033974,1229212993,224890016,1100000,1,511,0,1,normal,204,Release,record,natural,natural,0,none,0,0,0,0,0,204,9,16,9,0,9,0,5980,664,10,17,10,0,10,0,46711,4671,2,0,2,0,2,0,10,5,0,0,0,0,0,0,0,15,1,0,0,0,0,0,0,0:0:0:0:0:0:0:0:0:0:9:0:0:0:0:0:0:0:0:0:0:0:0:0:0:0:0:0:0:0:0:0:0:0:3:7:0:0:0:0:0:0:0:0:0:0:0:2:0:0:0:0:0:0:0:0:0:0:0:0:0:0:0:0:0:0
mtfs-sentinel-dataset-v1,1,952,1398033974,1229212993,225980016,1090000,1,511,0,1,normal,205,Release,record,natural,natural,0,none,0,0,0,0,0,205,9,16,9,0,9,0,6050,672,10,17,10,0,10,0,45514,4551,2,0,2,0,2,0,10,5,0,0,0,0,0,0,0,15,1,0,0,0,0,0,0,0:0:0:0:0:0:0:0:0:0:9:0:0:0:0:0:0:0:0:0:0:0:0:0:0:0:0:0:0:0:0:0:0:0:4:6:0:0:0:0:0:0:0:0:0:0:0:2:0:0:0:0:0:0:0:0:0:0:0:0:0:0:0:0:0:0
mtfs-sentinel-dataset-v1,1,952,1398033974,1229212993,227080016,1100000,1,511,0,1,normal,206,Release,record,natural,natural,0,none,0,0,0,0,0,206,9,16,9,0,9,0,6208,689,10,17,10,0,10,0,48562,4856,2,0,2,0,2,0,10,5,0,0,0,0,0,0,0,15,1,0,0,0,0,0,0,0:0:0:0:0:0:0:0:0:0:8:1:0:0:0:0:0:0:0:0:0:0:0:0:0:0:0:0:0:0:0:0:0:0:1:9:0:0:0:0:0:0:0:0:0:0:0:2:0:0:0:0:0:0:0:0:0:0:0:0:0:0:0:0:0:0
mtfs-sentinel-dataset-v1,1,952,1398033974,1229212993,228170016,1090000,1,511,0,1,normal,207,Release,record,natural,natural,0,none,0,0,0,0,0,207,9,16,9,0,9,0,6139,682,10,17,10,0,10,0,45048,4504,2,0,2,0,2,0,11,5,0,0,0,0,0,0,0,15,1,0,0,0,0,0,0,0:0:0:0:0:0:0:0:0:0:8:1:0:0:0:0:0:0:0:0:0:0:0:0:0:0:0:0:0:0:0:0:0:0:4:6:0:0:0:0:0:0:0:0:0:0:0:2:0:0:0:0:0:0:0:0:0:0:0:0:0:0:0:0:0:0
mtfs-sentinel-dataset-v1,1,952,1398033974,1229212993,229270016,1100000,1,511,0,1,normal,208,Release,record,natural,natural,0,none,0,0,0,0,0,208,9,16,9,0,9,0,6027,669,10,17,10,0,10,0,46509,4650,2,0,2,0,2,0,10,5,0,0,0,0,0,0,0,15,1,0,0,0,0,0,0,0:0:0:0:0:0:0:0:0:0:9:0:0:0:0:0:0:0:0:0:0:0:0:0:0:0:0:0:0:0:0:0:0:0:3:7:0:0:0:0:0:0:0:0:0:0:0:2:0:0:0:0:0:0:0:0:0:0:0:0:0:0:0:0:0:0
mtfs-sentinel-dataset-v1,1,952,1398033974,1229212993,230360016,1090000,1,511,0,1,normal,209,Release,record,natural,natural,0,none,0,0,0,0,0,209,9,16,9,0,9,0,6079,675,10,17,10,0,10,0,45368,4536,2,0,2,0,2,0,10,5,0,0,0,0,0,0,0,15,1,0,0,0,0,0,0,0:0:0:0:0:0:0:0:0:0:9:0:0:0:0:0:0:0:0:0:0:0:0:0:0:0:0:0:0:0:0:0:0:0:5:5:0:0:0:0:0:0:0:0:0:0:0:2:0:0:0:0:0:0:0:0:0:0:0:0:0:0:0:0:0:0
mtfs-sentinel-dataset-v1,1,952,1398033974,1229212993,231460016,1100000,1,511,0,1,normal,210,Release,record,natural,natural,0,none,0,0,0,0,0,210,9,16,9,0,9,0,6278,697,10,17,10,0,10,0,48348,4834,2,0,2,0,2,0,10,5,0,0,0,0,0,0,0,15,1,0,0,0,0,0,0,0:0:0:0:0:0:0:0:0:0:8:1:0:0:0:0:0:0:0:0:0:0:0:0:0:0:0:0:0:0:0:0:0:0:1:9:0:0:0:0:0:0:0:0:0:0:0:2:0:0:0:0:0:0:0:0:0:0:0:0:0:0:0:0:0:0
mtfs-sentinel-dataset-v1,1,952,1398033974,1229212993,232550016,1090000,1,511,0,1,normal,211,Release,record,natural,natural,0,none,0,0,0,0,0,211,9,16,9,0,9,0,6137,681,10,17,10,0,10,0,45027,4502,2,0,2,0,2,0,10,5,0,0,0,0,0,0,0,15,1,0,0,0,0,0,0,0:0:0:0:0:0:0:0:0:0:9:0:0:0:0:0:0:0:0:0:0:0:0:0:0:0:0:0:0:0:0:0:0:0:2:8:0:0:0:0:0:0:0:0:0:0:0:2:0:0:0:0:0:0:0:0:0:0:0:0:0:0:0:0:0:0
mtfs-sentinel-dataset-v1,1,952,1398033974,1229212993,233640016,1090000,1,511,0,1,normal,212,Release,record,natural,natural,0,none,0,0,0,0,0,212,9,16,9,0,9,0,6049,672,10,17,10,0,10,0,44111,4411,2,0,2,0,2,0,10,5,0,0,0,0,0,0,0,15,1,0,0,0,0,0,0,0:0:0:0:0:0:0:0:0:0:9:0:0:0:0:0:0:0:0:0:0:0:0:0:0:0:0:0:0:0:0:0:0:0:4:6:0:0:0:0:0:0:0:0:0:0:0:2:0:0:0:0:0:0:0:0:0:0:0:0:0:0:0:0:0:0
mtfs-sentinel-dataset-v1,1,952,1398033974,1229212993,234750016,1110000,1,511,0,1,normal,213,Release,record,natural,natural,0,none,0,0,0,0,0,213,9,16,9,0,9,0,6041,671,10,17,10,0,10,0,61173,6117,2,0,2,0,2,0,10,5,0,0,0,0,0,0,0,15,1,0,0,0,0,0,0,0:0:0:0:0:0:0:0:0:0:9:0:0:0:0:0:0:0:0:0:0:0:0:0:0:0:0:0:0:0:0:0:0:0:4:5:0:1:0:0:0:0:0:0:0:0:0:2:0:0:0:0:0:0:0:0:0:0:0:0:0:0:0:0:0:0
mtfs-sentinel-dataset-v1,1,952,1398033974,1229212993,235850016,1100000,1,511,0,1,normal,214,Release,record,natural,natural,0,none,0,0,0,0,0,214,9,16,9,0,9,0,6227,691,10,17,10,0,10,0,49084,4908,2,0,2,0,2,0,10,5,0,0,0,0,0,0,0,15,1,0,0,0,0,0,0,0:0:0:0:0:0:0:0:0:0:8:1:0:0:0:0:0:0:0:0:0:0:0:0:0:0:0:0:0:0:0:0:0:0:1:9:0:0:0:0:0:0:0:0:0:0:0:2:0:0:0:0:0:0:0:0:0:0:0:0:0:0:0:0:0:0
mtfs-sentinel-dataset-v1,1,952,1398033974,1229212993,236940016,1090000,1,511,0,1,normal,215,Release,record,natural,natural,0,none,0,0,0,0,0,215,9,16,9,0,9,0,6096,677,10,17,10,0,10,0,45233,4523,2,0,2,0,2,0,10,5,0,0,0,0,0,0,0,15,1,0,0,0,0,0,0,0:0:0:0:0:0:0:0:0:0:9:0:0:0:0:0:0:0:0:0:0:0:0:0:0:0:0:0:0:0:0:0:0:0:3:7:0:0:0:0:0:0:0:0:0:0:0:2:0:0:0:0:0:0:0:0:0:0:0:0:0:0:0:0:0:0
mtfs-sentinel-dataset-v1,1,952,1398033974,1229212993,238040016,1100000,1,511,0,1,normal,216,Release,record,natural,natural,0,none,0,0,0,0,0,216,9,16,9,0,9,0,6082,675,10,17,10,0,10,0,46458,4645,2,0,2,0,2,0,10,5,0,0,0,0,0,0,0,15,1,0,0,0,0,0,0,0:0:0:0:0:0:0:0:0:0:9:0:0:0:0:0:0:0:0:0:0:0:0:0:0:0:0:0:0:0:0:0:0:0:3:7:0:0:0:0:0:0:0:0:0:0:0:2:0:0:0:0:0:0:0:0:0:0:0:0:0:0:0:0:0:0
mtfs-sentinel-dataset-v1,1,952,1398033974,1229212993,239130016,1090000,1,511,0,1,normal,217,Release,record,natural,natural,0,none,0,0,0,0,0,217,9,16,9,0,9,0,6029,669,10,17,10,0,10,0,45734,4573,2,0,2,0,2,0,12,6,0,0,0,0,0,0,0,15,1,0,0,0,0,0,0,0:0:0:0:0:0:0:0:0:0:9:0:0:0:0:0:0:0:0:0:0:0:0:0:0:0:0:0:0:0:0:0:0:0:2:8:0:0:0:0:0:0:0:0:0:0:0:2:0:0:0:0:0:0:0:0:0:0:0:0:0:0:0:0:0:0
mtfs-sentinel-dataset-v1,1,952,1398033974,1229212993,240230016,1100000,1,511,0,1,normal,218,Release,record,natural,natural,0,none,0,0,0,0,0,218,9,16,9,0,9,0,6266,696,10,17,10,0,10,0,48666,4866,2,0,2,0,2,0,11,5,0,0,0,0,0,0,0,15,1,0,0,0,0,0,0,0:0:0:0:0:0:0:0:0:0:8:1:0:0:0:0:0:0:0:0:0:0:0:0:0:0:0:0:0:0:0:0:0:0:1:9:0:0:0:0:0:0:0:0:0:0:0:2:0:0:0:0:0:0:0:0:0:0:0:0:0:0:0:0:0:0
mtfs-sentinel-dataset-v1,1,952,1398033974,1229212993,241320016,1090000,1,511,0,1,normal,219,Release,record,natural,natural,0,none,0,0,0,0,0,219,9,16,9,0,9,0,6114,679,10,17,10,0,10,0,45164,4516,2,0,2,0,2,0,10,5,0,0,0,0,0,0,0,15,1,0,0,0,0,0,0,0:0:0:0:0:0:0:0:0:0:8:1:0:0:0:0:0:0:0:0:0:0:0:0:0:0:0:0:0:0:0:0:0:0:3:7:0:0:0:0:0:0:0:0:0:0:0:2:0:0:0:0:0:0:0:0:0:0:0:0:0:0:0:0:0:0
mtfs-sentinel-dataset-v1,1,952,1398033974,1229212993,242420016,1100000,1,511,0,1,normal,220,Release,record,natural,natural,0,none,0,0,0,0,0,220,9,16,9,0,9,0,6100,677,10,17,10,0,10,0,46445,4644,2,0,2,0,2,0,11,5,0,0,0,0,0,0,0,15,1,0,0,0,0,0,0,0:0:0:0:0:0:0:0:0:0:9:0:0:0:0:0:0:0:0:0:0:0:0:0:0:0:0:0:0:0:0:0:0:0:3:7:0:0:0:0:0:0:0:0:0:0:0:2:0:0:0:0:0:0:0:0:0:0:0:0:0:0:0:0:0:0
mtfs-sentinel-dataset-v1,1,952,1398033974,1229212993,243510016,1090000,1,511,0,1,normal,221,Release,record,natural,natural,0,none,0,0,0,0,0,221,9,16,9,0,9,0,6030,670,10,17,10,0,10,0,45727,4572,2,0,2,0,2,0,11,5,0,0,0,0,0,0,0,15,1,0,0,0,0,0,0,0:0:0:0:0:0:0:0:0:0:9:0:0:0:0:0:0:0:0:0:0:0:0:0:0:0:0:0:0:0:0:0:0:0:4:6:0:0:0:0:0:0:0:0:0:0:0:2:0:0:0:0:0:0:0:0:0:0:0:0:0:0:0:0:0:0
mtfs-sentinel-dataset-v1,1,952,1398033974,1229212993,244610016,1100000,1,511,0,1,normal,222,Release,record,natural,natural,0,none,0,0,0,0,0,222,9,16,9,0,9,0,6275,697,10,17,10,0,10,0,48826,4882,2,0,2,0,2,0,11,5,0,0,0,0,0,0,0,15,1,0,0,0,0,0,0,0:0:0:0:0:0:0:0:0:0:8:1:0:0:0:0:0:0:0:0:0:0:0:0:0:0:0:0:0:0:0:0:0:0:1:9:0:0:0:0:0:0:0:0:0:0:0:2:0:0:0:0:0:0:0:0:0:0:0:0:0:0:0:0:0:0
mtfs-sentinel-dataset-v1,1,952,1398033974,1229212993,245700016,1090000,1,511,0,1,normal,223,Release,record,natural,natural,0,none,0,0,0,0,0,223,9,16,9,0,9,0,6145,682,10,17,10,0,10,0,44835,4483,2,0,2,0,2,0,12,6,0,0,0,0,0,0,0,15,1,0,0,0,0,0,0,0:0:0:0:0:0:0:0:0:0:8:1:0:0:0:0:0:0:0:0:0:0:0:0:0:0:0:0:0:0:0:0:0:0:3:7:0:0:0:0:0:0:0:0:0:0:0:2:0:0:0:0:0:0:0:0:0:0:0:0:0:0:0:0:0:0
mtfs-sentinel-dataset-v1,1,952,1398033974,1229212993,246790016,1090000,1,511,0,1,normal,224,Release,record,natural,natural,0,none,0,0,0,0,0,224,9,16,9,0,9,0,6022,669,10,17,10,0,10,0,46337,4633,2,0,2,0,2,0,11,5,0,0,0,0,0,0,0,15,1,0,0,0,0,0,0,0:0:0:0:0:0:0:0:0:0:9:0:0:0:0:0:0:0:0:0:0:0:0:0:0:0:0:0:0:0:0:0:0:0:3:7:0:0:0:0:0:0:0:0:0:0:0:2:0:0:0:0:0:0:0:0:0:0:0:0:0:0:0:0:0:0
mtfs-sentinel-dataset-v1,1,952,1398033974,1229212993,247890016,1100000,1,511,0,1,normal,225,Release,record,natural,natural,0,none,0,0,0,0,0,225,9,16,9,0,9,0,5961,662,10,17,10,0,10,0,51497,5149,2,0,2,0,2,0,11,5,0,0,0,0,0,0,0,15,1,0,0,0,0,0,0,0:0:0:0:0:0:0:0:0:0:9:0:0:0:0:0:0:0:0:0:0:0:0:0:0:0:0:0:0:0:0:0:0:0:2:7:1:0:0:0:0:0:0:0:0:0:0:2:0:0:0:0:0:0:0:0:0:0:0:0:0:0:0:0:0:0
mtfs-sentinel-dataset-v1,1,952,1398033974,1229212993,248990016,1100000,1,511,0,1,normal,226,Release,record,natural,natural,0,none,0,0,0,0,0,226,9,16,9,0,9,0,6200,688,10,17,10,0,10,0,48389,4838,2,0,2,0,2,0,11,5,0,0,0,0,0,0,0,15,1,0,0,0,0,0,0,0:0:0:0:0:0:0:0:0:0:8:1:0:0:0:0:0:0:0:0:0:0:0:0:0:0:0:0:0:0:0:0:0:0:1:9:0:0:0:0:0:0:0:0:0:0:0:2:0:0:0:0:0:0:0:0:0:0:0:0:0:0:0:0:0:0
mtfs-sentinel-dataset-v1,1,952,1398033974,1229212993,250080016,1090000,1,511,0,1,normal,227,Release,record,natural,natural,0,none,0,0,0,0,0,227,9,16,9,0,9,0,6016,668,10,17,10,0,10,0,44919,4491,2,0,2,0,2,0,11,5,0,0,0,0,0,0,0,15,1,0,0,0,0,0,0,0:0:0:0:0:0:0:0:0:0:9:0:0:0:0:0:0:0:0:0:0:0:0:0:0:0:0:0:0:0:0:0:0:0:3:7:0:0:0:0:0:0:0:0:0:0:0:2:0:0:0:0:0:0:0:0:0:0:0:0:0:0:0:0:0:0
mtfs-sentinel-dataset-v1,1,952,1398033974,1229212993,251180016,1100000,1,511,0,1,normal,228,Release,record,natural,natural,0,none,0,0,0,0,0,228,9,16,9,0,9,0,6028,669,10,17,10,0,10,0,46549,4654,2,0,2,0,2,0,10,5,0,0,0,0,0,0,0,15,1,0,0,0,0,0,0,0:0:0:0:0:0:0:0:0:0:9:0:0:0:0:0:0:0:0:0:0:0:0:0:0:0:0:0:0:0:0:0:0:0:3:7:0:0:0:0:0:0:0:0:0:0:0:2:0:0:0:0:0:0:0:0:0:0:0:0:0:0:0:0:0:0
mtfs-sentinel-dataset-v1,1,952,1398033974,1229212993,252270016,1090000,1,511,0,1,normal,229,Release,record,natural,natural,0,none,0,0,0,0,0,229,9,16,9,0,9,0,6043,671,10,17,10,0,10,0,45693,4569,2,0,2,0,2,0,10,5,0,0,0,0,0,0,0,15,1,0,0,0,0,0,0,0:0:0:0:0:0:0:0:0:0:9:0:0:0:0:0:0:0:0:0:0:0:0:0:0:0:0:0:0:0:0:0:0:0:4:6:0:0:0:0:0:0:0:0:0:0:0:2:0:0:0:0:0:0:0:0:0:0:0:0:0:0:0:0:0:0
mtfs-sentinel-dataset-v1,1,952,1398033974,1229212993,253370016,1100000,1,511,0,1,normal,230,Release,record,natural,natural,0,none,0,0,0,0,0,230,9,16,9,0,9,0,6275,697,10,17,10,0,10,0,48356,4835,2,0,2,0,2,0,10,5,0,0,0,0,0,0,0,15,1,0,0,0,0,0,0,0:0:0:0:0:0:0:0:0:0:8:1:0:0:0:0:0:0:0:0:0:0:0:0:0:0:0:0:0:0:0:0:0:0:1:9:0:0:0:0:0:0:0:0:0:0:0:2:0:0:0:0:0:0:0:0:0:0:0:0:0:0:0:0:0:0
mtfs-sentinel-dataset-v1,1,952,1398033974,1229212993,254460016,1090000,1,511,0,1,normal,231,Release,record,natural,natural,0,none,0,0,0,0,0,231,9,16,9,0,9,0,6079,675,10,17,10,0,10,0,44692,4469,2,0,2,0,2,0,10,5,0,0,0,0,0,0,0,15,1,0,0,0,0,0,0,0:0:0:0:0:0:0:0:0:0:9:0:0:0:0:0:0:0:0:0:0:0:0:0:0:0:0:0:0:0:0:0:0:0:4:6:0:0:0:0:0:0:0:0:0:0:0:2:0:0:0:0:0:0:0:0:0:0:0:0:0:0:0:0:0:0
mtfs-sentinel-dataset-v1,1,952,1398033974,1229212993,255560016,1100000,1,511,0,1,normal,232,Release,record,natural,natural,0,none,0,0,0,0,0,232,9,16,9,0,9,0,6013,668,10,17,10,0,10,0,46585,4658,2,0,2,0,2,0,10,5,0,0,0,0,0,0,0,15,1,0,0,0,0,0,0,0:0:0:0:0:0:0:0:0:0:9:0:0:0:0:0:0:0:0:0:0:0:0:0:0:0:0:0:0:0:0:0:0:0:2:8:0:0:0:0:0:0:0:0:0:0:0:2:0:0:0:0:0:0:0:0:0:0:0:0:0:0:0:0:0:0
mtfs-sentinel-dataset-v1,1,952,1398033974,1229212993,256650016,1090000,1,511,0,1,normal,233,Release,record,natural,natural,0,none,0,0,0,0,0,233,9,16,9,0,9,0,5991,665,10,17,10,0,10,0,45456,4545,2,0,2,0,2,0,11,5,0,0,0,0,0,0,0,15,1,0,0,0,0,0,0,0:0:0:0:0:0:0:0:0:0:9:0:0:0:0:0:0:0:0:0:0:0:0:0:0:0:0:0:0:0:0:0:0:0:4:6:0:0:0:0:0:0:0:0:0:0:0:2:0:0:0:0:0:0:0:0:0:0:0:0:0:0:0:0:0:0
mtfs-sentinel-dataset-v1,1,952,1398033974,1229212993,257750016,1100000,1,511,0,1,normal,234,Release,record,natural,natural,0,none,0,0,0,0,0,234,9,16,9,0,9,0,6213,690,10,17,10,0,10,0,48434,4843,2,0,2,0,2,0,11,5,0,0,0,0,0,0,0,15,1,0,0,0,0,0,0,0:0:0:0:0:0:0:0:0:0:8:1:0:0:0:0:0:0:0:0:0:0:0:0:0:0:0:0:0:0:0:0:0:0:1:9:0:0:0:0:0:0:0:0:0:0:0:2:0:0:0:0:0:0:0:0:0:0:0:0:0:0:0:0:0:0
mtfs-sentinel-dataset-v1,1,952,1398033974,1229212993,258840016,1090000,1,511,0,1,normal,235,Release,record,natural,natural,0,none,0,0,0,0,0,235,9,16,9,0,9,0,6110,678,10,17,10,0,10,0,45153,4515,2,0,2,0,2,0,12,6,0,0,0,0,0,0,0,15,1,0,0,0,0,0,0,0:0:0:0:0:0:0:0:0:0:9:0:0:0:0:0:0:0:0:0:0:0:0:0:0:0:0:0:0:0:0:0:0:0:3:7:0:0:0:0:0:0:0:0:0:0:0:2:0:0:0:0:0:0:0:0:0:0:0:0:0:0:0:0:0:0
mtfs-sentinel-dataset-v1,1,952,1398033974,1229212993,259940016,1100000,1,511,0,1,normal,236,Release,record,natural,natural,0,none,0,0,0,0,0,236,9,16,9,0,9,0,6035,670,10,17,10,0,10,0,56243,5624,2,0,2,0,2,0,10,5,0,0,0,0,0,0,0,15,1,0,0,0,0,0,0,0:0:0:0:0:0:0:0:0:0:9:0:0:0:0:0:0:0:0:0:0:0:0:0:0:0:0:0:0:0:0:0:0:0:2:7:1:0:0:0:0:0:0:0:0:0:0:2:0:0:0:0:0:0:0:0:0:0:0:0:0:0:0:0:0:0
mtfs-sentinel-dataset-v1,1,952,1398033974,1229212993,261030016,1090000,1,511,0,1,normal,237,Release,record,natural,natural,0,none,0,0,0,0,0,237,9,16,9,0,9,0,6058,673,10,17,10,0,10,0,45868,4586,2,0,2,0,2,0,11,5,0,0,0,0,0,0,0,15,1,0,0,0,0,0,0,0:0:0:0:0:0:0:0:0:0:9:0:0:0:0:0:0:0:0:0:0:0:0:0:0:0:0:0:0:0:0:0:0:0:4:6:0:0:0:0:0:0:0:0:0:0:0:2:0:0:0:0:0:0:0:0:0:0:0:0:0:0:0:0:0:0
mtfs-sentinel-dataset-v1,1,952,1398033974,1229212993,262130016,1100000,1,511,0,1,normal,238,Release,record,natural,natural,0,none,0,0,0,0,0,238,9,16,9,0,9,0,6268,696,10,17,10,0,10,0,48647,4864,2,0,2,0,2,0,10,5,0,0,0,0,0,0,0,15,1,0,0,0,0,0,0,0:0:0:0:0:0:0:0:0:0:8:1:0:0:0:0:0:0:0:0:0:0:0:0:0:0:0:0:0:0:0:0:0:0:1:9:0:0:0:0:0:0:0:0:0:0:0:2:0:0:0:0:0:0:0:0:0:0:0:0:0:0:0:0:0:0
mtfs-sentinel-dataset-v1,1,952,1398033974,1229212993,263220016,1090000,1,511,0,1,normal,239,Release,record,natural,natural,0,none,0,0,0,0,0,239,9,16,9,0,9,0,6090,676,10,17,10,0,10,0,44975,4497,2,0,2,0,2,0,11,5,0,0,0,0,0,0,0,15,1,0,0,0,0,0,0,0:0:0:0:0:0:0:0:0:0:8:1:0:0:0:0:0:0:0:0:0:0:0:0:0:0:0:0:0:0:0:0:0:0:4:6:0:0:0:0:0:0:0:0:0:0:0:2:0:0:0:0:0:0:0:0:0:0:0:0:0:0:0:0:0:0
mtfs-sentinel-dataset-v1,1,952,1398033974,1229212993,264320016,1100000,1,511,0,1,normal,240,Release,record,natural,natural,0,none,0,0,0,0,0,240,9,16,9,0,9,0,6031,670,10,17,10,0,10,0,46514,4651,2,0,2,0,2,0,11,5,0,0,0,0,0,0,0,15,1,0,0,0,0,0,0,0:0:0:0:0:0:0:0:0:0:9:0:0:0:0:0:0:0:0:0:0:0:0:0:0:0:0:0:0:0:0:0:0:0:3:7:0:0:0:0:0:0:0:0:0:0:0:2:0:0:0:0:0:0:0:0:0:0:0:0:0:0:0:0:0:0
mtfs-sentinel-dataset-v1,1,952,1398033974,1229212993,265410016,1090000,1,511,0,1,normal,241,Release,record,natural,natural,0,none,0,0,0,0,0,241,9,16,9,0,9,0,6051,672,10,17,10,0,10,0,45668,4566,2,0,2,0,2,0,10,5,0,0,0,0,0,0,0,15,1,0,0,0,0,0,0,0:0:0:0:0:0:0:0:0:0:9:0:0:0:0:0:0:0:0:0:0:0:0:0:0:0:0:0:0:0:0:0:0:0:3:7:0:0:0:0:0:0:0:0:0:0:0:2:0:0:0:0:0:0:0:0:0:0:0:0:0:0:0:0:0:0
mtfs-sentinel-dataset-v1,1,952,1398033974,1229212993,266510016,1100000,1,511,0,1,normal,242,Release,record,natural,natural,0,none,0,0,0,0,0,242,9,16,9,0,9,0,6247,694,10,17,10,0,10,0,48802,4880,2,0,2,0,2,0,11,5,0,0,0,0,0,0,0,15,1,0,0,0,0,0,0,0:0:0:0:0:0:0:0:0:0:8:1:0:0:0:0:0:0:0:0:0:0:0:0:0:0:0:0:0:0:0:0:0:0:1:9:0:0:0:0:0:0:0:0:0:0:0:2:0:0:0:0:0:0:0:0:0:0:0:0:0:0:0:0:0:0
mtfs-sentinel-dataset-v1,1,952,1398033974,1229212993,267600016,1090000,1,511,0,1,normal,243,Release,record,natural,natural,0,none,0,0,0,0,0,243,9,16,9,0,9,0,6213,690,10,17,10,0,10,0,45281,4528,2,0,2,0,2,0,11,5,0,0,0,0,0,0,0,15,1,0,0,0,0,0,0,0:0:0:0:0:0:0:0:0:0:8:1:0:0:0:0:0:0:0:0:0:0:0:0:0:0:0:0:0:0:0:0:0:0:2:8:0:0:0:0:0:0:0:0:0:0:0:2:0:0:0:0:0:0:0:0:0:0:0:0:0:0:0:0:0:0
mtfs-sentinel-dataset-v1,1,952,1398033974,1229212993,268690016,1090000,1,511,0,1,normal,244,Release,record,natural,natural,0,none,0,0,0,0,0,244,9,16,9,0,9,0,6096,677,10,17,10,0,10,0,46169,4616,2,0,2,0,2,0,11,5,0,0,0,0,0,0,0,15,1,0,0,0,0,0,0,0:0:0:0:0:0:0:0:0:0:9:0:0:0:0:0:0:0:0:0:0:0:0:0:0:0:0:0:0:0:0:0:0:0:3:7:0:0:0:0:0:0:0:0:0:0:0:2:0:0:0:0:0:0:0:0:0:0:0:0:0:0:0:0:0:0
mtfs-sentinel-dataset-v1,1,952,1398033974,1229212993,269780016,1090000,1,511,0,1,normal,245,Release,record,natural,natural,0,none,0,0,0,0,0,245,9,16,9,0,9,0,6096,677,10,17,10,0,10,0,45343,4534,2,0,2,0,2,0,11,5,0,0,0,0,0,0,0,15,1,0,0,0,0,0,0,0:0:0:0:0:0:0:0:0:0:9:0:0:0:0:0:0:0:0:0:0:0:0:0:0:0:0:0:0:0:0:0:0:0:4:6:0:0:0:0:0:0:0:0:0:0:0:2:0:0:0:0:0:0:0:0:0:0:0:0:0:0:0:0:0:0
mtfs-sentinel-dataset-v1,1,952,1398033974,1229212993,270880016,1100000,1,511,0,1,normal,246,Release,record,natural,natural,0,none,0,0,0,0,0,246,9,16,9,0,9,0,6244,693,10,17,10,0,10,0,48277,4827,2,0,2,0,2,0,10,5,0,0,0,0,0,0,0,15,1,0,0,0,0,0,0,0:0:0:0:0:0:0:0:0:0:8:1:0:0:0:0:0:0:0:0:0:0:0:0:0:0:0:0:0:0:0:0:0:0:1:9:0:0:0:0:0:0:0:0:0:0:0:2:0:0:0:0:0:0:0:0:0:0:0:0:0:0:0:0:0:0
mtfs-sentinel-dataset-v1,1,952,1398033974,1229212993,271970016,1090000,1,511,0,1,normal,247,Release,record,natural,natural,0,none,0,0,0,0,0,247,9,16,9,0,9,0,6009,667,10,17,10,0,10,0,44702,4470,2,0,2,0,2,0,10,5,0,0,0,0,0,0,0,15,1,0,0,0,0,0,0,0:0:0:0:0:0:0:0:0:0:8:1:0:0:0:0:0:0:0:0:0:0:0:0:0:0:0:0:0:0:0:0:0:0:5:5:0:0:0:0:0:0:0:0:0:0:0:2:0:0:0:0:0:0:0:0:0:0:0:0:0:0:0:0:0:0
mtfs-sentinel-dataset-v1,1,952,1398033974,1229212993,273060016,1090000,1,511,0,1,normal,248,Release,record,natural,natural,0,none,0,0,0,0,0,248,9,16,9,0,9,0,5987,665,10,17,10,0,10,0,45830,4583,2,0,2,0,2,0,10,5,0,0,0,0,0,0,0,15,1,0,0,0,0,0,0,0:0:0:0:0:0:0:0:0:0:9:0:0:0:0:0:0:0:0:0:0:0:0:0:0:0:0:0:0:0:0:0:0:0:3:7:0:0:0:0:0:0:0:0:0:0:0:2:0:0:0:0:0:0:0:0:0:0:0:0:0:0:0:0:0:0
mtfs-sentinel-dataset-v1,1,952,1398033974,1229212993,274150016,1090000,1,511,0,1,normal,249,Release,record,natural,natural,0,none,0,0,0,0,0,249,9,16,9,0,9,0,5828,647,10,17,10,0,10,0,42907,4290,2,0,2,0,2,0,11,5,0,0,0,0,0,0,0,15,1,0,0,0,0,0,0,0:0:0:0:0:0:0:0:0:0:9:0:0:0:0:0:0:0:0:0:0:0:0:0:0:0:0:0:0:0:0:0:0:0:7:3:0:0:0:0:0:0:0:0:0:0:0:2:0:0:0:0:0:0:0:0:0:0:0:0:0:0:0:0:0:0
mtfs-sentinel-dataset-v1,1,952,1398033974,1229212993,275240016,1090000,1,511,0,1,normal,250,Release,record,natural,natural,0,none,0,0,0,0,0,250,9,16,9,0,9,0,6162,684,10,17,10,0,10,0,46138,4613,2,0,2,0,2,0,10,5,0,0,0,0,0,0,0,15,1,0,0,0,0,0,0,0:0:0:0:0:0:0:0:0:0:8:1:0:0:0:0:0:0:0:0:0:0:0:0:0:0:0:0:0:0:0:0:0:0:3:7:0:0:0:0:0:0:0:0:0:0:0:2:0:0:0:0:0:0:0:0:0:0:0:0:0:0:0:0:0:0
mtfs-sentinel-dataset-v1,1,952,1398033974,1229212993,276330016,1090000,1,511,0,1,normal,251,Release,record,natural,natural,0,none,0,0,0,0,0,251,9,16,9,0,9,0,6056,672,10,17,10,0,10,0,44466,4446,2,0,2,0,2,0,12,6,0,0,0,0,0,0,0,15,1,0,0,0,0,0,0,0:0:0:0:0:0:0:0:0:0:8:1:0:0:0:0:0:0:0:0:0:0:0:0:0:0:0:0:0:0:0:0:0:0:5:5:0:0:0:0:0:0:0:0:0:0:0:2:0:0:0:0:0:0:0:0:0:0:0:0:0:0:0:0:0:0
mtfs-sentinel-dataset-v1,1,952,1398033974,1229212993,277420016,1090000,1,511,0,1,normal,252,Release,record,natural,natural,0,none,0,0,0,0,0,252,9,16,9,0,9,0,6129,681,10,17,10,0,10,0,45897,4589,2,0,2,0,2,0,10,5,0,0,0,0,0,0,0,15,1,0,0,0,0,0,0,0:0:0:0:0:0:0:0:0:0:9:0:0:0:0:0:0:0:0:0:0:0:0:0:0:0:0:0:0:0:0:0:0:0:4:6:0:0:0:0:0:0:0:0:0:0:0:2:0:0:0:0:0:0:0:0:0:0:0:0:0:0:0:0:0:0
mtfs-sentinel-dataset-v1,1,952,1398033974,1229212993,278520016,1100000,1,511,0,1,normal,253,Release,record,natural,natural,0,none,0,0,0,0,0,253,9,16,9,0,9,0,6037,670,10,17,10,0,10,0,51539,5153,2,0,2,0,2,0,11,5,0,0,0,0,0,0,0,15,1,0,0,0,0,0,0,0:0:0:0:0:0:0:0:0:0:9:0:0:0:0:0:0:0:0:0:0:0:0:0:0:0:0:0:0:0:0:0:0:0:2:7:1:0:0:0:0:0:0:0:0:0:0:2:0:0:0:0:0:0:0:0:0:0:0:0:0:0:0:0:0:0
mtfs-sentinel-dataset-v1,1,952,1398033974,1229212993,279610016,1090000,1,511,0,1,normal,254,Release,record,natural,natural,0,none,0,0,0,0,0,254,9,16,9,0,9,0,6230,692,10,17,10,0,10,0,45999,4599,2,0,2,0,2,0,10,5,0,0,0,0,0,0,0,15,1,0,0,0,0,0,0,0:0:0:0:0:0:0:0:0:0:8:1:0:0:0:0:0:0:0:0:0:0:0:0:0:0:0:0:0:0:0:0:0:0:2:8:0:0:0:0:0:0:0:0:0:0:0:2:0:0:0:0:0:0:0:0:0:0:0:0:0:0:0:0:0:0
mtfs-sentinel-dataset-v1,1,952,1398033974,1229212993,280700016,1090000,1,511,0,1,normal,255,Release,record,natural,natural,0,none,0,0,0,0,0,255,9,16,9,0,9,0,6059,673,10,17,10,0,10,0,42762,4276,2,0,2,0,2,0,11,5,0,0,0,0,0,0,0,15,1,0,0,0,0,0,0,0:0:0:0:0:0:0:0:0:0:8:1:0:0:0:0:0:0:0:0:0:0:0:0:0:0:0:0:0:0:0:0:0:0:5:5:0:0:0:0:0:0:0:0:0:0:0:2:0:0:0:0:0:0:0:0:0:0:0:0:0:0:0:0:0:0
mtfs-sentinel-dataset-v1,1,952,1398033974,1229212993,281800016,1100000,1,511,0,1,normal,256,Release,record,natural,natural,0,none,0,0,0,0,0,256,9,16,9,0,9,0,6074,674,10,17,10,0,10,0,46723,4672,2,0,2,0,2,0,10,5,0,0,0,0,0,0,0,15,1,0,0,0,0,0,0,0:0:0:0:0:0:0:0:0:0:9:0:0:0:0:0:0:0:0:0:0:0:0:0:0:0:0:0:0:0:0:0:0:0:2:8:0:0:0:0:0:0:0:0:0:0:0:2:0:0:0:0:0:0:0:0:0:0:0:0:0:0:0:0:0:0
mtfs-sentinel-dataset-v1,1,952,1398033974,1229212993,282890016,1090000,1,511,0,1,normal,257,Release,record,natural,natural,0,none,0,0,0,0,0,257,9,16,9,0,9,0,6100,677,10,17,10,0,10,0,45987,4598,2,0,2,0,2,0,11,5,0,0,0,0,0,0,0,15,1,0,0,0,0,0,0,0:0:0:0:0:0:0:0:0:0:9:0:0:0:0:0:0:0:0:0:0:0:0:0:0:0:0:0:0:0:0:0:0:0:3:7:0:0:0:0:0:0:0:0:0:0:0:2:0:0:0:0:0:0:0:0:0:0:0:0:0:0:0:0:0:0
mtfs-sentinel-dataset-v1,1,952,1398033974,1229212993,283990016,1100000,1,511,0,1,normal,258,Release,record,natural,natural,0,none,0,0,0,0,0,258,9,16,9,0,9,0,6250,694,10,17,10,0,10,0,48487,4848,2,0,2,0,2,0,11,5,0,0,0,0,0,0,0,15,1,0,0,0,0,0,0,0:0:0:0:0:0:0:0:0:0:8:1:0:0:0:0:0:0:0:0:0:0:0:0:0:0:0:0:0:0:0:0:0:0:1:9:0:0:0:0:0:0:0:0:0:0:0:2:0:0:0:0:0:0:0:0:0:0:0:0:0:0:0:0:0:0
mtfs-sentinel-dataset-v1,1,952,1398033974,1229212993,285080016,1090000,1,511,0,1,normal,259,Release,record,natural,natural,0,none,0,0,0,0,0,259,9,16,9,0,9,0,6256,695,10,17,10,0,10,0,45183,4518,2,0,2,0,2,0,11,5,0,0,0,0,0,0,0,15,1,0,0,0,0,0,0,0:0:0:0:0:0:0:0:0:0:8:1:0:0:0:0:0:0:0:0:0:0:0:0:0:0:0:0:0:0:0:0:0:0:3:7:0:0:0:0:0:0:0:0:0:0:0:2:0:0:0:0:0:0:0:0:0:0:0:0:0:0:0:0:0:0
mtfs-sentinel-dataset-v1,1,952,1398033974,1229212993,286180016,1100000,1,511,0,1,normal,260,Release,record,natural,natural,0,none,0,0,0,0,0,260,9,16,9,0,9,0,6066,674,10,17,10,0,10,0,46592,4659,2,0,2,0,2,0,10,5,0,0,0,0,0,0,0,15,1,0,0,0,0,0,0,0:0:0:0:0:0:0:0:0:0:9:0:0:0:0:0:0:0:0:0:0:0:0:0:0:0:0:0:0:0:0:0:0:0:3:7:0:0:0:0:0:0:0:0:0:0:0:2:0:0:0:0:0:0:0:0:0:0:0:0:0:0:0:0:0:0
mtfs-sentinel-dataset-v1,1,952,1398033974,1229212993,287270016,1090000,1,511,0,1,normal,261,Release,record,natural,natural,0,none,0,0,0,0,0,261,9,16,9,0,9,0,6101,677,10,17,10,0,10,0,45736,4573,2,0,2,0,2,0,10,5,0,0,0,0,0,0,0,15,1,0,0,0,0,0,0,0:0:0:0:0:0:0:0:0:0:9:0:0:0:0:0:0:0:0:0:0:0:0:0:0:0:0:0:0:0:0:0:0:0:3:7:0:0:0:0:0:0:0:0:0:0:0:2:0:0:0:0:0:0:0:0:0:0:0:0:0:0:0:0:0:0
mtfs-sentinel-dataset-v1,1,952,1398033974,1229212993,288370016,1100000,1,511,0,1,normal,262,Release,record,natural,natural,0,none,0,0,0,0,0,262,9,16,9,0,9,0,6257,695,10,17,10,0,10,0,48835,4883,2,0,2,0,2,0,10,5,0,0,0,0,0,0,0,15,1,0,0,0,0,0,0,0:0:0:0:0:0:0:0:0:0:8:1:0:0:0:0:0:0:0:0:0:0:0:0:0:0:0:0:0:0:0:0:0:0:1:9:0:0:0:0:0:0:0:0:0:0:0:2:0:0:0:0:0:0:0:0:0:0:0:0:0:0:0:0:0:0
mtfs-sentinel-dataset-v1,1,952,1398033974,1229212993,289460016,1090000,1,511,0,1,normal,263,Release,record,natural,natural,0,none,0,0,0,0,0,263,9,16,9,0,9,0,6132,681,10,17,10,0,10,0,45211,4521,2,0,2,0,2,0,11,5,0,0,0,0,0,0,0,15,1,0,0,0,0,0,0,0:0:0:0:0:0:0:0:0:0:9:0:0:0:0:0:0:0:0:0:0:0:0:0:0:0:0:0:0:0:0:0:0:0:4:6:0:0:0:0:0:0:0:0:0:0:0:2:0:0:0:0:0:0:0:0:0:0:0:0:0:0:0:0:0:0
mtfs-sentinel-dataset-v1,1,952,1398033974,1229212993,290550016,1090000,1,511,0,1,normal,264,Release,record,natural,natural,0,none,0,0,0,0,0,264,9,16,9,0,9,0,6004,667,10,17,10,0,10,0,46401,4640,2,0,2,0,2,0,11,5,0,0,0,0,0,0,0,15,1,0,0,0,0,0,0,0:0:0:0:0:0:0:0:0:0:9:0:0:0:0:0:0:0:0:0:0:0:0:0:0:0:0:0:0:0:0:0:0:0:3:7:0:0:0:0:0:0:0:0:0:0:0:2:0:0:0:0:0:0:0:0:0:0:0:0:0:0:0:0:0:0
mtfs-sentinel-dataset-v1,1,952,1398033974,1229212993,291640016,1090000,1,511,0,1,normal,265,Release,record,natural,natural,0,none,0,0,0,0,0,265,9,16,9,0,9,0,6068,674,10,17,10,0,10,0,46012,4601,2,0,2,0,2,0,11,5,0,0,0,0,0,0,0,15,1,0,0,0,0,0,0,0:0:0:0:0:0:0:0:0:0:9:0:0:0:0:0:0:0:0:0:0:0:0:0:0:0:0:0:0:0:0:0:0:0:3:7:0:0:0:0:0:0:0:0:0:0:0:2:0:0:0:0:0:0:0:0:0:0:0:0:0:0:0:0:0:0
mtfs-sentinel-dataset-v1,1,952,1398033974,1229212993,292740016,1100000,1,511,0,1,normal,266,Release,record,natural,natural,0,none,0,0,0,0,0,266,9,16,9,0,9,0,6264,696,10,17,10,0,10,0,48636,4863,2,0,2,0,2,0,11,5,0,0,0,0,0,0,0,15,1,0,0,0,0,0,0,0:0:0:0:0:0:0:0:0:0:8:1:0:0:0:0:0:0:0:0:0:0:0:0:0:0:0:0:0:0:0:0:0:0:1:9:0:0:0:0:0:0:0:0:0:0:0:2:0:0:0:0:0:0:0:0:0:0:0:0:0:0:0:0:0:0
mtfs-sentinel-dataset-v1,1,952,1398033974,1229212993,293830016,1090000,1,511,0,1,normal,267,Release,record,natural,natural,0,none,0,0,0,0,0,267,9,16,9,0,9,0,6136,681,10,17,10,0,10,0,45156,4515,2,0,2,0,2,0,10,5,0,0,0,0,0,0,0,15,1,0,0,0,0,0,0,0:0:0:0:0:0:0:0:0:0:9:0:0:0:0:0:0:0:0:0:0:0:0:0:0:0:0:0:0:0:0:0:0:0:3:7:0:0:0:0:0:0:0:0:0:0:0:2:0:0:0:0:0:0:0:0:0:0:0:0:0:0:0:0:0:0
mtfs-sentinel-dataset-v1,1,952,1398033974,1229212993,294930016,1100000,1,511,0,1,normal,268,Release,record,natural,natural,0,none,0,0,0,0,0,268,9,16,9,0,9,0,6089,676,10,17,10,0,10,0,46650,4665,2,0,2,0,2,0,10,5,0,0,0,0,0,0,0,15,1,0,0,0,0,0,0,0:0:0:0:0:0:0:0:0:0:9:0:0:0:0:0:0:0:0:0:0:0:0:0:0:0:0:0:0:0:0:0:0:0:3:7:0:0:0:0:0:0:0:0:0:0:0:2:0:0:0:0:0:0:0:0:0:0:0:0:0:0:0:0:0:0
mtfs-sentinel-dataset-v1,1,952,1398033974,1229212993,296020016,1090000,1,511,0,1,normal,269,Release,record,natural,natural,0,none,0,0,0,0,0,269,9,16,9,0,9,0,6130,681,10,17,10,0,10,0,45823,4582,2,0,2,0,2,0,11,5,0,0,0,0,0,0,0,15,1,0,0,0,0,0,0,0:0:0:0:0:0:0:0:0:0:9:0:0:0:0:0:0:0:0:0:0:0:0:0:0:0:0:0:0:0:0:0:0:0:3:7:0:0:0:0:0:0:0:0:0:0:0:2:0:0:0:0:0:0:0:0:0:0:0:0:0:0:0:0:0:0
mtfs-sentinel-dataset-v1,1,952,1398033974,1229212993,297120016,1100000,1,511,0,1,normal,270,Release,record,natural,natural,0,none,0,0,0,0,0,270,9,16,9,0,9,0,6236,692,10,17,10,0,10,0,49034,4903,2,0,2,0,2,0,11,5,0,0,0,0,0,0,0,15,1,0,0,0,0,0,0,0:0:0:0:0:0:0:0:0:0:8:1:0:0:0:0:0:0:0:0:0:0:0:0:0:0:0:0:0:0:0:0:0:0:1:9:0:0:0:0:0:0:0:0:0:0:0:2:0:0:0:0:0:0:0:0:0:0:0:0:0:0:0:0:0:0
mtfs-sentinel-dataset-v1,1,952,1398033974,1229212993,298210016,1090000,1,511,0,1,normal,271,Release,record,natural,natural,0,none,0,0,0,0,0,271,9,16,9,0,9,0,6090,676,10,17,10,0,10,0,45329,4532,2,0,2,0,2,0,11,5,0,0,0,0,0,0,0,15,1,0,0,0,0,0,0,0:0:0:0:0:0:0:0:0:0:9:0:0:0:0:0:0:0:0:0:0:0:0:0:0:0:0:0:0:0:0:0:0:0:4:6:0:0:0:0:0:0:0:0:0:0:0:2:0:0:0:0:0:0:0:0:0:0:0:0:0:0:0:0:0:0
mtfs-sentinel-dataset-v1,1,952,1398033974,1229212993,299310016,1100000,1,511,0,1,normal,272,Release,record,natural,natural,0,none,0,0,0,0,0,272,9,16,9,0,9,0,6090,676,10,17,10,0,10,0,47019,4701,2,0,2,0,2,0,10,5,0,0,0,0,0,0,0,15,1,0,0,0,0,0,0,0:0:0:0:0:0:0:0:0:0:9:0:0:0:0:0:0:0:0:0:0:0:0:0:0:0:0:0:0:0:0:0:0:0:2:8:0:0:0:0:0:0:0:0:0:0:0:2:0:0:0:0:0:0:0:0:0:0:0:0:0:0:0:0:0:0
mtfs-sentinel-dataset-v1,1,952,1398033974,1229212993,300400016,1090000,1,511,0,1,normal,273,Release,record,natural,natural,0,none,0,0,0,0,0,273,9,16,9,0,9,0,6049,672,10,17,10,0,10,0,45506,4550,2,0,2,0,2,0,11,5,0,0,0,0,0,0,0,15,1,0,0,0,0,0,0,0:0:0:0:0:0:0:0:0:0:9:0:0:0:0:0:0:0:0:0:0:0:0:0:0:0:0:0:0:0:0:0:0:0:5:5:0:0:0:0:0:0:0:0:0:0:0:2:0:0:0:0:0:0:0:0:0:0:0:0:0:0:0:0:0:0
mtfs-sentinel-dataset-v1,1,952,1398033974,1229212993,301500016,1100000,1,511,0,1,normal,274,Release,record,natural,natural,0,none,0,0,0,0,0,274,9,16,9,0,9,0,6275,697,10,17,10,0,10,0,48823,4882,2,0,2,0,2,0,10,5,0,0,0,0,0,0,0,15,1,0,0,0,0,0,0,0:0:0:0:0:0:0:0:0:0:8:1:0:0:0:0:0:0:0:0:0:0:0:0:0:0:0:0:0:0:0:0:0:0:1:9:0:0:0:0:0:0:0:0:0:0:0:2:0:0:0:0:0:0:0:0:0:0:0:0:0:0:0:0:0:0
mtfs-sentinel-dataset-v1,1,952,1398033974,1229212993,302590016,1090000,1,511,0,1,normal,275,Release,record,natural,natural,0,none,0,0,0,0,0,275,9,16,9,0,9,0,6169,685,10,17,10,0,10,0,45217,4521,2,0,2,0,2,0,10,5,0,0,0,0,0,0,0,15,1,0,0,0,0,0,0,0:0:0:0:0:0:0:0:0:0:8:1:0:0:0:0:0:0:0:0:0:0:0:0:0:0:0:0:0:0:0:0:0:0:3:7:0:0:0:0:0:0:0:0:0:0:0:2:0:0:0:0:0:0:0:0:0:0:0:0:0:0:0:0:0:0
mtfs-sentinel-dataset-v1,1,952,1398033974,1229212993,303690016,1100000,1,511,0,1,normal,276,Release,record,natural,natural,0,none,0,0,0,0,0,276,9,16,9,0,9,0,6139,682,10,17,10,0,10,0,46864,4686,2,0,2,0,2,0,11,5,0,0,0,0,0,0,0,15,1,0,0,0,0,0,0,0:0:0:0:0:0:0:0:0:0:9:0:0:0:0:0:0:0:0:0:0:0:0:0:0:0:0:0:0:0:0:0:0:0:3:7:0:0:0:0:0:0:0:0:0:0:0:2:0:0:0:0:0:0:0:0:0:0:0:0:0:0:0:0:0:0
mtfs-sentinel-dataset-v1,1,952,1398033974,1229212993,304780016,1090000,1,511,0,1,normal,277,Release,record,natural,natural,0,none,0,0,0,0,0,277,9,16,9,0,9,0,6116,679,10,17,10,0,10,0,45593,4559,2,0,2,0,2,0,10,5,0,0,0,0,0,0,0,15,1,0,0,0,0,0,0,0:0:0:0:0:0:0:0:0:0:9:0:0:0:0:0:0:0:0:0:0:0:0:0:0:0:0:0:0:0:0:0:0:0:3:7:0:0:0:0:0:0:0:0:0:0:0:2:0:0:0:0:0:0:0:0:0:0:0:0:0:0:0:0:0:0
mtfs-sentinel-dataset-v1,1,952,1398033974,1229212993,305880016,1100000,1,511,0,1,normal,278,Release,record,natural,natural,0,none,0,0,0,0,0,278,9,16,9,0,9,0,6284,698,10,17,10,0,10,0,48537,4853,2,0,2,0,2,0,10,5,0,0,0,0,0,0,0,15,1,0,0,0,0,0,0,0:0:0:0:0:0:0:0:0:0:8:1:0:0:0:0:0:0:0:0:0:0:0:0:0:0:0:0:0:0:0:0:0:0:1:9:0:0:0:0:0:0:0:0:0:0:0:2:0:0:0:0:0:0:0:0:0:0:0:0:0:0:0:0:0:0
mtfs-sentinel-dataset-v1,1,952,1398033974,1229212993,306970016,1090000,1,511,0,1,normal,279,Release,record,natural,natural,0,none,0,0,0,0,0,279,9,16,9,0,9,0,6251,694,10,17,10,0,10,0,45264,4526,2,0,2,0,2,0,10,5,0,0,0,0,0,0,0,15,1,0,0,0,0,0,0,0:0:0:0:0:0:0:0:0:0:8:1:0:0:0:0:0:0:0:0:0:0:0:0:0:0:0:0:0:0:0:0:0:0:4:6:0:0:0:0:0:0:0:0:0:0:0:2:0:0:0:0:0:0:0:0:0:0:0:0:0:0:0:0:0:0
mtfs-sentinel-dataset-v1,1,952,1398033974,1229212993,308060016,1090000,1,511,0,1,normal,280,Release,record,natural,natural,0,none,0,0,0,0,0,280,9,16,9,0,9,0,6094,677,10,17,10,0,10,0,45882,4588,2,0,2,0,2,0,12,6,0,0,0,0,0,0,0,15,1,0,0,0,0,0,0,0:0:0:0:0:0:0:0:0:0:9:0:0:0:0:0:0:0:0:0:0:0:0:0:0:0:0:0:0:0:0:0:0:0:3:7:0:0:0:0:0:0:0:0:0:0:0:2:0:0:0:0:0:0:0:0:0:0:0:0:0:0:0:0:0:0
mtfs-sentinel-dataset-v1,1,952,1398033974,1229212993,309160016,1100000,1,511,0,1,normal,281,Release,record,natural,natural,0,none,0,0,0,0,0,281,9,16,9,0,9,0,6048,672,10,17,10,0,10,0,51868,5186,2,0,2,0,2,0,11,5,0,0,0,0,0,0,0,15,1,0,0,0,0,0,0,0:0:0:0:0:0:0:0:0:0:9:0:0:0:0:0:0:0:0:0:0:0:0:0:0:0:0:0:0:0:0:0:0:0:1:8:1:0:0:0:0:0:0:0:0:0:0:2:0:0:0:0:0:0:0:0:0:0:0:0:0:0:0:0:0:0
mtfs-sentinel-dataset-v1,1,952,1398033974,1229212993,310260016,1100000,1,511,0,1,normal,282,Release,record,natural,natural,0,none,0,0,0,0,0,282,9,16,9,0,9,0,6205,689,10,17,10,0,10,0,48463,4846,2,0,2,0,2,0,11,5,0,0,0,0,0,0,0,15,1,0,0,0,0,0,0,0:0:0:0:0:0:0:0:0:0:8:1:0:0:0:0:0:0:0:0:0:0:0:0:0:0:0:0:0:0:0:0:0:0:1:9:0:0:0:0:0:0:0:0:0:0:0:2:0:0:0:0:0:0:0:0:0:0:0:0:0:0:0:0:0:0
mtfs-sentinel-dataset-v1,1,952,1398033974,1229212993,311350016,1090000,1,511,0,1,normal,283,Release,record,natural,natural,0,none,0,0,0,0,0,283,9,16,9,0,9,0,6140,682,10,17,10,0,10,0,45291,4529,2,0,2,0,2,0,11,5,0,0,0,0,0,0,0,15,1,0,0,0,0,0,0,0:0:0:0:0:0:0:0:0:0:8:1:0:0:0:0:0:0:0:0:0:0:0:0:0:0:0:0:0:0:0:0:0:0:4:6:0:0:0:0:0:0:0:0:0:0:0:2:0:0:0:0:0:0:0:0:0:0:0:0:0:0:0:0:0:0
mtfs-sentinel-dataset-v1,1,952,1398033974,1229212993,312450016,1100000,1,511,0,1,normal,284,Release,record,natural,natural,0,none,0,0,0,0,0,284,9,16,9,0,9,0,6120,680,10,17,10,0,10,0,46481,4648,2,0,2,0,2,0,11,5,0,0,0,0,0,0,0,15,1,0,0,0,0,0,0,0:0:0:0:0:0:0:0:0:0:9:0:0:0:0:0:0:0:0:0:0:0:0:0:0:0:0:0:0:0:0:0:0:0:3:7:0:0:0:0:0:0:0:0:0:0:0:2:0:0:0:0:0:0:0:0:0:0:0:0:0:0:0:0:0:0
mtfs-sentinel-dataset-v1,1,952,1398033974,1229212993,313540016,1090000,1,511,0,1,normal,285,Release,record,natural,natural,0,none,0,0,0,0,0,285,9,16,9,0,9,0,6078,675,10,17,10,0,10,0,45447,4544,2,0,2,0,2,0,11,5,0,0,0,0,0,0,0,15,1,0,0,0,0,0,0,0:0:0:0:0:0:0:0:0:0:9:0:0:0:0:0:0:0:0:0:0:0:0:0:0:0:0:0:0:0:0:0:0:0:4:6:0:0:0:0:0:0:0:0:0:0:0:2:0:0:0:0:0:0:0:0:0:0:0:0:0:0:0:0:0:0
mtfs-sentinel-dataset-v1,1,952,1398033974,1229212993,314650016,1110000,1,511,0,1,normal,286,Release,record,natural,natural,0,none,0,0,0,0,0,286,9,16,9,0,9,0,6202,689,10,17,10,0,10,0,63152,6315,2,0,2,0,2,0,10,5,0,0,0,0,0,0,0,15,1,0,0,0,0,0,0,0:0:0:0:0:0:0:0:0:0:8:1:0:0:0:0:0:0:0:0:0:0:0:0:0:0:0:0:0:0:0:0:0:0:1:8:0:1:0:0:0:0:0:0:0:0:0:2:0:0:0:0:0:0:0:0:0:0:0:0:0:0:0:0:0:0
mtfs-sentinel-dataset-v1,1,952,1398033974,1229212993,315740016,1090000,1,511,0,1,normal,287,Release,record,natural,natural,0,none,0,0,0,0,0,287,9,16,9,0,9,0,6012,668,10,17,10,0,10,0,45472,4547,2,0,2,0,2,0,10,5,0,0,0,0,0,0,0,15,1,0,0,0,0,0,0,0:0:0:0:0:0:0:0:0:0:9:0:0:0:0:0:0:0:0:0:0:0:0:0:0:0:0:0:0:0:0:0:0:0:5:5:0:0:0:0:0:0:0:0:0:0:0:2:0:0:0:0:0:0:0:0:0:0:0:0:0:0:0:0:0:0
mtfs-sentinel-dataset-v1,1,952,1398033974,1229212993,316840016,1100000,1,511,0,1,normal,288,Release,record,natural,natural,0,none,0,0,0,0,0,288,9,16,9,0,9,0,6083,675,10,17,10,0,10,0,48040,4804,2,0,2,0,2,0,10,5,0,0,0,0,0,0,0,15,1,0,0,0,0,0,0,0:0:0:0:0:0:0:0:0:0:9:0:0:0:0:0:0:0:0:0:0:0:0:0:0:0:0:0:0:0:0:0:0:0:1:9:0:0:0:0:0:0:0:0:0:0:0:2:0:0:0:0:0:0:0:0:0:0:0:0:0:0:0:0:0:0
mtfs-sentinel-dataset-v1,1,952,1398033974,1229212993,317940016,1100000,1,511,0,1,normal,289,Release,record,natural,natural,0,none,0,0,0,0,0,289,9,16,9,0,9,0,6357,706,10,17,10,0,10,0,48350,4835,2,0,2,0,2,0,11,5,0,0,0,0,0,0,0,15,1,0,0,0,0,0,0,0:0:0:0:0:0:0:0:0:0:8:1:0:0:0:0:0:0:0:0:0:0:0:0:0:0:0:0:0:0:0:0:0:0:1:9:0:0:0:0:0:0:0:0:0:0:0:2:0:0:0:0:0:0:0:0:0:0:0:0:0:0:0:0:0:0
mtfs-sentinel-dataset-v1,1,952,1398033974,1229212993,319040016,1100000,1,511,0,1,normal,290,Release,record,natural,natural,0,none,0,0,0,0,0,290,9,16,9,0,9,0,6202,689,10,17,10,0,10,0,49800,4980,2,0,2,0,2,0,10,5,0,0,0,0,0,0,0,15,1,0,0,0,0,0,0,0:0:0:0:0:0:0:0:0:0:8:1:0:0:0:0:0:0:0:0:0:0:0:0:0:0:0:0:0:0:0:0:0:0:1:9:0:0:0:0:0:0:0:0:0:0:0:2:0:0:0:0:0:0:0:0:0:0:0:0:0:0:0:0:0:0
mtfs-sentinel-dataset-v1,1,952,1398033974,1229212993,320130016,1090000,1,511,0,1,normal,291,Release,record,natural,natural,0,none,0,0,0,0,0,291,9,16,9,0,9,0,6015,668,10,17,10,0,10,0,45716,4571,2,0,2,0,2,0,10,5,0,0,0,0,0,0,0,15,1,0,0,0,0,0,0,0:0:0:0:0:0:0:0:0:0:9:0:0:0:0:0:0:0:0:0:0:0:0:0:0:0:0:0:0:0:0:0:0:0:3:7:0:0:0:0:0:0:0:0:0:0:0:2:0:0:0:0:0:0:0:0:0:0:0:0:0:0:0:0:0:0
mtfs-sentinel-dataset-v1,1,952,1398033974,1229212993,321230016,1100000,1,511,0,1,normal,292,Release,record,natural,natural,0,none,0,0,0,0,0,292,9,16,9,0,9,0,6065,673,10,17,10,0,10,0,48101,4810,2,0,2,0,2,0,10,5,0,0,0,0,0,0,0,15,1,0,0,0,0,0,0,0:0:0:0:0:0:0:0:0:0:9:0:0:0:0:0:0:0:0:0:0:0:0:0:0:0:0:0:0:0:0:0:0:0:1:9:0:0:0:0:0:0:0:0:0:0:0:2:0:0:0:0:0:0:0:0:0:0:0:0:0:0:0:0:0:0
mtfs-sentinel-dataset-v1,1,952,1398033974,1229212993,322330016,1100000,1,511,0,1,normal,293,Release,record,natural,natural,0,none,0,0,0,0,0,293,9,16,9,0,9,0,6330,703,10,17,10,0,10,0,48345,4834,2,0,2,0,2,0,10,5,0,0,0,0,0,0,0,15,1,0,0,0,0,0,0,0:0:0:0:0:0:0:0:0:0:8:1:0:0:0:0:0:0:0:0:0:0:0:0:0:0:0:0:0:0:0:0:0:0:3:7:0:0:0:0:0:0:0:0:0:0:0:2:0:0:0:0:0:0:0:0:0:0:0:0:0:0:0:0:0:0
mtfs-sentinel-dataset-v1,1,952,1398033974,1229212993,323430016,1100000,1,511,0,1,normal,294,Release,record,natural,natural,0,none,0,0,0,0,0,294,9,16,9,0,9,0,6196,688,10,17,10,0,10,0,49734,4973,2,0,2,0,2,0,10,5,0,0,0,0,0,0,0,15,1,0,0,0,0,0,0,0:0:0:0:0:0:0:0:0:0:8:1:0:0:0:0:0:0:0:0:0:0:0:0:0:0:0:0:0:0:0:0:0:0:1:9:0:0:0:0:0:0:0:0:0:0:0:2:0:0:0:0:0:0:0:0:0:0:0:0:0:0:0:0:0:0
mtfs-sentinel-dataset-v1,1,952,1398033974,1229212993,324520016,1090000,1,511,0,1,normal,295,Release,record,natural,natural,0,none,0,0,0,0,0,295,9,16,9,0,9,0,6028,669,10,17,10,0,10,0,45301,4530,2,0,2,0,2,0,10,5,0,0,0,0,0,0,0,15,1,0,0,0,0,0,0,0:0:0:0:0:0:0:0:0:0:9:0:0:0:0:0:0:0:0:0:0:0:0:0:0:0:0:0:0:0:0:0:0:0:5:5:0:0:0:0:0:0:0:0:0:0:0:2:0:0:0:0:0:0:0:0:0:0:0:0:0:0:0:0:0:0
mtfs-sentinel-dataset-v1,1,952,1398033974,1229212993,325620016,1100000,1,511,0,1,normal,296,Release,record,natural,natural,0,none,0,0,0,0,0,296,9,16,9,0,9,0,5978,664,10,17,10,0,10,0,47894,4789,2,0,2,0,2,0,10,5,0,0,0,0,0,0,0,15,1,0,0,0,0,0,0,0:0:0:0:0:0:0:0:0:0:9:0:0:0:0:0:0:0:0:0:0:0:0:0:0:0:0:0:0:0:0:0:0:0:2:8:0:0:0:0:0:0:0:0:0:0:0:2:0:0:0:0:0:0:0:0:0:0:0:0:0:0:0:0:0:0
mtfs-sentinel-dataset-v1,1,952,1398033974,1229212993,326730016,1110000,1,511,0,1,normal,297,Release,record,natural,natural,0,none,0,0,0,0,0,297,9,16,9,0,9,0,6242,693,10,17,10,0,10,0,61767,6176,2,0,2,0,2,0,10,5,0,0,0,0,0,0,0,15,1,0,0,0,0,0,0,0:0:0:0:0:0:0:0:0:0:8:1:0:0:0:0:0:0:0:0:0:0:0:0:0:0:0:0:0:0:0:0:0:0:3:6:0:1:0:0:0:0:0:0:0:0:0:2:0:0:0:0:0:0:0:0:0:0:0:0:0:0:0:0:0:0
mtfs-sentinel-dataset-v1,1,952,1398033974,1229212993,327830016,1100000,1,511,0,1,normal,298,Release,record,natural,natural,0,none,0,0,0,0,0,298,9,16,9,0,9,0,6164,684,10,17,10,0,10,0,50076,5007,2,0,2,0,2,0,11,5,0,0,0,0,0,0,0,15,1,0,0,0,0,0,0,0:0:0:0:0:0:0:0:0:0:9:0:0:0:0:0:0:0:0:0:0:0:0:0:0:0:0:0:0:0:0:0:0:0:1:9:0:0:0:0:0:0:0:0:0:0:0:2:0:0:0:0:0:0:0:0:0:0:0:0:0:0:0:0:0:0
mtfs-sentinel-dataset-v1,1,952,1398033974,1229212993,328920016,1090000,1,511,0,1,normal,299,Release,record,natural,natural,0,none,0,0,0,0,0,299,9,16,9,0,9,0,6013,668,10,17,10,0,10,0,46422,4642,2,0,2,0,2,0,11,5,0,0,0,0,0,0,0,15,1,0,0,0,0,0,0,0:0:0:0:0:0:0:0:0:0:9:0:0:0:0:0:0:0:0:0:0:0:0:0:0:0:0:0:0:0:0:0:0:0:3:7:0:0:0:0:0:0:0:0:0:0:0:2:0:0:0:0:0:0:0:0:0:0:0:0:0:0:0:0:0:0
mtfs-sentinel-dataset-v1,1,952,1398033974,1229212993,330020016,1100000,1,511,0,1,normal,300,Release,record,natural,natural,0,none,0,0,0,0,0,300,9,16,9,0,9,0,6145,682,10,17,10,0,10,0,48073,4807,2,0,2,0,2,0,10,5,0,0,0,0,0,0,0,15,1,0,0,0,0,0,0,0:0:0:0:0:0:0:0:0:0:9:0:0:0:0:0:0:0:0:0:0:0:0:0:0:0:0:0:0:0:0:0:0:0:2:8:0:0:0:0:0:0:0:0:0:0:0:2:0:0:0:0:0:0:0:0:0:0:0:0:0:0:0:0:0:0
mtfs-sentinel-dataset-v1,1,952,1398033974,1229212993,331120016,1100000,1,511,0,1,normal,301,Release,record,natural,natural,0,none,0,0,0,0,0,301,9,16,9,0,9,0,6282,698,10,17,10,0,10,0,48741,4874,2,0,2,0,2,0,10,5,0,0,0,0,0,0,0,15,1,0,0,0,0,0,0,0:0:0:0:0:0:0:0:0:0:8:1:0:0:0:0:0:0:0:0:0:0:0:0:0:0:0:0:0:0:0:0:0:0:2:8:0:0:0:0:0:0:0:0:0:0:0:2:0:0:0:0:0:0:0:0:0:0:0:0:0:0:0:0:0:0
mtfs-sentinel-dataset-v1,1,952,1398033974,1229212993,332220016,1100000,1,511,0,1,normal,302,Release,record,natural,natural,0,none,0,0,0,0,0,302,9,16,9,0,9,0,6230,692,10,17,10,0,10,0,50006,5000,2,0,2,0,2,0,11,5,0,0,0,0,0,0,0,15,1,0,0,0,0,0,0,0:0:0:0:0:0:0:0:0:0:8:1:0:0:0:0:0:0:0:0:0:0:0:0:0:0:0:0:0:0:0:0:0:0:1:9:0:0:0:0:0:0:0:0:0:0:0:2:0:0:0:0:0:0:0:0:0:0:0:0:0:0:0:0:0:0
mtfs-sentinel-dataset-v1,1,952,1398033974,1229212993,333310016,1090000,1,511,0,1,normal,303,Release,record,natural,natural,0,none,0,0,0,0,0,303,9,16,9,0,9,0,6034,670,10,17,10,0,10,0,45765,4576,2,0,2,0,2,0,10,5,0,0,0,0,0,0,0,15,1,0,0,0,0,0,0,0:0:0:0:0:0:0:0:0:0:9:0:0:0:0:0:0:0:0:0:0:0:0:0:0:0:0:0:0:0:0:0:0:0:3:7:0:0:0:0:0:0:0:0:0:0:0:2:0:0:0:0:0:0:0:0:0:0:0:0:0:0:0:0:0:0
mtfs-sentinel-dataset-v1,1,952,1398033974,1229212993,334410016,1100000,1,511,0,1,normal,304,Release,record,natural,natural,0,none,0,0,0,0,0,304,9,16,9,0,9,0,6078,675,10,17,10,0,10,0,48024,4802,2,0,2,0,2,0,10,5,0,0,0,0,0,0,0,15,1,0,0,0,0,0,0,0:0:0:0:0:0:0:0:0:0:9:0:0:0:0:0:0:0:0:0:0:0:0:0:0:0:0:0:0:0:0:0:0:0:2:8:0:0:0:0:0:0:0:0:0:0:0:2:0:0:0:0:0:0:0:0:0:0:0:0:0:0:0:0:0:0
mtfs-sentinel-dataset-v1,1,952,1398033974,1229212993,335510016,1100000,1,511,0,1,normal,305,Release,record,natural,natural,0,none,0,0,0,0,0,305,9,16,9,0,9,0,6338,704,10,17,10,0,10,0,48275,4827,2,0,2,0,2,0,10,5,0,0,0,0,0,0,0,15,1,0,0,0,0,0,0,0:0:0:0:0:0:0:0:0:0:8:1:0:0:0:0:0:0:0:0:0:0:0:0:0:0:0:0:0:0:0:0:0:0:3:7:0:0:0:0:0:0:0:0:0:0:0:2:0:0:0:0:0:0:0:0:0:0:0:0:0:0:0:0:0:0
mtfs-sentinel-dataset-v1,1,952,1398033974,1229212993,336610016,1100000,1,511,0,1,normal,306,Release,record,natural,natural,0,none,0,0,0,0,0,306,9,16,9,0,9,0,6184,687,10,17,10,0,10,0,49728,4972,2,0,2,0,2,0,10,5,0,0,0,0,0,0,0,15,1,0,0,0,0,0,0,0:0:0:0:0:0:0:0:0:0:8:1:0:0:0:0:0:0:0:0:0:0:0:0:0:0:0:0:0:0:0:0:0:0:1:9:0:0:0:0:0:0:0:0:0:0:0:2:0:0:0:0:0:0:0:0:0:0:0:0:0:0:0:0:0:0
mtfs-sentinel-dataset-v1,1,952,1398033974,1229212993,337700016,1090000,1,511,0,1,normal,307,Release,record,natural,natural,0,none,0,0,0,0,0,307,9,16,9,0,9,0,5999,666,10,17,10,0,10,0,45831,4583,2,0,2,0,2,0,11,5,0,0,0,0,0,0,0,15,1,0,0,0,0,0,0,0:0:0:0:0:0:0:0:0:0:9:0:0:0:0:0:0:0:0:0:0:0:0:0:0:0:0:0:0:0:0:0:0:0:4:6:0:0:0:0:0:0:0:0:0:0:0:2:0:0:0:0:0:0:0:0:0:0:0:0:0:0:0:0:0:0
mtfs-sentinel-dataset-v1,1,952,1398033974,1229212993,338800016,1100000,1,511,0,1,normal,308,Release,record,natural,natural,0,none,0,0,0,0,0,308,9,16,9,0,9,0,6092,676,10,17,10,0,10,0,47391,4739,2,0,2,0,2,0,10,5,0,0,0,0,0,0,0,15,1,0,0,0,0,0,0,0:0:0:0:0:0:0:0:0:0:9:0:0:0:0:0:0:0:0:0:0:0:0:0:0:0:0:0:0:0:0:0:0:0:2:8:0:0:0:0:0:0:0:0:0:0:0:2:0:0:0:0:0:0:0:0:0:0:0:0:0:0:0:0:0:0
mtfs-sentinel-dataset-v1,1,952,1398033974,1229212993,339900016,1100000,1,511,0,1,normal,309,Release,record,natural,natural,0,none,0,0,0,0,0,309,9,16,9,0,9,0,6295,699,10,17,10,0,10,0,54263,5426,2,0,2,0,2,0,10,5,0,0,0,0,0,0,0,15,1,0,0,0,0,0,0,0:0:0:0:0:0:0:0:0:0:8:1:0:0:0:0:0:0:0:0:0:0:0:0:0:0:0:0:0:0:0:0:0:0:0:9:1:0:0:0:0:0:0:0:0:0:0:2:0:0:0:0:0:0:0:0:0:0:0:0:0:0:0:0:0:0
mtfs-sentinel-dataset-v1,1,952,1398033974,1229212993,341000016,1100000,1,511,0,1,normal,310,Release,record,natural,natural,0,none,0,0,0,0,0,310,9,16,9,0,9,0,6167,685,10,17,10,0,10,0,50015,5001,2,0,2,0,2,0,10,5,0,0,0,0,0,0,0,15,1,0,0,0,0,0,0,0:0:0:0:0:0:0:0:0:0:8:1:0:0:0:0:0:0:0:0:0:0:0:0:0:0:0:0:0:0:0:0:0:0:1:9:0:0:0:0:0:0:0:0:0:0:0:2:0:0:0:0:0:0:0:0:0:0:0:0:0:0:0:0:0:0
mtfs-sentinel-dataset-v1,1,952,1398033974,1229212993,342090016,1090000,1,511,0,1,normal,311,Release,record,natural,natural,0,none,0,0,0,0,0,311,9,16,9,0,9,0,6011,667,10,17,10,0,10,0,45591,4559,2,0,2,0,2,0,11,5,0,0,0,0,0,0,0,15,1,0,0,0,0,0,0,0:0:0:0:0:0:0:0:0:0:9:0:0:0:0:0:0:0:0:0:0:0:0:0:0:0:0:0:0:0:0:0:0:0:4:6:0:0:0:0:0:0:0:0:0:0:0:2:0:0:0:0:0:0:0:0:0:0:0:0:0:0:0:0:0:0
mtfs-sentinel-dataset-v1,1,952,1398033974,1229212993,343190016,1100000,1,511,0,1,normal,312,Release,record,natural,natural,0,none,0,0,0,0,0,312,9,16,9,0,9,0,5992,665,10,17,10,0,10,0,48289,4828,2,0,2,0,2,0,10,5,0,0,0,0,0,0,0,15,1,0,0,0,0,0,0,0:0:0:0:0:0:0:0:0:0:9:0:0:0:0:0:0:0:0:0:0:0:0:0:0:0:0:0:0:0:0:0:0:0:2:8:0:0:0:0:0:0:0:0:0:0:0:2:0:0:0:0:0:0:0:0:0:0:0:0:0:0:0:0:0:0
mtfs-sentinel-dataset-v1,1,952,1398033974,1229212993,344290016,1100000,1,511,0,1,normal,313,Release,record,natural,natural,0,none,0,0,0,0,0,313,9,16,9,0,9,0,6389,709,10,17,10,0,10,0,48468,4846,2,0,2,0,2,0,11,5,0,0,0,0,0,0,0,15,1,0,0,0,0,0,0,0:0:0:0:0:0:0:0:0:0:8:1:0:0:0:0:0:0:0:0:0:0:0:0:0:0:0:0:0:0:0:0:0:0:1:9:0:0:0:0:0:0:0:0:0:0:0:2:0:0:0:0:0:0:0:0:0:0:0:0:0:0:0:0:0:0
mtfs-sentinel-dataset-v1,1,952,1398033974,1229212993,345390016,1100000,1,511,0,1,normal,314,Release,record,natural,natural,0,none,0,0,0,0,0,314,9,16,9,0,9,0,6259,695,10,17,10,0,10,0,50115,5011,2,0,2,0,2,0,10,5,0,0,0,0,0,0,0,15,1,0,0,0,0,0,0,0:0:0:0:0:0:0:0:0:0:8:1:0:0:0:0:0:0:0:0:0:0:0:0:0:0:0:0:0:0:0:0:0:0:1:9:0:0:0:0:0:0:0:0:0:0:0:2:0:0:0:0:0:0:0:0:0:0:0:0:0:0:0:0:0:0
mtfs-sentinel-dataset-v1,1,952,1398033974,1229212993,346480016,1090000,1,511,0,1,normal,315,Release,record,natural,natural,0,none,0,0,0,0,0,315,9,16,9,0,9,0,6069,674,10,17,10,0,10,0,45759,4575,2,0,2,0,2,0,11,5,0,0,0,0,0,0,0,15,1,0,0,0,0,0,0,0:0:0:0:0:0:0:0:0:0:9:0:0:0:0:0:0:0:0:0:0:0:0:0:0:0:0:0:0:0:0:0:0:0:4:6:0:0:0:0:0:0:0:0:0:0:0:2:0:0:0:0:0:0:0:0:0:0:0:0:0:0:0:0:0:0
mtfs-sentinel-dataset-v1,1,952,1398033974,1229212993,347580016,1100000,1,511,0,1,normal,316,Release,record,natural,natural,0,none,0,0,0,0,0,316,9,16,9,0,9,0,6117,679,10,17,10,0,10,0,48285,4828,2,0,2,0,2,0,11,5,0,0,0,0,0,0,0,15,1,0,0,0,0,0,0,0:0:0:0:0:0:0:0:0:0:9:0:0:0:0:0:0:0:0:0:0:0:0:0:0:0:0:0:0:0:0:0:0:0:2:8:0:0:0:0:0:0:0:0:0:0:0:2:0:0:0:0:0:0:0:0:0:0:0:0:0:0:0:0:0:0
mtfs-sentinel-dataset-v1,1,952,1398033974,1229212993,348680016,1100000,1,511,0,1,normal,317,Release,record,natural,natural,0,none,0,0,0,0,0,317,9,16,9,0,9,0,6348,705,10,17,10,0,10,0,48324,4832,2,0,2,0,2,0,11,5,0,0,0,0,0,0,0,15,1,0,0,0,0,0,0,0:0:0:0:0:0:0:0:0:0:8:1:0:0:0:0:0:0:0:0:0:0:0:0:0:0:0:0:0:0:0:0:0:0:3:7:0:0:0:0:0:0:0:0:0:0:0:2:0:0:0:0:0:0:0:0:0:0:0:0:0:0:0:0:0:0
mtfs-sentinel-dataset-v1,1,952,1398033974,1229212993,349780016,1100000,1,511,0,1,normal,318,Release,record,natural,natural,0,none,0,0,0,0,0,318,9,16,9,0,9,0,6194,688,10,17,10,0,10,0,49985,4998,2,0,2,0,2,0,10,5,0,0,0,0,0,0,0,15,1,0,0,0,0,0,0,0:0:0:0:0:0:0:0:0:0:8:1:0:0:0:0:0:0:0:0:0:0:0:0:0:0:0:0:0:0:0:0:0:0:1:9:0:0:0:0:0:0:0:0:0:0:0:2:0:0:0:0:0:0:0:0:0:0:0:0:0:0:0:0:0:0
mtfs-sentinel-dataset-v1,1,952,1398033974,1229212993,350870016,1090000,1,511,0,1,normal,319,Release,record,natural,natural,0,none,0,0,0,0,0,319,9,16,9,0,9,0,6129,681,10,17,10,0,10,0,45904,4590,2,0,2,0,2,0,10,5,0,0,0,0,0,0,0,15,1,0,0,0,0,0,0,0:0:0:0:0:0:0:0:0:0:9:0:0:0:0:0:0:0:0:0:0:0:0:0:0:0:0:0:0:0:0:0:0:0:3:7:0:0:0:0:0:0:0:0:0:0:0:2:0:0:0:0:0:0:0:0:0:0:0:0:0:0:0:0:0:0
mtfs-sentinel-dataset-v1,1,952,1398033974,1229212993,351970016,1100000,1,511,0,1,normal,320,Release,record,natural,natural,0,none,0,0,0,0,0,320,9,16,9,0,9,0,6062,673,10,17,10,0,10,0,48299,4829,2,0,2,0,2,0,11,5,0,0,0,0,0,0,0,15,1,0,0,0,0,0,0,0:0:0:0:0:0:0:0:0:0:9:0:0:0:0:0:0:0:0:0:0:0:0:0:0:0:0:0:0:0:0:0:0:0:2:8:0:0:0:0:0:0:0:0:0:0:0:2:0:0:0:0:0:0:0:0:0:0:0:0:0:0:0:0:0:0
mtfs-sentinel-dataset-v1,1,952,1398033974,1229212993,353070016,1100000,1,511,0,1,normal,321,Release,record,natural,natural,0,none,0,0,0,0,0,321,9,16,9,0,9,0,6329,703,10,17,10,0,10,0,48249,4824,2,0,2,0,2,0,11,5,0,0,0,0,0,0,0,15,1,0,0,0,0,0,0,0:0:0:0:0:0:0:0:0:0:8:1:0:0:0:0:0:0:0:0:0:0:0:0:0:0:0:0:0:0:0:0:0:0:3:7:0:0:0:0:0:0:0:0:0:0:0:2:0:0:0:0:0:0:0:0:0:0:0:0:0:0:0:0:0:0
mtfs-sentinel-dataset-v1,1,952,1398033974,1229212993,354170016,1100000,1,511,0,1,normal,322,Release,record,natural,natural,0,none,0,0,0,0,0,322,9,16,9,0,9,0,6128,680,10,17,10,0,10,0,49675,4967,2,0,2,0,2,0,10,5,0,0,0,0,0,0,0,15,1,0,0,0,0,0,0,0:0:0:0:0:0:0:0:0:0:9:0:0:0:0:0:0:0:0:0:0:0:0:0:0:0:0:0:0:0:0:0:0:0:1:9:0:0:0:0:0:0:0:0:0:0:0:2:0:0:0:0:0:0:0:0:0:0:0:0:0:0:0:0:0:0
mtfs-sentinel-dataset-v1,1,952,1398033974,1229212993,355260016,1090000,1,511,0,1,normal,323,Release,record,natural,natural,0,none,0,0,0,0,0,323,9,16,9,0,9,0,6079,675,10,17,10,0,10,0,45781,4578,2,0,2,0,2,0,10,5,0,0,0,0,0,0,0,15,1,0,0,0,0,0,0,0:0:0:0:0:0:0:0:0:0:9:0:0:0:0:0:0:0:0:0:0:0:0:0:0:0:0:0:0:0:0:0:0:0:4:6:0:0:0:0:0:0:0:0:0:0:0:2:0:0:0:0:0:0:0:0:0:0:0:0:0:0:0:0:0:0
mtfs-sentinel-dataset-v1,1,952,1398033974,1229212993,356360016,1100000,1,511,0,1,normal,324,Release,record,natural,natural,0,none,0,0,0,0,0,324,9,16,9,0,9,0,6025,669,10,17,10,0,10,0,47997,4799,2,0,2,0,2,0,10,5,0,0,0,0,0,0,0,15,1,0,0,0,0,0,0,0:0:0:0:0:0:0:0:0:0:9:0:0:0:0:0:0:0:0:0:0:0:0:0:0:0:0:0:0:0:0:0:0:0:1:9:0:0:0:0:0:0:0:0:0:0:0:2:0:0:0:0:0:0:0:0:0:0:0:0:0:0:0:0:0:0
mtfs-sentinel-dataset-v1,1,952,1398033974,1229212993,357460016,1100000,1,511,0,1,normal,325,Release,record,natural,natural,0,none,0,0,0,0,0,325,9,16,9,0,9,0,6359,706,10,17,10,0,10,0,48212,4821,2,0,2,0,2,0,10,5,0,0,0,0,0,0,0,15,1,0,0,0,0,0,0,0:0:0:0:0:0:0:0:0:0:8:1:0:0:0:0:0:0:0:0:0:0:0:0:0:0:0:0:0:0:0:0:0:0:2:8:0:0:0:0:0:0:0:0:0:0:0:2:0:0:0:0:0:0:0:0:0:0:0:0:0:0:0:0:0:0
mtfs-sentinel-dataset-v1,1,952,1398033974,1229212993,358560016,1100000,1,511,0,1,normal,326,Release,record,natural,natural,0,none,0,0,0,0,0,326,9,16,9,0,9,0,6255,695,10,17,10,0,10,0,49717,4971,2,0,2,0,2,0,10,5,0,0,0,0,0,0,0,15,1,0,0,0,0,0,0,0:0:0:0:0:0:0:0:0:0:8:1:0:0:0:0:0:0:0:0:0:0:0:0:0:0:0:0:0:0:0:0:0:0:1:9:0:0:0:0:0:0:0:0:0:0:0:2:0:0:0:0:0:0:0:0:0:0:0:0:0:0:0:0:0:0
mtfs-sentinel-dataset-v1,1,952,1398033974,1229212993,359650016,1090000,1,511,0,1,normal,327,Release,record,natural,natural,0,none,0,0,0,0,0,327,9,16,9,0,9,0,6029,669,10,17,10,0,10,0,45486,4548,2,0,2,0,2,0,11,5,0,0,0,0,0,0,0,15,1,0,0,0,0,0,0,0:0:0:0:0:0:0:0:0:0:9:0:0:0:0:0:0:0:0:0:0:0:0:0:0:0:0:0:0:0:0:0:0:0:4:6:0:0:0:0:0:0:0:0:0:0:0:2:0:0:0:0:0:0:0:0:0:0:0:0:0:0:0:0:0:0
mtfs-sentinel-dataset-v1,1,952,1398033974,1229212993,360750016,1100000,1,511,0,1,normal,328,Release,record,natural,natural,0,none,0,0,0,0,0,328,9,16,9,0,9,0,6150,683,10,17,10,0,10,0,48031,4803,2,0,2,0,2,0,11,5,0,0,0,0,0,0,0,15,1,0,0,0,0,0,0,0:0:0:0:0:0:0:0:0:0:9:0:0:0:0:0:0:0:0:0:0:0:0:0:0:0:0:0:0:0:0:0:0:0:2:8:0:0:0:0:0:0:0:0:0:0:0:2:0:0:0:0:0:0:0:0:0:0:0:0:0:0:0:0:0:0
mtfs-sentinel-dataset-v1,1,952,1398033974,1229212993,361850016,1100000,1,511,0,1,normal,329,Release,record,natural,natural,0,none,0,0,0,0,0,329,9,16,9,0,9,0,6330,703,10,17,10,0,10,0,48167,4816,2,0,2,0,2,0,10,5,0,0,0,0,0,0,0,15,1,0,0,0,0,0,0,0:0:0:0:0:0:0:0:0:0:8:1:0:0:0:0:0:0:0:0:0:0:0:0:0:0:0:0:0:0:0:0:0:0:2:8:0:0:0:0:0:0:0:0:0:0:0:2:0:0:0:0:0:0:0:0:0:0:0:0:0:0:0:0:0:0
mtfs-sentinel-dataset-v1,1,952,1398033974,1229212993,362950016,1100000,1,511,0,1,normal,330,Release,record,natural,natural,0,none,0,0,0,0,0,330,9,16,9,0,9,0,6252,694,10,17,10,0,10,0,49687,4968,2,0,2,0,2,0,11,5,0,0,0,0,0,0,0,15,1,0,0,0,0,0,0,0:0:0:0:0:0:0:0:0:0:8:1:0:0:0:0:0:0:0:0:0:0:0:0:0:0:0:0:0:0:0:0:0:0:1:9:0:0:0:0:0:0:0:0:0:0:0:2:0:0:0:0:0:0:0:0:0:0:0:0:0:0:0:0:0:0
mtfs-sentinel-dataset-v1,1,952,1398033974,1229212993,364040016,1090000,1,511,0,1,normal,331,Release,record,natural,natural,0,none,0,0,0,0,0,331,9,16,9,0,9,0,6008,667,10,17,10,0,10,0,45769,4576,2,0,2,0,2,0,10,5,0,0,0,0,0,0,0,15,1,0,0,0,0,0,0,0:0:0:0:0:0:0:0:0:0:9:0:0:0:0:0:0:0:0:0:0:0:0:0:0:0:0:0:0:0:0:0:0:0:4:6:0:0:0:0:0:0:0:0:0:0:0:2:0:0:0:0:0:0:0:0:0:0:0:0:0:0:0:0:0:0
mtfs-sentinel-dataset-v1,1,952,1398033974,1229212993,365140016,1100000,1,511,0,1,normal,332,Release,record,natural,natural,0,none,0,0,0,0,0,332,9,16,9,0,9,0,6050,672,10,17,10,0,10,0,47889,4788,2,0,2,0,2,0,10,5,0,0,0,0,0,0,0,15,1,0,0,0,0,0,0,0:0:0:0:0:0:0:0:0:0:9:0:0:0:0:0:0:0:0:0:0:0:0:0:0:0:0:0:0:0:0:0:0:0:1:9:0:0:0:0:0:0:0:0:0:0:0:2:0:0:0:0:0:0:0:0:0:0:0:0:0:0:0:0:0:0
