mtfs-sentinel-dataset-v1,feature_schema_version,size,target,transport,timestamp_us,interval_us,media_generation,validity,flags,samples,label,marker,build_type,command,scenario_origin,stage,severity,injection_kind,injection_operation_mask,injection_rate_permille,requested_delay_us,actual_injection_count,random_seed,sequence,read_calls,read_sectors,read_ok,read_fail,read_timing,read_invalid,read_total_us,read_avg_us,write_calls,write_sectors,write_ok,write_fail,write_timing,write_invalid,write_total_us,write_avg_us,sync_calls,sync_sectors,sync_ok,sync_fail,sync_timing,sync_invalid,sync_total_us,sync_avg_us,io_error,not_ready,no_media,timeout,insert,remove,media_error,transport_validity,transport_flags,transport_reset_epoch,transport_errors,transfer_timeouts,ready_timeouts,aborts,clock_errors,histogram_r_w_s
mtfs-sentinel-dataset-v1,1,952,1398033974,1229212993,1630016,1394764,1,511,0,1,normal,1,Release,record,natural,natural,0,none,0,0,0,0,0,1,6,13,6,0,6,0,1443,240,10,17,10,0,10,0,310706,31070,2,0,2,0,2,0,14,7,0,0,0,0,0,0,0,15,1,0,0,0,0,0,0,0:0:0:0:0:0:0:0:3:3:0:0:0:0:0:0:0:0:0:0:0:0:0:0:0:0:0:0:0:0:0:0:0:7:2:0:0:0:0:0:1:0:0:0:0:0:0:2:0:0:0:0:0:0:0:0:0:0:0:0:0:0:0:0:0:0
mtfs-sentinel-dataset-v1,1,952,1398033974,1229212993,2690016,1060000,1,511,0,1,normal,2,Release,record,natural,natural,0,none,0,0,0,0,0,2,6,13,6,0,6,0,1444,240,10,17,10,0,10,0,19125,1912,2,0,2,0,2,0,14,7,0,0,0,0,0,0,0,15,1,0,0,0,0,0,0,0:0:0:0:0:0:0:0:3:3:0:0:0:0:0:0:0:0:0:0:0:0:0:0:0:0:0:0:0:0:0:0:1:8:1:0:0:0:0:0:0:0:0:0:0:0:0:2:0:0:0:0:0:0:0:0:0:0:0:0:0:0:0:0:0:0
mtfs-sentinel-dataset-v1,1,952,1398033974,1229212993,3750016,1060000,1,511,0,1,normal,3,Release,record,natural,natural,0,none,0,0,0,0,0,3,6,13,6,0,6,0,1242,207,10,17,10,0,10,0,19214,1921,2,0,2,0,2,0,14,7,0,0,0,0,0,0,0,15,1,0,0,0,0,0,0,0:0:0:0:0:0:0:0:5:1:0:0:0:0:0:0:0:0:0:0:0:0:0:0:0:0:0:0:0:0:0:0:0:9:1:0:0:0:0:0:0:0:0:0:0:0:0:2:0:0:0:0:0:0:0:0:0:0:0:0:0:0:0:0:0:0
mtfs-sentinel-dataset-v1,1,952,1398033974,1229212993,4820016,1070000,1,511,0,1,normal,4,Release,record,natural,natural,0,none,0,0,0,0,0,4,6,13,6,0,6,0,1283,213,10,17,10,0,10,0,24366,2436,2,0,2,0,2,0,14,7,0,0,0,0,0,0,0,15,1,0,0,0,0,0,0,0:0:0:0:0:0:0:0:4:2:0:0:0:0:0:0:0:0:0:0:0:0:0:0:0:0:0:0:0:0:0:0:0:7:2:1:0:0:0:0:0:0:0:0:0:0:0:2:0:0:0:0:0:0:0:0:0:0:0:0:0:0:0:0:0:0
mtfs-sentinel-dataset-v1,1,952,1398033974,1229212993,5880016,1060000,1,511,0,1,normal,5,Release,record,natural,natural,0,none,0,0,0,0,0,5,6,13,6,0,6,0,1241,206,10,17,10,0,10,0,19317,1931,2,0,2,0,2,0,13,6,0,0,0,0,0,0,0,15,1,0,0,0,0,0,0,0:0:0:0:0:0:0:0:4:2:0:0:0:0:0:0:0:0:0:0:0:0:0:0:0:0:0:0:0:0:0:0:1:7:2:0:0:0:0:0:0:0:0:0:0:0:0:2:0:0:0:0:0:0:0:0:0:0:0:0:0:0:0:0:0:0
mtfs-sentinel-dataset-v1,1,952,1398033974,1229212993,6950016,1070000,1,511,0,1,normal,6,Release,record,natural,natural,0,none,0,0,0,0,0,6,6,13,6,0,6,0,1445,240,10,17,10,0,10,0,23720,2372,2,0,2,0,2,0,13,6,0,0,0,0,0,0,0,15,1,0,0,0,0,0,0,0:0:0:0:0:0:0:0:3:3:0:0:0:0:0:0:0:0:0:0:0:0:0:0:0:0:0:0:0:0:0:0:1:7:1:1:0:0:0:0:0:0:0:0:0:0:0:2:0:0:0:0:0:0:0:0:0:0:0:0:0:0:0:0:0:0
mtfs-sentinel-dataset-v1,1,952,1398033974,1229212993,8010016,1060000,1,511,0,1,normal,7,Release,record,natural,natural,0,none,0,0,0,0,0,7,6,13,6,0,6,0,1244,207,10,17,10,0,10,0,19028,1902,2,0,2,0,2,0,14,7,0,0,0,0,0,0,0,15,1,0,0,0,0,0,0,0:0:0:0:0:0:0:0:5:1:0:0:0:0:0:0:0:0:0:0:0:0:0:0:0:0:0:0:0:0:0:0:0:9:1:0:0:0:0:0:0:0:0:0:0:0:0:2:0:0:0:0:0:0:0:0:0:0:0:0:0:0:0:0:0:0
mtfs-sentinel-dataset-v1,1,952,1398033974,1229212993,9070016,1060000,1,511,0,1,normal,8,Release,record,natural,natural,0,none,0,0,0,0,0,8,6,13,6,0,6,0,1296,216,10,17,10,0,10,0,18998,1899,2,0,2,0,2,0,13,6,0,0,0,0,0,0,0,15,1,0,0,0,0,0,0,0:0:0:0:0:0:0:0:4:2:0:0:0:0:0:0:0:0:0:0:0:0:0:0:0:0:0:0:0:0:0:0:0:9:1:0:0:0:0:0:0:0:0:0:0:0:0:2:0:0:0:0:0:0:0:0:0:0:0:0:0:0:0:0:0:0
mtfs-sentinel-dataset-v1,1,952,1398033974,1229212993,10130016,1060000,1,511,0,1,normal,9,Release,record,natural,natural,0,none,0,0,0,0,0,9,6,13,6,0,6,0,1242,207,10,17,10,0,10,0,19422,1942,2,0,2,0,2,0,13,6,0,0,0,0,0,0,0,15,1,0,0,0,0,0,0,0:0:0:0:0:0:0:0:4:2:0:0:0:0:0:0:0:0:0:0:0:0:0:0:0:0:0:0:0:0:0:0:1:7:2:0:0:0:0:0:0:0:0:0:0:0:0:2:0:0:0:0:0:0:0:0:0:0:0:0:0:0:0:0:0:0
mtfs-sentinel-dataset-v1,1,952,1398033974,1229212993,11190016,1060000,1,511,0,1,normal,10,Release,record,natural,natural,0,none,0,0,0,0,0,10,6,13,6,0,6,0,1443,240,10,17,10,0,10,0,19028,1902,2,0,2,0,2,0,14,7,0,0,0,0,0,0,0,15,1,0,0,0,0,0,0,0:0:0:0:0:0:0:0:3:3:0:0:0:0:0:0:0:0:0:0:0:0:0:0:0:0:0:0:0:0:0:0:1:8:1:0:0:0:0:0:0:0:0:0:0:0:0:2:0:0:0:0:0:0:0:0:0:0:0:0:0:0:0:0:0:0
mtfs-sentinel-dataset-v1,1,952,1398033974,1229212993,12250016,1060000,1,511,0,1,normal,11,Release,record,natural,natural,0,none,0,0,0,0,0,11,6,13,6,0,6,0,1244,207,10,17,10,0,10,0,19129,1912,2,0,2,0,2,0,14,7,0,0,0,0,0,0,0,15,1,0,0,0,0,0,0,0:0:0:0:0:0:0:0:5:1:0:0:0:0:0:0:0:0:0:0:0:0:0:0:0:0:0:0:0:0:0:0:0:9:1:0:0:0:0:0:0:0:0:0:0:0:0:2:0:0:0:0:0:0:0:0:0:0:0:0:0:0:0:0:0:0
mtfs-sentinel-dataset-v1,1,952,1398033974,1229212993,13310016,1060000,1,511,0,1,normal,12,Release,record,natural,natural,0,none,0,0,0,0,0,12,6,13,6,0,6,0,1279,213,10,17,10,0,10,0,20911,2091,2,0,2,0,2,0,13,6,0,0,0,0,0,0,0,15,1,0,0,0,0,0,0,0:0:0:0:0:0:0:0:4:2:0:0:0:0:0:0:0:0:0:0:0:0:0:0:0:0:0:0:0:0:0:0:0:8:2:0:0:0:0:0:0:0:0:0:0:0:0:2:0:0:0:0:0:0:0:0:0:0:0:0:0:0:0:0:0:0
mtfs-sentinel-dataset-v1,1,952,1398033974,1229212993,14380016,1070000,1,511,0,1,normal,13,Release,record,natural,natural,0,none,0,0,0,0,0,13,6,13,6,0,6,0,1261,210,10,17,10,0,10,0,22793,2279,2,0,2,0,2,0,13,6,0,0,0,0,0,0,0,15,1,0,0,0,0,0,0,0:0:0:0:0:0:0:0:4:2:0:0:0:0:0:0:0:0:0:0:0:0:0:0:0:0:0:0:0:0:0:0:1:6:2:1:0:0:0:0:0:0:0:0:0:0:0:2:0:0:0:0:0:0:0:0:0:0:0:0:0:0:0:0:0:0
mtfs-sentinel-dataset-v1,1,952,1398033974,1229212993,15440016,1060000,1,511,0,1,normal,14,Release,record,natural,natural,0,none,0,0,0,0,0,14,6,13,6,0,6,0,1445,240,10,17,10,0,10,0,19117,1911,2,0,2,0,2,0,13,6,0,0,0,0,0,0,0,15,1,0,0,0,0,0,0,0:0:0:0:0:0:0:0:3:3:0:0:0:0:0:0:0:0:0:0:0:0:0:0:0:0:0:0:0:0:0:0:1:8:1:0:0:0:0:0:0:0:0:0:0:0:0:2:0:0:0:0:0:0:0:0:0:0:0:0:0:0:0:0:0:0
mtfs-sentinel-dataset-v1,1,952,1398033974,1229212993,16500016,1060000,1,511,0,1,normal,15,Release,record,natural,natural,0,none,0,0,0,0,0,15,6,13,6,0,6,0,1240,206,10,17,10,0,10,0,19219,1921,2,0,2,0,2,0,14,7,0,0,0,0,0,0,0,15,1,0,0,0,0,0,0,0:0:0:0:0:0:0:0:5:1:0:0:0:0:0:0:0:0:0:0:0:0:0:0:0:0:0:0:0:0:0:0:0:9:1:0:0:0:0:0:0:0:0:0:0:0:0:2:0:0:0:0:0:0:0:0:0:0:0:0:0:0:0:0:0:0
mtfs-sentinel-dataset-v1,1,952,1398033974,1229212993,17560016,1060000,1,511,0,1,normal,16,Release,record,natural,natural,0,none,0,0,0,0,0,16,6,13,6,0,6,0,1295,215,10,17,10,0,10,0,18903,1890,2,0,2,0,2,0,13,6,0,0,0,0,0,0,0,15,1,0,0,0,0,0,0,0:0:0:0:0:0:0:0:4:2:0:0:0:0:0:0:0:0:0:0:0:0:0:0:0:0:0:0:0:0:0:0:0:9:1:0:0:0:0:0:0:0:0:0:0:0:0:2:0:0:0:0:0:0:0:0:0:0:0:0:0:0:0:0:0:0
mtfs-sentinel-dataset-v1,1,952,1398033974,1229212993,18630016,1070000,1,511,0,1,normal,17,Release,record,natural,natural,0,none,0,0,0,0,0,17,6,13,6,0,6,0,1245,207,10,17,10,0,10,0,22522,2252,2,0,2,0,2,0,13,6,0,0,0,0,0,0,0,15,1,0,0,0,0,0,0,0:0:0:0:0:0:0:0:4:2:0:0:0:0:0:0:0:0:0:0:0:0:0:0:0:0:0:0:0:0:0:0:1:6:2:1:0:0:0:0:0:0:0:0:0:0:0:2:0:0:0:0:0:0:0:0:0:0:0:0:0:0:0:0:0:0
mtfs-sentinel-dataset-v1,1,952,1398033974,1229212993,19690016,1060000,1,511,0,1,normal,18,Release,record,natural,natural,0,none,0,0,0,0,0,18,6,13,6,0,6,0,1445,240,10,17,10,0,10,0,18908,1890,2,0,2,0,2,0,13,6,0,0,0,0,0,0,0,15,1,0,0,0,0,0,0,0:0:0:0:0:0:0:0:3:3:0:0:0:0:0:0:0:0:0:0:0:0:0:0:0:0:0:0:0:0:0:0:1:8:1:0:0:0:0:0:0:0:0:0:0:0:0:2:0:0:0:0:0:0:0:0:0:0:0:0:0:0:0:0:0:0
mtfs-sentinel-dataset-v1,1,952,1398033974,1229212993,20760016,1070000,1,511,0,1,normal,19,Release,record,natural,natural,0,none,0,0,0,0,0,19,6,13,6,0,6,0,1245,207,10,17,10,0,10,0,23864,2386,2,0,2,0,2,0,14,7,0,0,0,0,0,0,0,15,1,0,0,0,0,0,0,0:0:0:0:0:0:0:0:5:1:0:0:0:0:0:0:0:0:0:0:0:0:0:0:0:0:0:0:0:0:0:0:0:8:1:1:0:0:0:0:0:0:0:0:0:0:0:2:0:0:0:0:0:0:0:0:0:0:0:0:0:0:0:0:0:0
mtfs-sentinel-dataset-v1,1,952,1398033974,1229212993,21820016,1060000,1,511,0,1,normal,20,Release,record,natural,natural,0,none,0,0,0,0,0,20,6,13,6,0,6,0,1296,216,10,17,10,0,10,0,20815,2081,2,0,2,0,2,0,14,7,0,0,0,0,0,0,0,15,1,0,0,0,0,0,0,0:0:0:0:0:0:0:0:4:2:0:0:0:0:0:0:0:0:0:0:0:0:0:0:0:0:0:0:0:0:0:0:0:8:2:0:0:0:0:0:0:0:0:0:0:0:0:2:0:0:0:0:0:0:0:0:0:0:0:0:0:0:0:0:0:0
mtfs-sentinel-dataset-v1,1,952,1398033974,1229212993,22880016,1060000,1,511,0,1,normal,21,Release,record,natural,natural,0,none,0,0,0,0,0,21,6,13,6,0,6,0,1244,207,10,17,10,0,10,0,19409,1940,2,0,2,0,2,0,14,7,0,0,0,0,0,0,0,15,1,0,0,0,0,0,0,0:0:0:0:0:0:0:0:4:2:0:0:0:0:0:0:0:0:0:0:0:0:0:0:0:0:0:0:0:0:0:0:1:7:2:0:0:0:0:0:0:0:0:0:0:0:0:2:0:0:0:0:0:0:0:0:0:0:0:0:0:0:0:0:0:0
mtfs-sentinel-dataset-v1,1,952,1398033974,1229212993,23940016,1060000,1,511,0,1,normal,22,Release,record,natural,natural,0,none,0,0,0,0,0,22,6,13,6,0,6,0,1444,240,10,17,10,0,10,0,18977,1897,2,0,2,0,2,0,14,7,0,0,0,0,0,0,0,15,1,0,0,0,0,0,0,0:0:0:0:0:0:0:0:3:3:0:0:0:0:0:0:0:0:0:0:0:0:0:0:0:0:0:0:0:0:0:0:1:8:1:0:0:0:0:0:0:0:0:0:0:0:0:2:0:0:0:0:0:0:0:0:0:0:0:0:0:0:0:0:0:0
mtfs-sentinel-dataset-v1,1,952,1398033974,1229212993,25000016,1060000,1,511,0,1,normal,23,Release,record,natural,natural,0,none,0,0,0,0,0,23,6,13,6,0,6,0,1243,207,10,17,10,0,10,0,19132,1913,2,0,2,0,2,0,14,7,0,0,0,0,0,0,0,15,1,0,0,0,0,0,0,0:0:0:0:0:0:0:0:5:1:0:0:0:0:0:0:0:0:0:0:0:0:0:0:0:0:0:0:0:0:0:0:0:9:1:0:0:0:0:0:0:0:0:0:0:0:0:2:0:0:0:0:0:0:0:0:0:0:0:0:0:0:0:0:0:0
mtfs-sentinel-dataset-v1,1,952,1398033974,1229212993,26060016,1060000,1,511,0,1,normal,24,Release,record,natural,natural,0,none,0,0,0,0,0,24,6,13,6,0,6,0,1285,214,10,17,10,0,10,0,16560,1656,2,0,2,0,2,0,14,7,0,0,0,0,0,0,0,15,1,0,0,0,0,0,0,0:0:0:0:0:0:0:1:3:2:0:0:0:0:0:0:0:0:0:0:0:0:0:0:0:0:0:0:0:0:0:0:2:7:1:0:0:0:0:0:0:0:0:0:0:0:0:2:0:0:0:0:0:0:0:0:0:0:0:0:0:0:0:0:0:0
mtfs-sentinel-dataset-v1,1,952,1398033974,1229212993,27120016,1060000,1,511,0,1,normal,25,Release,record,natural,natural,0,none,0,0,0,0,0,25,6,13,6,0,6,0,1242,207,10,17,10,0,10,0,16901,1690,2,0,2,0,2,0,14,7,0,0,0,0,0,0,0,15,1,0,0,0,0,0,0,0:0:0:0:0:0:0:2:2:2:0:0:0:0:0:0:0:0:0:0:0:0:0:0:0:0:0:0:0:0:0:0:2:6:2:0:0:0:0:0:0:0:0:0:0:0:0:2:0:0:0:0:0:0:0:0:0:0:0:0:0:0:0:0:0:0
mtfs-sentinel-dataset-v1,1,952,1398033974,1229212993,28180016,1060000,1,511,0,1,normal,26,Release,record,natural,natural,0,none,0,0,0,0,0,26,6,13,6,0,6,0,1429,238,10,17,10,0,10,0,16384,1638,2,0,2,0,2,0,13,6,0,0,0,0,0,0,0,15,1,0,0,0,0,0,0,0:0:0:0:0:0:0:2:1:3:0:0:0:0:0:0:0:0:0:0:0:0:0:0:0:0:0:0:0:0:0:0:2:7:1:0:0:0:0:0:0:0:0:0:0:0:0:2:0:0:0:0:0:0:0:0:0:0:0:0:0:0:0:0:0:0
mtfs-sentinel-dataset-v1,1,952,1398033974,1229212993,29240016,1060000,1,511,0,1,normal,27,Release,record,natural,natural,0,none,0,0,0,0,0,27,6,13,6,0,6,0,1228,204,10,17,10,0,10,0,16364,1636,2,0,2,0,2,0,14,7,0,0,0,0,0,0,0,15,1,0,0,0,0,0,0,0:0:0:0:0:0:0:2:3:0:1:0:0:0:0:0:0:0:0:0:0:0:0:0:0:0:0:0:0:0:0:0:2:7:1:0:0:0:0:0:0:0:0:0:0:0:0:2:0:0:0:0:0:0:0:0:0:0:0:0:0:0:0:0:0:0
mtfs-sentinel-dataset-v1,1,952,1398033974,1229212993,30300016,1060000,1,511,0,1,normal,28,Release,record,natural,natural,0,none,0,0,0,0,0,28,6,13,6,0,6,0,1227,204,10,17,10,0,10,0,19673,1967,2,0,2,0,2,0,14,7,0,0,0,0,0,0,0,15,1,0,0,0,0,0,0,0:0:0:0:0:0:0:1:3:2:0:0:0:0:0:0:0:0:0:0:0:0:0:0:0:0:0:0:0:0:0:0:3:4:2:1:0:0:0:0:0:0:0:0:0:0:0:2:0:0:0:0:0:0:0:0:0:0:0:0:0:0:0:0:0:0
mtfs-sentinel-dataset-v1,1,952,1398033974,1229212993,31360016,1060000,1,511,0,1,normal,29,Release,record,natural,natural,0,none,0,0,0,0,0,29,6,13,6,0,6,0,1227,204,10,17,10,0,10,0,17001,1700,2,0,2,0,2,0,13,6,0,0,0,0,0,0,0,15,1,0,0,0,0,0,0,0:0:0:0:0:0:0:2:2:2:0:0:0:0:0:0:0:0:0:0:0:0:0:0:0:0:0:0:0:0:0:0:2:6:2:0:0:0:0:0:0:0:0:0:0:0:0:2:0:0:0:0:0:0:0:0:0:0:0:0:0:0:0:0:0:0
mtfs-sentinel-dataset-v1,1,952,1398033974,1229212993,32420016,1060000,1,511,0,1,normal,30,Release,record,natural,natural,0,none,0,0,0,0,0,30,6,13,6,0,6,0,1429,238,10,17,10,0,10,0,16425,1642,2,0,2,0,2,0,14,7,0,0,0,0,0,0,0,15,1,0,0,0,0,0,0,0:0:0:0:0:0:0:2:1:3:0:0:0:0:0:0:0:0:0:0:0:0:0:0:0:0:0:0:0:0:0:0:2:7:1:0:0:0:0:0:0:0:0:0:0:0:0:2:0:0:0:0:0:0:0:0:0:0:0:0:0:0:0:0:0:0
mtfs-sentinel-dataset-v1,1,952,1398033974,1229212993,33480016,1060000,1,511,0,1,normal,31,Release,record,natural,natural,0,none,0,0,0,0,0,31,6,13,6,0,6,0,1228,204,10,17,10,0,10,0,20010,2001,2,0,2,0,2,0,14,7,0,0,0,0,0,0,0,15,1,0,0,0,0,0,0,0:0:0:0:0:0:0:2:3:0:1:0:0:0:0:0:0:0:0:0:0:0:0:0:0:0:0:0:0:0:0:0:2:6:1:1:0:0:0:0:0:0:0:0:0:0:0:2:0:0:0:0:0:0:0:0:0:0:0:0:0:0:0:0:0:0
mtfs-sentinel-dataset-v1,1,952,1398033974,1229212993,34540016,1060000,1,511,0,1,normal,32,Release,record,natural,natural,0,none,0,0,0,0,0,32,6,13,6,0,6,0,1230,205,10,17,10,0,10,0,16211,1621,2,0,2,0,2,0,14,7,0,0,0,0,0,0,0,15,1,0,0,0,0,0,0,0:0:0:0:0:0:0:1:3:2:0:0:0:0:0:0:0:0:0:0:0:0:0:0:0:0:0:0:0:0:0:0:3:5:2:0:0:0:0:0:0:0:0:0:0:0:0:2:0:0:0:0:0:0:0:0:0:0:0:0:0:0:0:0:0:0
mtfs-sentinel-dataset-v1,1,952,1398033974,1229212993,35690016,1150000,1,511,0,1,normal,33,Release,record,natural,natural,0,none,0,0,0,0,0,33,6,13,6,0,6,0,1271,211,10,17,10,0,10,0,108482,10848,2,0,2,0,2,0,14,7,0,0,0,0,0,0,0,15,1,0,0,0,0,0,0,0:0:0:0:0:0:0:0:4:2:0:0:0:0:0:0:0:0:0:0:0:0:0:0:0:0:0:0:0:0:0:0:0:8:1:0:0:0:0:1:0:0:0:0:0:0:0:2:0:0:0:0:0:0:0:0:0:0:0:0:0:0:0:0:0:0
mtfs-sentinel-dataset-v1,1,952,1398033974,1229212993,36750016,1060000,1,511,0,1,normal,34,Release,record,natural,natural,0,none,0,0,0,0,0,34,6,13,6,0,6,0,1445,240,10,17,10,0,10,0,18879,1887,2,0,2,0,2,0,13,6,0,0,0,0,0,0,0,15,1,0,0,0,0,0,0,0:0:0:0:0:0:0:0:3:3:0:0:0:0:0:0:0:0:0:0:0:0:0:0:0:0:0:0:0:0:0:0:1:8:1:0:0:0:0:0:0:0:0:0:0:0:0:2:0:0:0:0:0:0:0:0:0:0:0:0:0:0:0:0:0:0
mtfs-sentinel-dataset-v1,1,952,1398033974,1229212993,37820016,1070000,1,511,0,1,normal,35,Release,record,natural,natural,0,none,0,0,0,0,0,35,6,13,6,0,6,0,1240,206,10,17,10,0,10,0,23791,2379,2,0,2,0,2,0,14,7,0,0,0,0,0,0,0,15,1,0,0,0,0,0,0,0:0:0:0:0:0:0:0:5:1:0:0:0:0:0:0:0:0:0:0:0:0:0:0:0:0:0:0:0:0:0:0:0:8:1:1:0:0:0:0:0:0:0:0:0:0:0:2:0:0:0:0:0:0:0:0:0:0:0:0:0:0:0:0:0:0
mtfs-sentinel-dataset-v1,1,952,1398033974,1229212993,38880016,1060000,1,511,0,1,normal,36,Release,record,natural,natural,0,none,0,0,0,0,0,36,6,13,6,0,6,0,1283,213,10,17,10,0,10,0,18965,1896,2,0,2,0,2,0,14,7,0,0,0,0,0,0,0,15,1,0,0,0,0,0,0,0:0:0:0:0:0:0:0:4:2:0:0:0:0:0:0:0:0:0:0:0:0:0:0:0:0:0:0:0:0:0:0:0:9:1:0:0:0:0:0:0:0:0:0:0:0:0:2:0:0:0:0:0:0:0:0:0:0:0:0:0:0:0:0:0:0
mtfs-sentinel-dataset-v1,1,952,1398033974,1229212993,39940016,1060000,1,511,0,1,normal,37,Release,record,natural,natural,0,none,0,0,0,0,0,37,6,13,6,0,6,0,1243,207,10,17,10,0,10,0,19395,1939,2,0,2,0,2,0,13,6,0,0,0,0,0,0,0,15,1,0,0,0,0,0,0,0:0:0:0:0:0:0:0:4:2:0:0:0:0:0:0:0:0:0:0:0:0:0:0:0:0:0:0:0:0:0:0:1:7:2:0:0:0:0:0:0:0:0:0:0:0:0:2:0:0:0:0:0:0:0:0:0:0:0:0:0:0:0:0:0:0
mtfs-sentinel-dataset-v1,1,952,1398033974,1229212993,41000016,1060000,1,511,0,1,normal,38,Release,record,natural,natural,0,none,0,0,0,0,0,38,6,13,6,0,6,0,1445,240,10,17,10,0,10,0,18927,1892,2,0,2,0,2,0,12,6,0,0,0,0,0,0,0,15,1,0,0,0,0,0,0,0:0:0:0:0:0:0:0:3:3:0:0:0:0:0:0:0:0:0:0:0:0:0:0:0:0:0:0:0:0:0:0:1:8:1:0:0:0:0:0:0:0:0:0:0:0:0:2:0:0:0:0:0:0:0:0:0:0:0:0:0:0:0:0:0:0
mtfs-sentinel-dataset-v1,1,952,1398033974,1229212993,42060016,1060000,1,511,0,1,normal,39,Release,record,natural,natural,0,none,0,0,0,0,0,39,6,13,6,0,6,0,1240,206,10,17,10,0,10,0,19067,1906,2,0,2,0,2,0,14,7,0,0,0,0,0,0,0,15,1,0,0,0,0,0,0,0:0:0:0:0:0:0:0:5:1:0:0:0:0:0:0:0:0:0:0:0:0:0:0:0:0:0:0:0:0:0:0:0:9:1:0:0:0:0:0:0:0:0:0:0:0:0:2:0:0:0:0:0:0:0:0:0:0:0:0:0:0:0:0:0:0
mtfs-sentinel-dataset-v1,1,952,1398033974,1229212993,43120016,1060000,1,511,0,1,normal,40,Release,record,natural,natural,0,none,0,0,0,0,0,40,6,13,6,0,6,0,1316,219,10,17,10,0,10,0,19057,1905,2,0,2,0,2,0,14,7,0,0,0,0,0,0,0,15,1,0,0,0,0,0,0,0:0:0:0:0:0:0:0:4:2:0:0:0:0:0:0:0:0:0:0:0:0:0:0:0:0:0:0:0:0:0:0:0:9:1:0:0:0:0:0:0:0:0:0:0:0:0:2:0:0:0:0:0:0:0:0:0:0:0:0:0:0:0:0:0:0
mtfs-sentinel-dataset-v1,1,952,1398033974,1229212993,44180016,1060000,1,511,0,1,normal,41,Release,record,natural,natural,0,none,0,0,0,0,0,41,6,13,6,0,6,0,1240,206,10,17,10,0,10,0,19494,1949,2,0,2,0,2,0,14,7,0,0,0,0,0,0,0,15,1,0,0,0,0,0,0,0:0:0:0:0:0:0:0:4:2:0:0:0:0:0:0:0:0:0:0:0:0:0:0:0:0:0:0:0:0:0:0:1:7:2:0:0:0:0:0:0:0:0:0:0:0:0:2:0:0:0:0:0:0:0:0:0:0:0:0:0:0:0:0:0:0
mtfs-sentinel-dataset-v1,1,952,1398033974,1229212993,45240016,1060000,1,511,0,1,normal,42,Release,record,natural,natural,0,none,0,0,0,0,0,42,6,13,6,0,6,0,1452,242,10,17,10,0,10,0,19036,1903,2,0,2,0,2,0,14,7,0,0,0,0,0,0,0,15,1,0,0,0,0,0,0,0:0:0:0:0:0:0:0:3:3:0:0:0:0:0:0:0:0:0:0:0:0:0:0:0:0:0:0:0:0:0:0:1:8:1:0:0:0:0:0:0:0:0:0:0:0:0:2:0:0:0:0:0:0:0:0:0:0:0:0:0:0:0:0:0:0
mtfs-sentinel-dataset-v1,1,952,1398033974,1229212993,46300016,1060000,1,511,0,1,normal,43,Release,record,natural,natural,0,none,0,0,0,0,0,43,6,13,6,0,6,0,1243,207,10,17,10,0,10,0,19141,1914,2,0,2,0,2,0,13,6,0,0,0,0,0,0,0,15,1,0,0,0,0,0,0,0:0:0:0:0:0:0:0:5:1:0:0:0:0:0:0:0:0:0:0:0:0:0:0:0:0:0:0:0:0:0:0:0:9:1:0:0:0:0:0:0:0:0:0:0:0:0:2:0:0:0:0:0:0:0:0:0:0:0:0:0:0:0:0:0:0
mtfs-sentinel-dataset-v1,1,952,1398033974,1229212993,47370016,1070000,1,511,0,1,normal,44,Release,record,natural,natural,0,none,0,0,0,0,0,44,6,13,6,0,6,0,1277,212,10,17,10,0,10,0,27351,2735,2,0,2,0,2,0,14,7,0,0,0,0,0,0,0,15,1,0,0,0,0,0,0,0:0:0:0:0:0:0:0:4:2:0:0:0:0:0:0:0:0:0:0:0:0:0:0:0:0:0:0:0:0:0:0:0:7:1:2:0:0:0:0:0:0:0:0:0:0:0:2:0:0:0:0:0:0:0:0:0:0:0:0:0:0:0:0:0:0
mtfs-sentinel-dataset-v1,1,952,1398033974,1229212993,48430016,1060000,1,511,0,1,normal,45,Release,record,natural,natural,0,none,0,0,0,0,0,45,6,13,6,0,6,0,1253,208,10,17,10,0,10,0,19598,1959,2,0,2,0,2,0,13,6,0,0,0,0,0,0,0,15,1,0,0,0,0,0,0,0:0:0:0:0:0:0:0:4:2:0:0:0:0:0:0:0:0:0:0:0:0:0:0:0:0:0:0:0:0:0:0:1:7:2:0:0:0:0:0:0:0:0:0:0:0:0:2:0:0:0:0:0:0:0:0:0:0:0:0:0:0:0:0:0:0
mtfs-sentinel-dataset-v1,1,952,1398033974,1229212993,49490016,1060000,1,511,0,1,normal,46,Release,record,natural,natural,0,none,0,0,0,0,0,46,6,13,6,0,6,0,1454,242,10,17,10,0,10,0,18933,1893,2,0,2,0,2,0,13,6,0,0,0,0,0,0,0,15,1,0,0,0,0,0,0,0:0:0:0:0:0:0:0:3:3:0:0:0:0:0:0:0:0:0:0:0:0:0:0:0:0:0:0:0:0:0:0:1:8:1:0:0:0:0:0:0:0:0:0:0:0:0:2:0:0:0:0:0:0:0:0:0:0:0:0:0:0:0:0:0:0
mtfs-sentinel-dataset-v1,1,952,1398033974,1229212993,50550016,1060000,1,511,0,1,normal,47,Release,record,natural,natural,0,none,0,0,0,0,0,47,6,13,6,0,6,0,1242,207,10,17,10,0,10,0,18940,1894,2,0,2,0,2,0,14,7,0,0,0,0,0,0,0,15,1,0,0,0,0,0,0,0:0:0:0:0:0:0:0:5:1:0:0:0:0:0:0:0:0:0:0:0:0:0:0:0:0:0:0:0:0:0:0:0:9:1:0:0:0:0:0:0:0:0:0:0:0:0:2:0:0:0:0:0:0:0:0:0:0:0:0:0:0:0:0:0:0
mtfs-sentinel-dataset-v1,1,952,1398033974,1229212993,51610016,1060000,1,511,0,1,normal,48,Release,record,natural,natural,0,none,0,0,0,0,0,48,6,13,6,0,6,0,1293,215,10,17,10,0,10,0,18888,1888,2,0,2,0,2,0,12,6,0,0,0,0,0,0,0,15,1,0,0,0,0,0,0,0:0:0:0:0:0:0:0:4:2:0:0:0:0:0:0:0:0:0:0:0:0:0:0:0:0:0:0:0:0:0:0:0:9:1:0:0:0:0:0:0:0:0:0:0:0:0:2:0:0:0:0:0:0:0:0:0:0:0:0:0:0:0:0:0:0
mtfs-sentinel-dataset-v1,1,952,1398033974,1229212993,52680016,1070000,1,511,0,1,normal,49,Release,record,natural,natural,0,none,0,0,0,0,0,49,6,13,6,0,6,0,1251,208,10,17,10,0,10,0,24163,2416,2,0,2,0,2,0,13,6,0,0,0,0,0,0,0,15,1,0,0,0,0,0,0,0:0:0:0:0:0:0:0:4:2:0:0:0:0:0:0:0:0:0:0:0:0:0:0:0:0:0:0:0:0:0:0:1:6:2:1:0:0:0:0:0:0:0:0:0:0:0:2:0:0:0:0:0:0:0:0:0:0:0:0:0:0:0:0:0:0
mtfs-sentinel-dataset-v1,1,952,1398033974,1229212993,53740016,1060000,1,511,0,1,normal,50,Release,record,natural,natural,0,none,0,0,0,0,0,50,6,13,6,0,6,0,1454,242,10,17,10,0,10,0,18899,1889,2,0,2,0,2,0,14,7,0,0,0,0,0,0,0,15,1,0,0,0,0,0,0,0:0:0:0:0:0:0:0:3:3:0:0:0:0:0:0:0:0:0:0:0:0:0:0:0:0:0:0:0:0:0:0:1:8:1:0:0:0:0:0:0:0:0:0:0:0:0:2:0:0:0:0:0:0:0:0:0:0:0:0:0:0:0:0:0:0
mtfs-sentinel-dataset-v1,1,952,1398033974,1229212993,54800016,1060000,1,511,0,1,normal,51,Release,record,natural,natural,0,none,0,0,0,0,0,51,6,13,6,0,6,0,1242,207,10,17,10,0,10,0,18991,1899,2,0,2,0,2,0,13,6,0,0,0,0,0,0,0,15,1,0,0,0,0,0,0,0:0:0:0:0:0:0:0:5:1:0:0:0:0:0:0:0:0:0:0:0:0:0:0:0:0:0:0:0:0:0:0:0:9:1:0:0:0:0:0:0:0:0:0:0:0:0:2:0:0:0:0:0:0:0:0:0:0:0:0:0:0:0:0:0:0
mtfs-sentinel-dataset-v1,1,952,1398033974,1229212993,55860016,1060000,1,511,0,1,normal,52,Release,record,natural,natural,0,none,0,0,0,0,0,52,6,13,6,0,6,0,1294,215,10,17,10,0,10,0,20816,2081,2,0,2,0,2,0,12,6,0,0,0,0,0,0,0,15,1,0,0,0,0,0,0,0:0:0:0:0:0:0:0:4:2:0:0:0:0:0:0:0:0:0:0:0:0:0:0:0:0:0:0:0:0:0:0:0:8:2:0:0:0:0:0:0:0:0:0:0:0:0:2:0:0:0:0:0:0:0:0:0:0:0:0:0:0:0:0:0:0
mtfs-sentinel-dataset-v1,1,952,1398033974,1229212993,56920016,1060000,1,511,0,1,normal,53,Release,record,natural,natural,0,none,0,0,0,0,0,53,6,13,6,0,6,0,1254,209,10,17,10,0,10,0,19441,1944,2,0,2,0,2,0,13,6,0,0,0,0,0,0,0,15,1,0,0,0,0,0,0,0:0:0:0:0:0:0:0:4:2:0:0:0:0:0:0:0:0:0:0:0:0:0:0:0:0:0:0:0:0:0:0:1:7:2:0:0:0:0:0:0:0:0:0:0:0:0:2:0:0:0:0:0:0:0:0:0:0:0:0:0:0:0:0:0:0
mtfs-sentinel-dataset-v1,1,952,1398033974,1229212993,57980016,1060000,1,511,0,1,normal,54,Release,record,natural,natural,0,none,0,0,0,0,0,54,6,13,6,0,6,0,1455,242,10,17,10,0,10,0,18959,1895,2,0,2,0,2,0,13,6,0,0,0,0,0,0,0,15,1,0,0,0,0,0,0,0:0:0:0:0:0:0:0:3:3:0:0:0:0:0:0:0:0:0:0:0:0:0:0:0:0:0:0:0:0:0:0:1:8:1:0:0:0:0:0:0:0:0:0:0:0:0:2:0:0:0:0:0:0:0:0:0:0:0:0:0:0:0:0:0:0
mtfs-sentinel-dataset-v1,1,952,1398033974,1229212993,59040016,1060000,1,511,0,1,normal,55,Release,record,natural,natural,0,none,0,0,0,0,0,55,6,13,6,0,6,0,1245,207,10,17,10,0,10,0,19118,1911,2,0,2,0,2,0,14,7,0,0,0,0,0,0,0,15,1,0,0,0,0,0,0,0:0:0:0:0:0:0:0:5:1:0:0:0:0:0:0:0:0:0:0:0:0:0:0:0:0:0:0:0:0:0:0:0:9:1:0:0:0:0:0:0:0:0:0:0:0:0:2:0:0:0:0:0:0:0:0:0:0:0:0:0:0:0:0:0:0
mtfs-sentinel-dataset-v1,1,952,1398033974,1229212993,60110016,1070000,1,511,0,1,normal,56,Release,record,natural,natural,0,none,0,0,0,0,0,56,6,13,6,0,6,0,1294,215,10,17,10,0,10,0,22751,2275,2,0,2,0,2,0,14,7,0,0,0,0,0,0,0,15,1,0,0,0,0,0,0,0:0:0:0:0:0:0:0:4:2:0:0:0:0:0:0:0:0:0:0:0:0:0:0:0:0:0:0:0:0:0:0:0:8:1:1:0:0:0:0:0:0:0:0:0:0:0:2:0:0:0:0:0:0:0:0:0:0:0:0:0:0:0:0:0:0
mtfs-sentinel-dataset-v1,1,952,1398033974,1229212993,61170016,1060000,1,511,0,1,normal,57,Release,record,natural,natural,0,none,0,0,0,0,0,57,6,13,6,0,6,0,1251,208,10,17,10,0,10,0,19527,1952,2,0,2,0,2,0,14,7,0,0,0,0,0,0,0,15,1,0,0,0,0,0,0,0:0:0:0:0:0:0:0:4:2:0:0:0:0:0:0:0:0:0:0:0:0:0:0:0:0:0:0:0:0:0:0:1:7:2:0:0:0:0:0:0:0:0:0:0:0:0:2:0:0:0:0:0:0:0:0:0:0:0:0:0:0:0:0:0:0
mtfs-sentinel-dataset-v1,1,952,1398033974,1229212993,62240016,1070000,1,511,0,1,normal,58,Release,record,natural,natural,0,none,0,0,0,0,0,58,6,13,6,0,6,0,1453,242,10,17,10,0,10,0,22315,2231,2,0,2,0,2,0,13,6,0,0,0,0,0,0,0,15,1,0,0,0,0,0,0,0:0:0:0:0:0:0:0:3:3:0:0:0:0:0:0:0:0:0:0:0:0:0:0:0:0:0:0:0:0:0:0:1:7:1:1:0:0:0:0:0:0:0:0:0:0:0:2:0:0:0:0:0:0:0:0:0:0:0:0:0:0:0:0:0:0
mtfs-sentinel-dataset-v1,1,952,1398033974,1229212993,63300016,1060000,1,511,0,1,normal,59,Release,record,natural,natural,0,none,0,0,0,0,0,59,6,13,6,0,6,0,1243,207,10,17,10,0,10,0,19199,1919,2,0,2,0,2,0,14,7,0,0,0,0,0,0,0,15,1,0,0,0,0,0,0,0:0:0:0:0:0:0:0:5:1:0:0:0:0:0:0:0:0:0:0:0:0:0:0:0:0:0:0:0:0:0:0:0:9:1:0:0:0:0:0:0:0:0:0:0:0:0:2:0:0:0:0:0:0:0:0:0:0:0:0:0:0:0:0:0:0
mtfs-sentinel-dataset-v1,1,952,1398033974,1229212993,64360016,1060000,1,511,0,1,normal,60,Release,record,natural,natural,0,none,0,0,0,0,0,60,6,13,6,0,6,0,1278,213,10,17,10,0,10,0,20937,2093,2,0,2,0,2,0,14,7,0,0,0,0,0,0,0,15,1,0,0,0,0,0,0,0:0:0:0:0:0:0:0:4:2:0:0:0:0:0:0:0:0:0:0:0:0:0:0:0:0:0:0:0:0:0:0:0:8:2:0:0:0:0:0:0:0:0:0:0:0:0:2:0:0:0:0:0:0:0:0:0:0:0:0:0:0:0:0:0:0
mtfs-sentinel-dataset-v1,1,952,1398033974,1229212993,65420016,1060000,1,511,0,1,normal,61,Release,record,natural,natural,0,none,0,0,0,0,0,61,6,13,6,0,6,0,1254,209,10,17,10,0,10,0,19298,1929,2,0,2,0,2,0,14,7,0,0,0,0,0,0,0,15,1,0,0,0,0,0,0,0:0:0:0:0:0:0:0:4:2:0:0:0:0:0:0:0:0:0:0:0:0:0:0:0:0:0:0:0:0:0:0:1:7:2:0:0:0:0:0:0:0:0:0:0:0:0:2:0:0:0:0:0:0:0:0:0:0:0:0:0:0:0:0:0:0
mtfs-sentinel-dataset-v1,1,952,1398033974,1229212993,66480016,1060000,1,511,0,1,normal,62,Release,record,natural,natural,0,none,0,0,0,0,0,62,6,13,6,0,6,0,1455,242,10,17,10,0,10,0,18833,1883,2,0,2,0,2,0,14,7,0,0,0,0,0,0,0,15,1,0,0,0,0,0,0,0:0:0:0:0:0:0:0:3:3:0:0:0:0:0:0:0:0:0:0:0:0:0:0:0:0:0:0:0:0:0:0:1:8:1:0:0:0:0:0:0:0:0:0:0:0:0:2:0:0:0:0:0:0:0:0:0:0:0:0:0:0:0:0:0:0
mtfs-sentinel-dataset-v1,1,952,1398033974,1229212993,67550016,1070000,1,511,0,1,normal,63,Release,record,natural,natural,0,none,0,0,0,0,0,63,6,13,6,0,6,0,1241,206,10,17,10,0,10,0,23795,2379,2,0,2,0,2,0,13,6,0,0,0,0,0,0,0,15,1,0,0,0,0,0,0,0:0:0:0:0:0:0:0:5:1:0:0:0:0:0:0:0:0:0:0:0:0:0:0:0:0:0:0:0:0:0:0:0:8:1:1:0:0:0:0:0:0:0:0:0:0:0:2:0:0:0:0:0:0:0:0:0:0:0:0:0:0:0:0:0:0
mtfs-sentinel-dataset-v1,1,952,1398033974,1229212993,68610016,1060000,1,511,0,1,normal,64,Release,record,natural,natural,0,none,0,0,0,0,0,64,6,13,6,0,6,0,1309,218,10,17,10,0,10,0,18945,1894,2,0,2,0,2,0,14,7,0,0,0,0,0,0,0,15,1,0,0,0,0,0,0,0:0:0:0:0:0:0:0:4:2:0:0:0:0:0:0:0:0:0:0:0:0:0:0:0:0:0:0:0:0:0:0:0:9:1:0:0:0:0:0:0:0:0:0:0:0:0:2:0:0:0:0:0:0:0:0:0:0:0:0:0:0:0:0:0:0
mtfs-sentinel-dataset-v1,1,952,1398033974,1229212993,69670016,1060000,1,511,0,1,normal,65,Release,record,natural,natural,0,none,0,0,0,0,0,65,6,13,6,0,6,0,1253,208,10,17,10,0,10,0,19380,1938,2,0,2,0,2,0,13,6,0,0,0,0,0,0,0,15,1,0,0,0,0,0,0,0:0:0:0:0:0:0:0:4:2:0:0:0:0:0:0:0:0:0:0:0:0:0:0:0:0:0:0:0:0:0:0:1:7:2:0:0:0:0:0:0:0:0:0:0:0:0:2:0:0:0:0:0:0:0:0:0:0:0:0:0:0:0:0:0:0
mtfs-sentinel-dataset-v1,1,952,1398033974,1229212993,70730016,1060000,1,511,0,1,normal,66,Release,record,natural,natural,0,none,0,0,0,0,0,66,6,13,6,0,6,0,1456,242,10,17,10,0,10,0,18920,1892,2,0,2,0,2,0,14,7,0,0,0,0,0,0,0,15,1,0,0,0,0,0,0,0:0:0:0:0:0:0:0:3:3:0:0:0:0:0:0:0:0:0:0:0:0:0:0:0:0:0:0:0:0:0:0:1:8:1:0:0:0:0:0:0:0:0:0:0:0:0:2:0:0:0:0:0:0:0:0:0:0:0:0:0:0:0:0:0:0
mtfs-sentinel-dataset-v1,1,952,1398033974,1229212993,71790016,1060000,1,511,0,1,normal,67,Release,record,natural,natural,0,none,0,0,0,0,0,67,6,13,6,0,6,0,1241,206,10,17,10,0,10,0,19029,1902,2,0,2,0,2,0,14,7,0,0,0,0,0,0,0,15,1,0,0,0,0,0,0,0:0:0:0:0:0:0:0:5:1:0:0:0:0:0:0:0:0:0:0:0:0:0:0:0:0:0:0:0:0:0:0:0:9:1:0:0:0:0:0:0:0:0:0:0:0:0:2:0:0:0:0:0:0:0:0:0:0:0:0:0:0:0:0:0:0
mtfs-sentinel-dataset-v1,1,952,1398033974,1229212993,72850016,1060000,1,511,0,1,normal,68,Release,record,natural,natural,0,none,0,0,0,0,0,68,6,13,6,0,6,0,1278,213,10,17,10,0,10,0,20827,2082,2,0,2,0,2,0,14,7,0,0,0,0,0,0,0,15,1,0,0,0,0,0,0,0:0:0:0:0:0:0:0:4:2:0:0:0:0:0:0:0:0:0:0:0:0:0:0:0:0:0:0:0:0:0:0:0:8:2:0:0:0:0:0:0:0:0:0:0:0:0:2:0:0:0:0:0:0:0:0:0:0:0:0:0:0:0:0:0:0
mtfs-sentinel-dataset-v1,1,952,1398033974,1229212993,73920016,1070000,1,511,0,1,normal,69,Release,record,natural,natural,0,none,0,0,0,0,0,69,6,13,6,0,6,0,1254,209,10,17,10,0,10,0,22674,2267,2,0,2,0,2,0,14,7,0,0,0,0,0,0,0,15,1,0,0,0,0,0,0,0:0:0:0:0:0:0:0:4:2:0:0:0:0:0:0:0:0:0:0:0:0:0:0:0:0:0:0:0:0:0:0:1:7:1:1:0:0:0:0:0:0:0:0:0:0:0:2:0:0:0:0:0:0:0:0:0:0:0:0:0:0:0:0:0:0
mtfs-sentinel-dataset-v1,1,952,1398033974,1229212993,74980016,1060000,1,511,0,1,normal,70,Release,record,natural,natural,0,none,0,0,0,0,0,70,6,13,6,0,6,0,1454,242,10,17,10,0,10,0,19001,1900,2,0,2,0,2,0,13,6,0,0,0,0,0,0,0,15,1,0,0,0,0,0,0,0:0:0:0:0:0:0:0:3:3:0:0:0:0:0:0:0:0:0:0:0:0:0:0:0:0:0:0:0:0:0:0:1:8:1:0:0:0:0:0:0:0:0:0:0:0:0:2:0:0:0:0:0:0:0:0:0:0:0:0:0:0:0:0:0:0
mtfs-sentinel-dataset-v1,1,952,1398033974,1229212993,76040016,1060000,1,511,0,1,normal,71,Release,record,natural,natural,0,none,0,0,0,0,0,71,6,13,6,0,6,0,1241,206,10,17,10,0,10,0,19148,1914,2,0,2,0,2,0,14,7,0,0,0,0,0,0,0,15,1,0,0,0,0,0,0,0:0:0:0:0:0:0:0:5:1:0:0:0:0:0:0:0:0:0:0:0:0:0:0:0:0:0:0:0:0:0:0:0:9:1:0:0:0:0:0:0:0:0:0:0:0:0:2:0:0:0:0:0:0:0:0:0:0:0:0:0:0:0:0:0:0
mtfs-sentinel-dataset-v1,1,952,1398033974,1229212993,77110016,1070000,1,511,0,1,normal,72,Release,record,natural,natural,0,none,0,0,0,0,0,72,6,13,6,0,6,0,1293,215,10,17,10,0,10,0,22379,2237,2,0,2,0,2,0,14,7,0,0,0,0,0,0,0,15,1,0,0,0,0,0,0,0:0:0:0:0:0:0:0:4:2:0:0:0:0:0:0:0:0:0:0:0:0:0:0:0:0:0:0:0:0:0:0:0:8:1:1:0:0:0:0:0:0:0:0:0:0:0:2:0:0:0:0:0:0:0:0:0:0:0:0:0:0:0:0:0:0
mtfs-sentinel-dataset-v1,1,952,1398033974,1229212993,78170016,1060000,1,511,0,1,normal,73,Release,record,natural,natural,0,none,0,0,0,0,0,73,6,13,6,0,6,0,1251,208,10,17,10,0,10,0,19553,1955,2,0,2,0,2,0,14,7,0,0,0,0,0,0,0,15,1,0,0,0,0,0,0,0:0:0:0:0:0:0:0:4:2:0:0:0:0:0:0:0:0:0:0:0:0:0:0:0:0:0:0:0:0:0:0:1:7:2:0:0:0:0:0:0:0:0:0:0:0:0:2:0:0:0:0:0:0:0:0:0:0:0:0:0:0:0:0:0:0
mtfs-sentinel-dataset-v1,1,952,1398033974,1229212993,79230016,1060000,1,511,0,1,normal,74,Release,record,natural,natural,0,none,0,0,0,0,0,74,6,13,6,0,6,0,1453,242,10,17,10,0,10,0,19097,1909,2,0,2,0,2,0,14,7,0,0,0,0,0,0,0,15,1,0,0,0,0,0,0,0:0:0:0:0:0:0:0:3:3:0:0:0:0:0:0:0:0:0:0:0:0:0:0:0:0:0:0:0:0:0:0:1:8:1:0:0:0:0:0:0:0:0:0:0:0:0:2:0:0:0:0:0:0:0:0:0:0:0:0:0:0:0:0:0:0
mtfs-sentinel-dataset-v1,1,952,1398033974,1229212993,80290016,1060000,1,511,0,1,normal,75,Release,record,natural,natural,0,none,0,0,0,0,0,75,6,13,6,0,6,0,1244,207,10,17,10,0,10,0,18947,1894,2,0,2,0,2,0,14,7,0,0,0,0,0,0,0,15,1,0,0,0,0,0,0,0:0:0:0:0:0:0:0:5:1:0:0:0:0:0:0:0:0:0:0:0:0:0:0:0:0:0:0:0:0:0:0:0:9:1:0:0:0:0:0:0:0:0:0:0:0:0:2:0:0:0:0:0:0:0:0:0:0:0:0:0:0:0:0:0:0
mtfs-sentinel-dataset-v1,1,952,1398033974,1229212993,81350016,1060000,1,511,0,1,normal,76,Release,record,natural,natural,0,none,0,0,0,0,0,76,6,13,6,0,6,0,1285,214,10,17,10,0,10,0,20697,2069,2,0,2,0,2,0,14,7,0,0,0,0,0,0,0,15,1,0,0,0,0,0,0,0:0:0:0:0:0:0:0:4:2:0:0:0:0:0:0:0:0:0:0:0:0:0:0:0:0:0:0:0:0:0:0:0:8:2:0:0:0:0:0:0:0:0:0:0:0:0:2:0:0:0:0:0:0:0:0:0:0:0:0:0:0:0:0:0:0
mtfs-sentinel-dataset-v1,1,952,1398033974,1229212993,82420016,1070000,1,511,0,1,normal,77,Release,record,natural,natural,0,none,0,0,0,0,0,77,6,13,6,0,6,0,1251,208,10,17,10,0,10,0,24139,2413,2,0,2,0,2,0,14,7,0,0,0,0,0,0,0,15,1,0,0,0,0,0,0,0:0:0:0:0:0:0:0:4:2:0:0:0:0:0:0:0:0:0:0:0:0:0:0:0:0:0:0:0:0:0:0:1:6:2:1:0:0:0:0:0:0:0:0:0:0:0:2:0:0:0:0:0:0:0:0:0:0:0:0:0:0:0:0:0:0
mtfs-sentinel-dataset-v1,1,952,1398033974,1229212993,83480016,1060000,1,511,0,1,normal,78,Release,record,natural,natural,0,none,0,0,0,0,0,78,6,13,6,0,6,0,1454,242,10,17,10,0,10,0,18864,1886,2,0,2,0,2,0,13,6,0,0,0,0,0,0,0,15,1,0,0,0,0,0,0,0:0:0:0:0:0:0:0:3:3:0:0:0:0:0:0:0:0:0:0:0:0:0:0:0:0:0:0:0:0:0:0:1:8:1:0:0:0:0:0:0:0:0:0:0:0:0:2:0:0:0:0:0:0:0:0:0:0:0:0:0:0:0:0:0:0
mtfs-sentinel-dataset-v1,1,952,1398033974,1229212993,84540016,1060000,1,511,0,1,normal,79,Release,record,natural,natural,0,none,0,0,0,0,0,79,6,13,6,0,6,0,1241,206,10,17,10,0,10,0,18996,1899,2,0,2,0,2,0,12,6,0,0,0,0,0,0,0,15,1,0,0,0,0,0,0,0:0:0:0:0:0:0:0:5:1:0:0:0:0:0:0:0:0:0:0:0:0:0:0:0:0:0:0:0:0:0:0:0:9:1:0:0:0:0:0:0:0:0:0:0:0:0:2:0:0:0:0:0:0:0:0:0:0:0:0:0:0:0:0:0:0
mtfs-sentinel-dataset-v1,1,952,1398033974,1229212993,85600016,1060000,1,511,0,1,normal,80,Release,record,natural,natural,0,none,0,0,0,0,0,80,6,13,6,0,6,0,1293,215,10,17,10,0,10,0,18971,1897,2,0,2,0,2,0,14,7,0,0,0,0,0,0,0,15,1,0,0,0,0,0,0,0:0:0:0:0:0:0:0:4:2:0:0:0:0:0:0:0:0:0:0:0:0:0:0:0:0:0:0:0:0:0:0:0:9:1:0:0:0:0:0:0:0:0:0:0:0:0:2:0:0:0:0:0:0:0:0:0:0:0:0:0:0:0:0:0:0
mtfs-sentinel-dataset-v1,1,952,1398033974,1229212993,86670016,1070000,1,511,0,1,normal,81,Release,record,natural,natural,0,none,0,0,0,0,0,81,6,13,6,0,6,0,1253,208,10,17,10,0,10,0,23102,2310,2,0,2,0,2,0,14,7,0,0,0,0,0,0,0,15,1,0,0,0,0,0,0,0:0:0:0:0:0:0:0:4:2:0:0:0:0:0:0:0:0:0:0:0:0:0:0:0:0:0:0:0:0:0:0:1:6:2:1:0:0:0:0:0:0:0:0:0:0:0:2:0:0:0:0:0:0:0:0:0:0:0:0:0:0:0:0:0:0
mtfs-sentinel-dataset-v1,1,952,1398033974,1229212993,87730016,1060000,1,511,0,1,normal,82,Release,record,natural,natural,0,none,0,0,0,0,0,82,6,13,6,0,6,0,1455,242,10,17,10,0,10,0,18978,1897,2,0,2,0,2,0,14,7,0,0,0,0,0,0,0,15,1,0,0,0,0,0,0,0:0:0:0:0:0:0:0:3:3:0:0:0:0:0:0:0:0:0:0:0:0:0:0:0:0:0:0:0:0:0:0:1:8:1:0:0:0:0:0:0:0:0:0:0:0:0:2:0:0:0:0:0:0:0:0:0:0:0:0:0:0:0:0:0:0
mtfs-sentinel-dataset-v1,1,952,1398033974,1229212993,88790016,1060000,1,511,0,1,normal,83,Release,record,natural,natural,0,none,0,0,0,0,0,83,6,13,6,0,6,0,1243,207,10,17,10,0,10,0,19082,1908,2,0,2,0,2,0,14,7,0,0,0,0,0,0,0,15,1,0,0,0,0,0,0,0:0:0:0:0:0:0:0:5:1:0:0:0:0:0:0:0:0:0:0:0:0:0:0:0:0:0:0:0:0:0:0:0:9:1:0:0:0:0:0:0:0:0:0:0:0:0:2:0:0:0:0:0:0:0:0:0:0:0:0:0:0:0:0:0:0
mtfs-sentinel-dataset-v1,1,952,1398033974,1229212993,89850016,1060000,1,511,0,1,normal,84,Release,record,natural,natural,0,none,0,0,0,0,0,84,6,13,6,0,6,0,1277,212,10,17,10,0,10,0,20907,2090,2,0,2,0,2,0,14,7,0,0,0,0,0,0,0,15,1,0,0,0,0,0,0,0:0:0:0:0:0:0:0:4:2:0:0:0:0:0:0:0:0:0:0:0:0:0:0:0:0:0:0:0:0:0:0:0:8:2:0:0:0:0:0:0:0:0:0:0:0:0:2:0:0:0:0:0:0:0:0:0:0:0:0:0:0:0:0:0:0
mtfs-sentinel-dataset-v1,1,952,1398033974,1229212993,90910016,1060000,1,511,0,1,normal,85,Release,record,natural,natural,0,none,0,0,0,0,0,85,6,13,6,0,6,0,1255,209,10,17,10,0,10,0,19537,1953,2,0,2,0,2,0,13,6,0,0,0,0,0,0,0,15,1,0,0,0,0,0,0,0:0:0:0:0:0:0:0:4:2:0:0:0:0:0:0:0:0:0:0:0:0:0:0:0:0:0:0:0:0:0:0:1:7:2:0:0:0:0:0:0:0:0:0:0:0:0:2:0:0:0:0:0:0:0:0:0:0:0:0:0:0:0:0:0:0
mtfs-sentinel-dataset-v1,1,952,1398033974,1229212993,91980016,1070000,1,511,0,1,normal,86,Release,record,natural,natural,0,none,0,0,0,0,0,86,6,13,6,0,6,0,1453,242,10,17,10,0,10,0,22289,2228,2,0,2,0,2,0,14,7,0,0,0,0,0,0,0,15,1,0,0,0,0,0,0,0:0:0:0:0:0:0:0:3:3:0:0:0:0:0:0:0:0:0:0:0:0:0:0:0:0:0:0:0:0:0:0:1:7:1:1:0:0:0:0:0:0:0:0:0:0:0:2:0:0:0:0:0:0:0:0:0:0:0:0:0:0:0:0:0:0
mtfs-sentinel-dataset-v1,1,952,1398033974,1229212993,93040016,1060000,1,511,0,1,normal,87,Release,record,natural,natural,0,none,0,0,0,0,0,87,6,13,6,0,6,0,1242,207,10,17,10,0,10,0,19189,1918,2,0,2,0,2,0,14,7,0,0,0,0,0,0,0,15,1,0,0,0,0,0,0,0:0:0:0:0:0:0:0:5:1:0:0:0:0:0:0:0:0:0:0:0:0:0:0:0:0:0:0:0:0:0:0:0:9:1:0:0:0:0:0:0:0:0:0:0:0:0:2:0:0:0:0:0:0:0:0:0:0:0:0:0:0:0:0:0:0
mtfs-sentinel-dataset-v1,1,952,1398033974,1229212993,94100016,1060000,1,511,0,1,normal,88,Release,record,natural,natural,0,none,0,0,0,0,0,88,6,13,6,0,6,0,1292,215,10,17,10,0,10,0,19157,1915,2,0,2,0,2,0,14,7,0,0,0,0,0,0,0,15,1,0,0,0,0,0,0,0:0:0:0:0:0:0:0:4:2:0:0:0:0:0:0:0:0:0:0:0:0:0:0:0:0:0:0:0:0:0:0:0:9:1:0:0:0:0:0:0:0:0:0:0:0:0:2:0:0:0:0:0:0:0:0:0:0:0:0:0:0:0:0:0:0
mtfs-sentinel-dataset-v1,1,952,1398033974,1229212993,95160016,1060000,1,511,0,1,normal,89,Release,record,natural,natural,0,none,0,0,0,0,0,89,6,13,6,0,6,0,1253,208,10,17,10,0,10,0,19396,1939,2,0,2,0,2,0,13,6,0,0,0,0,0,0,0,15,1,0,0,0,0,0,0,0:0:0:0:0:0:0:0:4:2:0:0:0:0:0:0:0:0:0:0:0:0:0:0:0:0:0:0:0:0:0:0:1:7:2:0:0:0:0:0:0:0:0:0:0:0:0:2:0:0:0:0:0:0:0:0:0:0:0:0:0:0:0:0:0:0
mtfs-sentinel-dataset-v1,1,952,1398033974,1229212993,96220016,1060000,1,511,0,1,normal,90,Release,record,natural,natural,0,none,0,0,0,0,0,90,6,13,6,0,6,0,1455,242,10,17,10,0,10,0,18841,1884,2,0,2,0,2,0,14,7,0,0,0,0,0,0,0,15,1,0,0,0,0,0,0,0:0:0:0:0:0:0:0:3:3:0:0:0:0:0:0:0:0:0:0:0:0:0:0:0:0:0:0:0:0:0:0:1:8:1:0:0:0:0:0:0:0:0:0:0:0:0:2:0:0:0:0:0:0:0:0:0:0:0:0:0:0:0:0:0:0
mtfs-sentinel-dataset-v1,1,952,1398033974,1229212993,97290016,1070000,1,511,0,1,normal,91,Release,record,natural,natural,0,none,0,0,0,0,0,91,6,13,6,0,6,0,1248,208,10,17,10,0,10,0,23757,2375,2,0,2,0,2,0,14,7,0,0,0,0,0,0,0,15,1,0,0,0,0,0,0,0:0:0:0:0:0:0:0:5:0:1:0:0:0:0:0:0:0:0:0:0:0:0:0:0:0:0:0:0:0:0:0:0:9:0:1:0:0:0:0:0:0:0:0:0:0:0:2:0:0:0:0:0:0:0:0:0:0:0:0:0:0:0:0:0:0
mtfs-sentinel-dataset-v1,1,952,1398033974,1229212993,98350016,1060000,1,511,0,1,normal,92,Release,record,natural,natural,0,none,0,0,0,0,0,92,6,13,6,0,6,0,1278,213,10,17,10,0,10,0,20742,2074,2,0,2,0,2,0,14,7,0,0,0,0,0,0,0,15,1,0,0,0,0,0,0,0:0:0:0:0:0:0:0:4:2:0:0:0:0:0:0:0:0:0:0:0:0:0:0:0:0:0:0:0:0:0:0:0:8:2:0:0:0:0:0:0:0:0:0:0:0:0:2:0:0:0:0:0:0:0:0:0:0:0:0:0:0:0:0:0:0
mtfs-sentinel-dataset-v1,1,952,1398033974,1229212993,99410016,1060000,1,511,0,1,normal,93,Release,record,natural,natural,0,none,0,0,0,0,0,93,6,13,6,0,6,0,1252,208,10,17,10,0,10,0,19387,1938,2,0,2,0,2,0,14,7,0,0,0,0,0,0,0,15,1,0,0,0,0,0,0,0:0:0:0:0:0:0:0:4:2:0:0:0:0:0:0:0:0:0:0:0:0:0:0:0:0:0:0:0:0:0:0:1:7:2:0:0:0:0:0:0:0:0:0:0:0:0:2:0:0:0:0:0:0:0:0:0:0:0:0:0:0:0:0:0:0
mtfs-sentinel-dataset-v1,1,952,1398033974,1229212993,100480016,1070000,1,511,0,1,normal,94,Release,record,natural,natural,0,none,0,0,0,0,0,94,6,13,6,0,6,0,1452,242,10,17,10,0,10,0,22092,2209,2,0,2,0,2,0,14,7,0,0,0,0,0,0,0,15,1,0,0,0,0,0,0,0:0:0:0:0:0:0:0:3:3:0:0:0:0:0:0:0:0:0:0:0:0:0:0:0:0:0:0:0:0:0:0:1:7:1:1:0:0:0:0:0:0:0:0:0:0:0:2:0:0:0:0:0:0:0:0:0:0:0:0:0:0:0:0:0:0
mtfs-sentinel-dataset-v1,1,952,1398033974,1229212993,101540016,1060000,1,511,0,1,normal,95,Release,record,natural,natural,0,none,0,0,0,0,0,95,6,13,6,0,6,0,1241,206,10,17,10,0,10,0,19051,1905,2,0,2,0,2,0,14,7,0,0,0,0,0,0,0,15,1,0,0,0,0,0,0,0:0:0:0:0:0:0:0:5:1:0:0:0:0:0:0:0:0:0:0:0:0:0:0:0:0:0:0:0:0:0:0:0:9:1:0:0:0:0:0:0:0:0:0:0:0:0:2:0:0:0:0:0:0:0:0:0:0:0:0:0:0:0:0:0:0
mtfs-sentinel-dataset-v1,1,952,1398033974,1229212993,102600016,1060000,1,511,0,1,normal,96,Release,record,natural,natural,0,none,0,0,0,0,0,96,6,13,6,0,6,0,1292,215,10,17,10,0,10,0,19056,1905,2,0,2,0,2,0,13,6,0,0,0,0,0,0,0,15,1,0,0,0,0,0,0,0:0:0:0:0:0:0:0:4:2:0:0:0:0:0:0:0:0:0:0:0:0:0:0:0:0:0:0:0:0:0:0:0:9:1:0:0:0:0:0:0:0:0:0:0:0:0:2:0:0:0:0:0:0:0:0:0:0:0:0:0:0:0:0:0:0
mtfs-sentinel-dataset-v1,1,952,1398033974,1229212993,103660016,1060000,1,511,0,1,normal,97,Release,record,natural,natural,0,none,0,0,0,0,0,97,6,13,6,0,6,0,1252,208,10,17,10,0,10,0,19458,1945,2,0,2,0,2,0,14,7,0,0,0,0,0,0,0,15,1,0,0,0,0,0,0,0:0:0:0:0:0:0:0:4:2:0:0:0:0:0:0:0:0:0:0:0:0:0:0:0:0:0:0:0:0:0:0:1:7:2:0:0:0:0:0:0:0:0:0:0:0:0:2:0:0:0:0:0:0:0:0:0:0:0:0:0:0:0:0:0:0
mtfs-sentinel-dataset-v1,1,952,1398033974,1229212993,104720016,1060000,1,511,0,1,normal,98,Release,record,natural,natural,0,none,0,0,0,0,0,98,6,13,6,0,6,0,1453,242,10,17,10,0,10,0,19017,1901,2,0,2,0,2,0,14,7,0,0,0,0,0,0,0,15,1,0,0,0,0,0,0,0:0:0:0:0:0:0:0:3:3:0:0:0:0:0:0:0:0:0:0:0:0:0:0:0:0:0:0:0:0:0:0:1:8:1:0:0:0:0:0:0:0:0:0:0:0:0:2:0:0:0:0:0:0:0:0:0:0:0:0:0:0:0:0:0:0
mtfs-sentinel-dataset-v1,1,952,1398033974,1229212993,105780016,1060000,1,511,0,1,normal,99,Release,record,natural,natural,0,none,0,0,0,0,0,99,6,13,6,0,6,0,1258,209,10,17,10,0,10,0,19114,1911,2,0,2,0,2,0,14,7,0,0,0,0,0,0,0,15,1,0,0,0,0,0,0,0:0:0:0:0:0:0:0:5:1:0:0:0:0:0:0:0:0:0:0:0:0:0:0:0:0:0:0:0:0:0:0:0:9:1:0:0:0:0:0:0:0:0:0:0:0:0:2:0:0:0:0:0:0:0:0:0:0:0:0:0:0:0:0:0:0
mtfs-sentinel-dataset-v1,1,952,1398033974,1229212993,106850016,1070000,1,511,0,1,normal,100,Release,record,natural,natural,0,none,0,0,0,0,0,100,6,13,6,0,6,0,1278,213,10,17,10,0,10,0,24196,2419,2,0,2,0,2,0,14,7,0,0,0,0,0,0,0,15,1,0,0,0,0,0,0,0:0:0:0:0:0:0:0:4:2:0:0:0:0:0:0:0:0:0:0:0:0:0:0:0:0:0:0:0:0:0:0:0:7:2:1:0:0:0:0:0:0:0:0:0:0:0:2:0:0:0:0:0:0:0:0:0:0:0:0:0:0:0:0:0:0
mtfs-sentinel-dataset-v1,1,952,1398033974,1229212993,107910016,1060000,1,511,0,1,normal,101,Release,record,natural,natural,0,none,0,0,0,0,0,101,6,13,6,0,6,0,1251,208,10,17,10,0,10,0,19553,1955,2,0,2,0,2,0,13,6,0,0,0,0,0,0,0,15,1,0,0,0,0,0,0,0:0:0:0:0:0:0:0:4:2:0:0:0:0:0:0:0:0:0:0:0:0:0:0:0:0:0:0:0:0:0:0:1:7:2:0:0:0:0:0:0:0:0:0:0:0:0:2:0:0:0:0:0:0:0:0:0:0:0:0:0:0:0:0:0:0
mtfs-sentinel-dataset-v1,1,952,1398033974,1229212993,108970016,1060000,1,511,0,1,normal,102,Release,record,natural,natural,0,none,0,0,0,0,0,102,6,13,6,0,6,0,1453,242,10,17,10,0,10,0,19086,1908,2,0,2,0,2,0,14,7,0,0,0,0,0,0,0,15,1,0,0,0,0,0,0,0:0:0:0:0:0:0:0:3:3:0:0:0:0:0:0:0:0:0:0:0:0:0:0:0:0:0:0:0:0:0:0:1:8:1:0:0:0:0:0:0:0:0:0:0:0:0:2:0:0:0:0:0:0:0:0:0:0:0:0:0:0:0:0:0:0
mtfs-sentinel-dataset-v1,1,952,1398033974,1229212993,110030016,1060000,1,511,0,1,normal,103,Release,record,natural,natural,0,none,0,0,0,0,0,103,6,13,6,0,6,0,1242,207,10,17,10,0,10,0,19091,1909,2,0,2,0,2,0,14,7,0,0,0,0,0,0,0,15,1,0,0,0,0,0,0,0:0:0:0:0:0:0:0:5:1:0:0:0:0:0:0:0:0:0:0:0:0:0:0:0:0:0:0:0:0:0:0:0:9:1:0:0:0:0:0:0:0:0:0:0:0:0:2:0:0:0:0:0:0:0:0:0:0:0:0:0:0:0:0:0:0
mtfs-sentinel-dataset-v1,1,952,1398033974,1229212993,111090016,1060000,1,511,0,1,normal,104,Release,record,natural,natural,0,none,0,0,0,0,0,104,6,13,6,0,6,0,1292,215,10,17,10,0,10,0,18878,1887,2,0,2,0,2,0,13,6,0,0,0,0,0,0,0,15,1,0,0,0,0,0,0,0:0:0:0:0:0:0:0:4:2:0:0:0:0:0:0:0:0:0:0:0:0:0:0:0:0:0:0:0:0:0:0:0:9:1:0:0:0:0:0:0:0:0:0:0:0:0:2:0:0:0:0:0:0:0:0:0:0:0:0:0:0:0:0:0:0
mtfs-sentinel-dataset-v1,1,952,1398033974,1229212993,112160016,1070000,1,511,0,1,normal,105,Release,record,natural,natural,0,none,0,0,0,0,0,105,6,13,6,0,6,0,1251,208,10,17,10,0,10,0,24163,2416,2,0,2,0,2,0,14,7,0,0,0,0,0,0,0,15,1,0,0,0,0,0,0,0:0:0:0:0:0:0:0:4:2:0:0:0:0:0:0:0:0:0:0:0:0:0:0:0:0:0:0:0:0:0:0:1:6:2:1:0:0:0:0:0:0:0:0:0:0:0:2:0:0:0:0:0:0:0:0:0:0:0:0:0:0:0:0:0:0
mtfs-sentinel-dataset-v1,1,952,1398033974,1229212993,113230016,1070000,1,511,0,1,normal,106,Release,record,natural,natural,0,none,0,0,0,0,0,106,6,13,6,0,6,0,1457,242,10,17,10,0,10,0,22556,2255,2,0,2,0,2,0,13,6,0,0,0,0,0,0,0,15,1,0,0,0,0,0,0,0:0:0:0:0:0:0:0:3:3:0:0:0:0:0:0:0:0:0:0:0:0:0:0:0:0:0:0:0:0:0:0:1:8:0:1:0:0:0:0:0:0:0:0:0:0:0:2:0:0:0:0:0:0:0:0:0:0:0:0:0:0:0:0:0:0
mtfs-sentinel-dataset-v1,1,952,1398033974,1229212993,114290016,1060000,1,511,0,1,normal,107,Release,record,natural,natural,0,none,0,0,0,0,0,107,6,13,6,0,6,0,1241,206,10,17,10,0,10,0,18991,1899,2,0,2,0,2,0,14,7,0,0,0,0,0,0,0,15,1,0,0,0,0,0,0,0:0:0:0:0:0:0:0:5:1:0:0:0:0:0:0:0:0:0:0:0:0:0:0:0:0:0:0:0:0:0:0:0:9:1:0:0:0:0:0:0:0:0:0:0:0:0:2:0:0:0:0:0:0:0:0:0:0:0:0:0:0:0:0:0:0
mtfs-sentinel-dataset-v1,1,952,1398033974,1229212993,115350016,1060000,1,511,0,1,normal,108,Release,record,natural,natural,0,none,0,0,0,0,0,108,6,13,6,0,6,0,1280,213,10,17,10,0,10,0,20816,2081,2,0,2,0,2,0,14,7,0,0,0,0,0,0,0,15,1,0,0,0,0,0,0,0:0:0:0:0:0:0:0:4:2:0:0:0:0:0:0:0:0:0:0:0:0:0:0:0:0:0:0:0:0:0:0:0:8:2:0:0:0:0:0:0:0:0:0:0:0:0:2:0:0:0:0:0:0:0:0:0:0:0:0:0:0:0:0:0:0
mtfs-sentinel-dataset-v1,1,952,1398033974,1229212993,116410016,1060000,1,511,0,1,normal,109,Release,record,natural,natural,0,none,0,0,0,0,0,109,6,13,6,0,6,0,1254,209,10,17,10,0,10,0,19426,1942,2,0,2,0,2,0,14,7,0,0,0,0,0,0,0,15,1,0,0,0,0,0,0,0:0:0:0:0:0:0:0:4:2:0:0:0:0:0:0:0:0:0:0:0:0:0:0:0:0:0:0:0:0:0:0:1:7:2:0:0:0:0:0:0:0:0:0:0:0:0:2:0:0:0:0:0:0:0:0:0:0:0:0:0:0:0:0:0:0
mtfs-sentinel-dataset-v1,1,952,1398033974,1229212993,117470016,1060000,1,511,0,1,normal,110,Release,record,natural,natural,0,none,0,0,0,0,0,110,6,13,6,0,6,0,1452,242,10,17,10,0,10,0,18946,1894,2,0,2,0,2,0,14,7,0,0,0,0,0,0,0,15,1,0,0,0,0,0,0,0:0:0:0:0:0:0:0:3:3:0:0:0:0:0:0:0:0:0:0:0:0:0:0:0:0:0:0:0:0:0:0:1:8:1:0:0:0:0:0:0:0:0:0:0:0:0:2:0:0:0:0:0:0:0:0:0:0:0:0:0:0:0:0:0:0
mtfs-sentinel-dataset-v1,1,952,1398033974,1229212993,118530016,1060000,1,511,0,1,normal,111,Release,record,natural,natural,0,none,0,0,0,0,0,111,6,13,6,0,6,0,1245,207,10,17,10,0,10,0,19109,1910,2,0,2,0,2,0,12,6,0,0,0,0,0,0,0,15,1,0,0,0,0,0,0,0:0:0:0:0:0:0:0:5:1:0:0:0:0:0:0:0:0:0:0:0:0:0:0:0:0:0:0:0:0:0:0:0:9:1:0:0:0:0:0:0:0:0:0:0:0:0:2:0:0:0:0:0:0:0:0:0:0:0:0:0:0:0:0:0:0
mtfs-sentinel-dataset-v1,1,952,1398033974,1229212993,119590016,1060000,1,511,0,1,normal,112,Release,record,natural,natural,0,none,0,0,0,0,0,112,6,13,6,0,6,0,1293,215,10,17,10,0,10,0,19070,1907,2,0,2,0,2,0,14,7,0,0,0,0,0,0,0,15,1,0,0,0,0,0,0,0:0:0:0:0:0:0:0:4:2:0:0:0:0:0:0:0:0:0:0:0:0:0:0:0:0:0:0:0:0:0:0:0:9:1:0:0:0:0:0:0:0:0:0:0:0:0:2:0:0:0:0:0:0:0:0:0:0:0:0:0:0:0:0:0:0
mtfs-sentinel-dataset-v1,1,952,1398033974,1229212993,120650016,1060000,1,511,0,1,normal,113,Release,record,natural,natural,0,none,0,0,0,0,0,113,6,13,6,0,6,0,1255,209,10,17,10,0,10,0,19513,1951,2,0,2,0,2,0,14,7,0,0,0,0,0,0,0,15,1,0,0,0,0,0,0,0:0:0:0:0:0:0:0:4:2:0:0:0:0:0:0:0:0:0:0:0:0:0:0:0:0:0:0:0:0:0:0:1:7:2:0:0:0:0:0:0:0:0:0:0:0:0:2:0:0:0:0:0:0:0:0:0:0:0:0:0:0:0:0:0:0
mtfs-sentinel-dataset-v1,1,952,1398033974,1229212993,121710016,1060000,1,511,0,1,normal,114,Release,record,natural,natural,0,none,0,0,0,0,0,114,6,13,6,0,6,0,1455,242,10,17,10,0,10,0,19078,1907,2,0,2,0,2,0,14,7,0,0,0,0,0,0,0,15,1,0,0,0,0,0,0,0:0:0:0:0:0:0:0:3:3:0:0:0:0:0:0:0:0:0:0:0:0:0:0:0:0:0:0:0:0:0:0:1:8:1:0:0:0:0:0:0:0:0:0:0:0:0:2:0:0:0:0:0:0:0:0:0:0:0:0:0:0:0:0:0:0
mtfs-sentinel-dataset-v1,1,952,1398033974,1229212993,122780016,1070000,1,511,0,1,normal,115,Release,record,natural,natural,0,none,0,0,0,0,0,115,6,13,6,0,6,0,1241,206,10,17,10,0,10,0,22422,2242,2,0,2,0,2,0,14,7,0,0,0,0,0,0,0,15,1,0,0,0,0,0,0,0:0:0:0:0:0:0:0:5:1:0:0:0:0:0:0:0:0:0:0:0:0:0:0:0:0:0:0:0:0:0:0:0:8:1:1:0:0:0:0:0:0:0:0:0:0:0:2:0:0:0:0:0:0:0:0:0:0:0:0:0:0:0:0:0:0
mtfs-sentinel-dataset-v1,1,952,1398033974,1229212993,123840016,1060000,1,511,0,1,normal,116,Release,record,natural,natural,0,none,0,0,0,0,0,116,6,13,6,0,6,0,1278,213,10,17,10,0,10,0,20964,2096,2,0,2,0,2,0,14,7,0,0,0,0,0,0,0,15,1,0,0,0,0,0,0,0:0:0:0:0:0:0:0:4:2:0:0:0:0:0:0:0:0:0:0:0:0:0:0:0:0:0:0:0:0:0:0:0:8:2:0:0:0:0:0:0:0:0:0:0:0:0:2:0:0:0:0:0:0:0:0:0:0:0:0:0:0:0:0:0:0
mtfs-sentinel-dataset-v1,1,952,1398033974,1229212993,124900016,1060000,1,511,0,1,normal,117,Release,record,natural,natural,0,none,0,0,0,0,0,117,6,13,6,0,6,0,1254,209,10,17,10,0,10,0,19541,1954,2,0,2,0,2,0,14,7,0,0,0,0,0,0,0,15,1,0,0,0,0,0,0,0:0:0:0:0:0:0:0:4:2:0:0:0:0:0:0:0:0:0:0:0:0:0:0:0:0:0:0:0:0:0:0:1:7:2:0:0:0:0:0:0:0:0:0:0:0:0:2:0:0:0:0:0:0:0:0:0:0:0:0:0:0:0:0:0:0
mtfs-sentinel-dataset-v1,1,952,1398033974,1229212993,125960016,1060000,1,511,0,1,normal,118,Release,record,natural,natural,0,none,0,0,0,0,0,118,6,13,6,0,6,0,1454,242,10,17,10,0,10,0,18806,1880,2,0,2,0,2,0,13,6,0,0,0,0,0,0,0,15,1,0,0,0,0,0,0,0:0:0:0:0:0:0:0:3:3:0:0:0:0:0:0:0:0:0:0:0:0:0:0:0:0:0:0:0:0:0:0:1:8:1:0:0:0:0:0:0:0:0:0:0:0:0:2:0:0:0:0:0:0:0:0:0:0:0:0:0:0:0:0:0:0
mtfs-sentinel-dataset-v1,1,952,1398033974,1229212993,127030016,1070000,1,511,0,1,normal,119,Release,record,natural,natural,0,none,0,0,0,0,0,119,6,13,6,0,6,0,1242,207,10,17,10,0,10,0,27016,2701,2,0,2,0,2,0,14,7,0,0,0,0,0,0,0,15,1,0,0,0,0,0,0,0:0:0:0:0:0:0:0:5:1:0:0:0:0:0:0:0:0:0:0:0:0:0:0:0:0:0:0:0:0:0:0:0:7:1:2:0:0:0:0:0:0:0:0:0:0:0:2:0:0:0:0:0:0:0:0:0:0:0:0:0:0:0:0:0:0
mtfs-sentinel-dataset-v1,1,952,1398033974,1229212993,128090016,1060000,1,511,0,1,normal,120,Release,record,natural,natural,0,none,0,0,0,0,0,120,6,13,6,0,6,0,1307,217,10,17,10,0,10,0,18941,1894,2,0,2,0,2,0,14,7,0,0,0,0,0,0,0,15,1,0,0,0,0,0,0,0:0:0:0:0:0:0:0:4:2:0:0:0:0:0:0:0:0:0:0:0:0:0:0:0:0:0:0:0:0:0:0:0:9:1:0:0:0:0:0:0:0:0:0:0:0:0:2:0:0:0:0:0:0:0:0:0:0:0:0:0:0:0:0:0:0
mtfs-sentinel-dataset-v1,1,952,1398033974,1229212993,129150016,1060000,1,511,0,1,normal,121,Release,record,natural,natural,0,none,0,0,0,0,0,121,6,13,6,0,6,0,1253,208,10,17,10,0,10,0,19381,1938,2,0,2,0,2,0,14,7,0,0,0,0,0,0,0,15,1,0,0,0,0,0,0,0:0:0:0:0:0:0:0:4:2:0:0:0:0:0:0:0:0:0:0:0:0:0:0:0:0:0:0:0:0:0:0:1:7:2:0:0:0:0:0:0:0:0:0:0:0:0:2:0:0:0:0:0:0:0:0:0:0:0:0:0:0:0:0:0:0
mtfs-sentinel-dataset-v1,1,952,1398033974,1229212993,130210016,1060000,1,511,0,1,normal,122,Release,record,natural,natural,0,none,0,0,0,0,0,122,6,13,6,0,6,0,1454,242,10,17,10,0,10,0,18920,1892,2,0,2,0,2,0,13,6,0,0,0,0,0,0,0,15,1,0,0,0,0,0,0,0:0:0:0:0:0:0:0:3:3:0:0:0:0:0:0:0:0:0:0:0:0:0:0:0:0:0:0:0:0:0:0:1:8:1:0:0:0:0:0:0:0:0:0:0:0:0:2:0:0:0:0:0:0:0:0:0:0:0:0:0:0:0:0:0:0
mtfs-sentinel-dataset-v1,1,952,1398033974,1229212993,131270016,1060000,1,511,0,1,normal,123,Release,record,natural,natural,0,none,0,0,0,0,0,123,6,13,6,0,6,0,1241,206,10,17,10,0,10,0,18995,1899,2,0,2,0,2,0,13,6,0,0,0,0,0,0,0,15,1,0,0,0,0,0,0,0:0:0:0:0:0:0:1:4:1:0:0:0:0:0:0:0:0:0:0:0:0:0:0:0:0:0:0:0:0:0:0:0:9:1:0:0:0:0:0:0:0:0:0:0:0:0:2:0:0:0:0:0:0:0:0:0:0:0:0:0:0:0:0:0:0
mtfs-sentinel-dataset-v1,1,952,1398033974,1229212993,132330016,1060000,1,511,0,1,normal,124,Release,record,natural,natural,0,none,0,0,0,0,0,124,6,13,6,0,6,0,1277,212,10,17,10,0,10,0,20825,2082,2,0,2,0,2,0,14,7,0,0,0,0,0,0,0,15,1,0,0,0,0,0,0,0:0:0:0:0:0:0:0:4:2:0:0:0:0:0:0:0:0:0:0:0:0:0:0:0:0:0:0:0:0:0:0:0:8:2:0:0:0:0:0:0:0:0:0:0:0:0:2:0:0:0:0:0:0:0:0:0:0:0:0:0:0:0:0:0:0
mtfs-sentinel-dataset-v1,1,952,1398033974,1229212993,133390016,1060000,1,511,0,1,normal,125,Release,record,natural,natural,0,none,0,0,0,0,0,125,6,13,6,0,6,0,1251,208,10,17,10,0,10,0,19441,1944,2,0,2,0,2,0,13,6,0,0,0,0,0,0,0,15,1,0,0,0,0,0,0,0:0:0:0:0:0:0:0:4:2:0:0:0:0:0:0:0:0:0:0:0:0:0:0:0:0:0:0:0:0:0:0:1:7:2:0:0:0:0:0:0:0:0:0:0:0:0:2:0:0:0:0:0:0:0:0:0:0:0:0:0:0:0:0:0:0
mtfs-sentinel-dataset-v1,1,952,1398033974,1229212993,134450016,1060000,1,511,0,1,normal,126,Release,record,natural,natural,0,none,0,0,0,0,0,126,6,13,6,0,6,0,1454,242,10,17,10,0,10,0,18965,1896,2,0,2,0,2,0,14,7,0,0,0,0,0,0,0,15,1,0,0,0,0,0,0,0:0:0:0:0:0:0:0:3:3:0:0:0:0:0:0:0:0:0:0:0:0:0:0:0:0:0:0:0:0:0:0:1:8:1:0:0:0:0:0:0:0:0:0:0:0:0:2:0:0:0:0:0:0:0:0:0:0:0:0:0:0:0:0:0:0
mtfs-sentinel-dataset-v1,1,952,1398033974,1229212993,135510016,1060000,1,511,0,1,normal,127,Release,record,natural,natural,0,none,0,0,0,0,0,127,6,13,6,0,6,0,1242,207,10,17,10,0,10,0,19122,1912,2,0,2,0,2,0,12,6,0,0,0,0,0,0,0,15,1,0,0,0,0,0,0,0:0:0:0:0:0:0:0:5:1:0:0:0:0:0:0:0:0:0:0:0:0:0:0:0:0:0:0:0:0:0:0:0:9:1:0:0:0:0:0:0:0:0:0:0:0:0:2:0:0:0:0:0:0:0:0:0:0:0:0:0:0:0:0:0:0
mtfs-sentinel-dataset-v1,1,952,1398033974,1229212993,136570016,1060000,1,511,0,1,normal,128,Release,record,natural,natural,0,none,0,0,0,0,0,128,6,13,6,0,6,0,1293,215,10,17,10,0,10,0,19086,1908,2,0,2,0,2,0,14,7,0,0,0,0,0,0,0,15,1,0,0,0,0,0,0,0:0:0:0:0:0:0:0:4:2:0:0:0:0:0:0:0:0:0:0:0:0:0:0:0:0:0:0:0:0:0:0:0:9:1:0:0:0:0:0:0:0:0:0:0:0:0:2:0:0:0:0:0:0:0:0:0:0:0:0:0:0:0:0:0:0
mtfs-sentinel-dataset-v1,1,952,1398033974,1229212993,137640016,1070000,1,511,0,1,normal,129,Release,record,natural,natural,0,none,0,0,0,0,0,129,6,13,6,0,6,0,1253,208,10,17,10,0,10,0,22784,2278,2,0,2,0,2,0,14,7,0,0,0,0,0,0,0,15,1,0,0,0,0,0,0,0:0:0:0:0:0:0:0:4:2:0:0:0:0:0:0:0:0:0:0:0:0:0:0:0:0:0:0:0:0:0:0:1:6:2:1:0:0:0:0:0:0:0:0:0:0:0:2:0:0:0:0:0:0:0:0:0:0:0:0:0:0:0:0:0:0
mtfs-sentinel-dataset-v1,1,952,1398033974,1229212993,138700016,1060000,1,511,0,1,normal,130,Release,record,natural,natural,0,none,0,0,0,0,0,130,6,13,6,0,6,0,1456,242,10,17,10,0,10,0,19107,1910,2,0,2,0,2,0,14,7,0,0,0,0,0,0,0,15,1,0,0,0,0,0,0,0:0:0:0:0:0:0:0:3:3:0:0:0:0:0:0:0:0:0:0:0:0:0:0:0:0:0:0:0:0:0:0:1:8:1:0:0:0:0:0:0:0:0:0:0:0:0:2:0:0:0:0:0:0:0:0:0:0:0:0:0:0:0:0:0:0
mtfs-sentinel-dataset-v1,1,952,1398033974,1229212993,139770016,1070000,1,511,0,1,normal,131,Release,record,natural,natural,0,none,0,0,0,0,0,131,6,13,6,0,6,0,1242,207,10,17,10,0,10,0,22850,2285,2,0,2,0,2,0,13,6,0,0,0,0,0,0,0,15,1,0,0,0,0,0,0,0:0:0:0:0:0:0:0:5:1:0:0:0:0:0:0:0:0:0:0:0:0:0:0:0:0:0:0:0:0:0:0:0:8:1:1:0:0:0:0:0:0:0:0:0:0:0:2:0:0:0:0:0:0:0:0:0:0:0:0:0:0:0:0:0:0
mtfs-sentinel-dataset-v1,1,952,1398033974,1229212993,140830016,1060000,1,511,0,1,normal,132,Release,record,natural,natural,0,none,0,0,0,0,0,132,6,13,6,0,6,0,1276,212,10,17,10,0,10,0,20663,2066,2,0,2,0,2,0,14,7,0,0,0,0,0,0,0,15,1,0,0,0,0,0,0,0:0:0:0:0:0:0:0:4:2:0:0:0:0:0:0:0:0:0:0:0:0:0:0:0:0:0:0:0:0:0:0:0:8:2:0:0:0:0:0:0:0:0:0:0:0:0:2:0:0:0:0:0:0:0:0:0:0:0:0:0:0:0:0:0:0
mtfs-sentinel-dataset-v1,1,952,1398033974,1229212993,141900016,1070000,1,511,0,1,normal,133,Release,record,natural,natural,0,none,0,0,0,0,0,133,6,13,6,0,6,0,1256,209,10,17,10,0,10,0,24150,2415,2,0,2,0,2,0,14,7,0,0,0,0,0,0,0,15,1,0,0,0,0,0,0,0:0:0:0:0:0:0:0:4:2:0:0:0:0:0:0:0:0:0:0:0:0:0:0:0:0:0:0:0:0:0:0:1:7:1:1:0:0:0:0:0:0:0:0:0:0:0:2:0:0:0:0:0:0:0:0:0:0:0:0:0:0:0:0:0:0
mtfs-sentinel-dataset-v1,1,952,1398033974,1229212993,142960016,1060000,1,511,0,1,normal,134,Release,record,natural,natural,0,none,0,0,0,0,0,134,6,13,6,0,6,0,1454,242,10,17,10,0,10,0,18835,1883,2,0,2,0,2,0,12,6,0,0,0,0,0,0,0,15,1,0,0,0,0,0,0,0:0:0:0:0:0:0:0:3:3:0:0:0:0:0:0:0:0:0:0:0:0:0:0:0:0:0:0:0:0:0:0:1:8:1:0:0:0:0:0:0:0:0:0:0:0:0:2:0:0:0:0:0:0:0:0:0:0:0:0:0:0:0:0:0:0
mtfs-sentinel-dataset-v1,1,952,1398033974,1229212993,144020016,1060000,1,511,0,1,normal,135,Release,record,natural,natural,0,none,0,0,0,0,0,135,6,13,6,0,6,0,1240,206,10,17,10,0,10,0,18965,1896,2,0,2,0,2,0,13,6,0,0,0,0,0,0,0,15,1,0,0,0,0,0,0,0:0:0:0:0:0:0:0:5:1:0:0:0:0:0:0:0:0:0:0:0:0:0:0:0:0:0:0:0:0:0:0:0:9:1:0:0:0:0:0:0:0:0:0:0:0:0:2:0:0:0:0:0:0:0:0:0:0:0:0:0:0:0:0:0:0
mtfs-sentinel-dataset-v1,1,952,1398033974,1229212993,145080016,1060000,1,511,0,1,normal,136,Release,record,natural,natural,0,none,0,0,0,0,0,136,6,13,6,0,6,0,1292,215,10,17,10,0,10,0,18957,1895,2,0,2,0,2,0,13,6,0,0,0,0,0,0,0,15,1,0,0,0,0,0,0,0:0:0:0:0:0:0:0:4:2:0:0:0:0:0:0:0:0:0:0:0:0:0:0:0:0:0:0:0:0:0:0:0:9:1:0:0:0:0:0:0:0:0:0:0:0:0:2:0:0:0:0:0:0:0:0:0:0:0:0:0:0:0:0:0:0
mtfs-sentinel-dataset-v1,1,952,1398033974,1229212993,146140016,1060000,1,511,0,1,normal,137,Release,record,natural,natural,0,none,0,0,0,0,0,137,6,13,6,0,6,0,1252,208,10,17,10,0,10,0,19401,1940,2,0,2,0,2,0,14,7,0,0,0,0,0,0,0,15,1,0,0,0,0,0,0,0:0:0:0:0:0:0:0:4:2:0:0:0:0:0:0:0:0:0:0:0:0:0:0:0:0:0:0:0:0:0:0:1:7:2:0:0:0:0:0:0:0:0:0:0:0:0:2:0:0:0:0:0:0:0:0:0:0:0:0:0:0:0:0:0:0
mtfs-sentinel-dataset-v1,1,952,1398033974,1229212993,147200016,1060000,1,511,0,1,normal,138,Release,record,natural,natural,0,none,0,0,0,0,0,138,6,13,6,0,6,0,1455,242,10,17,10,0,10,0,18945,1894,2,0,2,0,2,0,13,6,0,0,0,0,0,0,0,15,1,0,0,0,0,0,0,0:0:0:0:0:0:0:0:3:3:0:0:0:0:0:0:0:0:0:0:0:0:0:0:0:0:0:0:0:0:0:0:1:8:1:0:0:0:0:0:0:0:0:0:0:0:0:2:0:0:0:0:0:0:0:0:0:0:0:0:0:0:0:0:0:0
mtfs-sentinel-dataset-v1,1,952,1398033974,1229212993,148260016,1060000,1,511,0,1,normal,139,Release,record,natural,natural,0,none,0,0,0,0,0,139,6,13,6,0,6,0,1241,206,10,17,10,0,10,0,19035,1903,2,0,2,0,2,0,14,7,0,0,0,0,0,0,0,15,1,0,0,0,0,0,0,0:0:0:0:0:0:0:0:5:1:0:0:0:0:0:0:0:0:0:0:0:0:0:0:0:0:0:0:0:0:0:0:0:9:1:0:0:0:0:0:0:0:0:0:0:0:0:2:0:0:0:0:0:0:0:0:0:0:0:0:0:0:0:0:0:0
mtfs-sentinel-dataset-v1,1,952,1398033974,1229212993,149320016,1060000,1,511,0,1,normal,140,Release,record,natural,natural,0,none,0,0,0,0,0,140,6,13,6,0,6,0,1276,212,10,17,10,0,10,0,20799,2079,2,0,2,0,2,0,14,7,0,0,0,0,0,0,0,15,1,0,0,0,0,0,0,0:0:0:0:0:0:0:0:4:2:0:0:0:0:0:0:0:0:0:0:0:0:0:0:0:0:0:0:0:0:0:0:0:8:2:0:0:0:0:0:0:0:0:0:0:0:0:2:0:0:0:0:0:0:0:0:0:0:0:0:0:0:0:0:0:0
mtfs-sentinel-dataset-v1,1,952,1398033974,1229212993,150390016,1070000,1,511,0,1,normal,141,Release,record,natural,natural,0,none,0,0,0,0,0,141,6,13,6,0,6,0,1251,208,10,17,10,0,10,0,23993,2399,2,0,2,0,2,0,14,7,0,0,0,0,0,0,0,15,1,0,0,0,0,0,0,0:0:0:0:0:0:0:0:4:2:0:0:0:0:0:0:0:0:0:0:0:0:0:0:0:0:0:0:0:0:0:0:0:7:2:1:0:0:0:0:0:0:0:0:0:0:0:2:0:0:0:0:0:0:0:0:0:0:0:0:0:0:0:0:0:0
mtfs-sentinel-dataset-v1,1,952,1398033974,1229212993,151450016,1060000,1,511,0,1,normal,142,Release,record,natural,natural,0,none,0,0,0,0,0,142,6,13,6,0,6,0,1455,242,10,17,10,0,10,0,19029,1902,2,0,2,0,2,0,14,7,0,0,0,0,0,0,0,15,1,0,0,0,0,0,0,0:0:0:0:0:0:0:0:3:3:0:0:0:0:0:0:0:0:0:0:0:0:0:0:0:0:0:0:0:0:0:0:1:8:1:0:0:0:0:0:0:0:0:0:0:0:0:2:0:0:0:0:0:0:0:0:0:0:0:0:0:0:0:0:0:0
mtfs-sentinel-dataset-v1,1,952,1398033974,1229212993,152520016,1070000,1,511,0,1,normal,143,Release,record,natural,natural,0,none,0,0,0,0,0,143,6,13,6,0,6,0,1241,206,10,17,10,0,10,0,25605,2560,2,0,2,0,2,0,14,7,0,0,0,0,0,0,0,15,1,0,0,0,0,0,0,0:0:0:0:0:0:0:0:5:1:0:0:0:0:0:0:0:0:0:0:0:0:0:0:0:0:0:0:0:0:0:0:0:7:1:2:0:0:0:0:0:0:0:0:0:0:0:2:0:0:0:0:0:0:0:0:0:0:0:0:0:0:0:0:0:0
mtfs-sentinel-dataset-v1,1,952,1398033974,1229212993,153580016,1060000,1,511,0,1,normal,144,Release,record,natural,natural,0,none,0,0,0,0,0,144,6,13,6,0,6,0,1293,215,10,17,10,0,10,0,19149,1914,2,0,2,0,2,0,14,7,0,0,0,0,0,0,0,15,1,0,0,0,0,0,0,0:0:0:0:0:0:0:0:4:2:0:0:0:0:0:0:0:0:0:0:0:0:0:0:0:0:0:0:0:0:0:0:0:9:1:0:0:0:0:0:0:0:0:0:0:0:0:2:0:0:0:0:0:0:0:0:0:0:0:0:0:0:0:0:0:0
mtfs-sentinel-dataset-v1,1,952,1398033974,1229212993,154640016,1060000,1,511,0,1,normal,145,Release,record,natural,natural,0,none,0,0,0,0,0,145,6,13,6,0,6,0,1253,208,10,17,10,0,10,0,19591,1959,2,0,2,0,2,0,14,7,0,0,0,0,0,0,0,15,1,0,0,0,0,0,0,0:0:0:0:0:0:0:0:4:2:0:0:0:0:0:0:0:0:0:0:0:0:0:0:0:0:0:0:0:0:0:0:1:7:2:0:0:0:0:0:0:0:0:0:0:0:0:2:0:0:0:0:0:0:0:0:0:0:0:0:0:0:0:0:0:0
mtfs-sentinel-dataset-v1,1,952,1398033974,1229212993,155710016,1070000,1,511,0,1,normal,146,Release,record,natural,natural,0,none,0,0,0,0,0,146,6,13,6,0,6,0,1456,242,10,17,10,0,10,0,23724,2372,2,0,2,0,2,0,13,6,0,0,0,0,0,0,0,15,1,0,0,0,0,0,0,0:0:0:0:0:0:0:0:3:3:0:0:0:0:0:0:0:0:0:0:0:0:0:0:0:0:0:0:0:0:0:0:1:7:1:1:0:0:0:0:0:0:0:0:0:0:0:2:0:0:0:0:0:0:0:0:0:0:0:0:0:0:0:0:0:0
mtfs-sentinel-dataset-v1,1,952,1398033974,1229212993,156770016,1060000,1,511,0,1,normal,147,Release,record,natural,natural,0,none,0,0,0,0,0,147,6,13,6,0,6,0,1241,206,10,17,10,0,10,0,18902,1890,2,0,2,0,2,0,13,6,0,0,0,0,0,0,0,15,1,0,0,0,0,0,0,0:0:0:0:0:0:0:0:5:1:0:0:0:0:0:0:0:0:0:0:0:0:0:0:0:0:0:0:0:0:0:0:0:9:1:0:0:0:0:0:0:0:0:0:0:0:0:2:0:0:0:0:0:0:0:0:0:0:0:0:0:0:0:0:0:0
mtfs-sentinel-dataset-v1,1,952,1398033974,1229212993,157830016,1060000,1,511,0,1,normal,148,Release,record,natural,natural,0,none,0,0,0,0,0,148,6,13,6,0,6,0,1277,212,10,17,10,0,10,0,20729,2072,2,0,2,0,2,0,14,7,0,0,0,0,0,0,0,15,1,0,0,0,0,0,0,0:0:0:0:0:0:0:0:4:2:0:0:0:0:0:0:0:0:0:0:0:0:0:0:0:0:0:0:0:0:0:0:0:8:2:0:0:0:0:0:0:0:0:0:0:0:0:2:0:0:0:0:0:0:0:0:0:0:0:0:0:0:0:0:0:0
mtfs-sentinel-dataset-v1,1,952,1398033974,1229212993,158890016,1060000,1,511,0,1,normal,149,Release,record,natural,natural,0,none,0,0,0,0,0,149,6,13,6,0,6,0,1251,208,10,17,10,0,10,0,19360,1936,2,0,2,0,2,0,14,7,0,0,0,0,0,0,0,15,1,0,0,0,0,0,0,0:0:0:0:0:0:0:0:4:2:0:0:0:0:0:0:0:0:0:0:0:0:0:0:0:0:0:0:0:0:0:0:1:7:2:0:0:0:0:0:0:0:0:0:0:0:0:2:0:0:0:0:0:0:0:0:0:0:0:0:0:0:0:0:0:0
mtfs-sentinel-dataset-v1,1,952,1398033974,1229212993,159950016,1060000,1,511,0,1,normal,150,Release,record,natural,natural,0,none,0,0,0,0,0,150,6,13,6,0,6,0,1455,242,10,17,10,0,10,0,18890,1889,2,0,2,0,2,0,14,7,0,0,0,0,0,0,0,15,1,0,0,0,0,0,0,0:0:0:0:0:0:0:0:3:3:0:0:0:0:0:0:0:0:0:0:0:0:0:0:0:0:0:0:0:0:0:0:1:8:1:0:0:0:0:0:0:0:0:0:0:0:0:2:0:0:0:0:0:0:0:0:0:0:0:0:0:0:0:0:0:0
mtfs-sentinel-dataset-v1,1,952,1398033974,1229212993,161010016,1060000,1,511,0,1,normal,151,Release,record,natural,natural,0,none,0,0,0,0,0,151,6,13,6,0,6,0,1243,207,10,17,10,0,10,0,19048,1904,2,0,2,0,2,0,14,7,0,0,0,0,0,0,0,15,1,0,0,0,0,0,0,0:0:0:0:0:0:0:0:5:1:0:0:0:0:0:0:0:0:0:0:0:0:0:0:0:0:0:0:0:0:0:0:0:9:1:0:0:0:0:0:0:0:0:0:0:0:0:2:0:0:0:0:0:0:0:0:0:0:0:0:0:0:0:0:0:0
mtfs-sentinel-dataset-v1,1,952,1398033974,1229212993,162070016,1060000,1,511,0,1,normal,152,Release,record,natural,natural,0,none,0,0,0,0,0,152,6,13,6,0,6,0,1292,215,10,17,10,0,10,0,18992,1899,2,0,2,0,2,0,14,7,0,0,0,0,0,0,0,15,1,0,0,0,0,0,0,0:0:0:0:0:0:0:0:4:2:0:0:0:0:0:0:0:0:0:0:0:0:0:0:0:0:0:0:0:0:0:0:0:9:1:0:0:0:0:0:0:0:0:0:0:0:0:2:0:0:0:0:0:0:0:0:0:0:0:0:0:0:0:0:0:0
mtfs-sentinel-dataset-v1,1,952,1398033974,1229212993,163130016,1060000,1,511,0,1,normal,153,Release,record,natural,natural,0,none,0,0,0,0,0,153,6,13,6,0,6,0,1251,208,10,17,10,0,10,0,19454,1945,2,0,2,0,2,0,12,6,0,0,0,0,0,0,0,15,1,0,0,0,0,0,0,0:0:0:0:0:0:0:0:4:2:0:0:0:0:0:0:0:0:0:0:0:0:0:0:0:0:0:0:0:0:0:0:1:7:2:0:0:0:0:0:0:0:0:0:0:0:0:2:0:0:0:0:0:0:0:0:0:0:0:0:0:0:0:0:0:0
mtfs-sentinel-dataset-v1,1,952,1398033974,1229212993,164190016,1060000,1,511,0,1,normal,154,Release,record,natural,natural,0,none,0,0,0,0,0,154,6,13,6,0,6,0,1456,242,10,17,10,0,10,0,19018,1901,2,0,2,0,2,0,14,7,0,0,0,0,0,0,0,15,1,0,0,0,0,0,0,0:0:0:0:0:0:0:0:3:3:0:0:0:0:0:0:0:0:0:0:0:0:0:0:0:0:0:0:0:0:0:0:1:8:1:0:0:0:0:0:0:0:0:0:0:0:0:2:0:0:0:0:0:0:0:0:0:0:0:0:0:0:0:0:0:0
mtfs-sentinel-dataset-v1,1,952,1398033974,1229212993,165250016,1060000,1,511,0,1,normal,155,Release,record,natural,natural,0,none,0,0,0,0,0,155,6,13,6,0,6,0,1241,206,10,17,10,0,10,0,19090,1909,2,0,2,0,2,0,13,6,0,0,0,0,0,0,0,15,1,0,0,0,0,0,0,0:0:0:0:0:0:0:0:5:1:0:0:0:0:0:0:0:0:0:0:0:0:0:0:0:0:0:0:0:0:0:0:0:9:1:0:0:0:0:0:0:0:0:0:0:0:0:2:0:0:0:0:0:0:0:0:0:0:0:0:0:0:0:0:0:0
mtfs-sentinel-dataset-v1,1,952,1398033974,1229212993,166320016,1070000,1,511,0,1,normal,156,Release,record,natural,natural,0,none,0,0,0,0,0,156,6,13,6,0,6,0,1278,213,10,17,10,0,10,0,24565,2456,2,0,2,0,2,0,14,7,0,0,0,0,0,0,0,15,1,0,0,0,0,0,0,0:0:0:0:0:0:0:0:4:2:0:0:0:0:0:0:0:0:0:0:0:0:0:0:0:0:0:0:0:0:0:0:0:7:2:1:0:0:0:0:0:0:0:0:0:0:0:2:0:0:0:0:0:0:0:0:0:0:0:0:0:0:0:0:0:0
mtfs-sentinel-dataset-v1,1,952,1398033974,1229212993,167390016,1070000,1,511,0,1,normal,157,Release,record,natural,natural,0,none,0,0,0,0,0,157,6,13,6,0,6,0,1253,208,10,17,10,0,10,0,22791,2279,2,0,2,0,2,0,13,6,0,0,0,0,0,0,0,15,1,0,0,0,0,0,0,0:0:0:0:0:0:0:0:4:2:0:0:0:0:0:0:0:0:0:0:0:0:0:0:0:0:0:0:0:0:0:0:1:7:1:1:0:0:0:0:0:0:0:0:0:0:0:2:0:0:0:0:0:0:0:0:0:0:0:0:0:0:0:0:0:0
mtfs-sentinel-dataset-v1,1,952,1398033974,1229212993,168450016,1060000,1,511,0,1,normal,158,Release,record,natural,natural,0,none,0,0,0,0,0,158,6,13,6,0,6,0,1454,242,10,17,10,0,10,0,19060,1906,2,0,2,0,2,0,14,7,0,0,0,0,0,0,0,15,1,0,0,0,0,0,0,0:0:0:0:0:0:0:0:3:3:0:0:0:0:0:0:0:0:0:0:0:0:0:0:0:0:0:0:0:0:0:0:1:8:1:0:0:0:0:0:0:0:0:0:0:0:0:2:0:0:0:0:0:0:0:0:0:0:0:0:0:0:0:0:0:0
mtfs-sentinel-dataset-v1,1,952,1398033974,1229212993,169510016,1060000,1,511,0,1,normal,159,Release,record,natural,natural,0,none,0,0,0,0,0,159,6,13,6,0,6,0,1242,207,10,17,10,0,10,0,19233,1923,2,0,2,0,2,0,14,7,0,0,0,0,0,0,0,15,1,0,0,0,0,0,0,0:0:0:0:0:0:0:0:5:1:0:0:0:0:0:0:0:0:0:0:0:0:0:0:0:0:0:0:0:0:0:0:0:9:1:0:0:0:0:0:0:0:0:0:0:0:0:2:0:0:0:0:0:0:0:0:0:0:0:0:0:0:0:0:0:0
mtfs-sentinel-dataset-v1,1,952,1398033974,1229212993,170580016,1070000,1,511,0,1,normal,160,Release,record,natural,natural,0,none,0,0,0,0,0,160,6,13,6,0,6,0,1290,215,10,17,10,0,10,0,23791,2379,2,0,2,0,2,0,14,7,0,0,0,0,0,0,0,15,1,0,0,0,0,0,0,0:0:0:0:0:0:0:0:4:2:0:0:0:0:0:0:0:0:0:0:0:0:0:0:0:0:0:0:0:0:0:0:0:8:1:1:0:0:0:0:0:0:0:0:0:0:0:2:0:0:0:0:0:0:0:0:0:0:0:0:0:0:0:0:0:0
mtfs-sentinel-dataset-v1,1,952,1398033974,1229212993,171640016,1060000,1,511,0,1,normal,161,Release,record,natural,natural,0,none,0,0,0,0,0,161,6,13,6,0,6,0,1252,208,10,17,10,0,10,0,19315,1931,2,0,2,0,2,0,14,7,0,0,0,0,0,0,0,15,1,0,0,0,0,0,0,0:0:0:0:0:0:0:0:4:2:0:0:0:0:0:0:0:0:0:0:0:0:0:0:0:0:0:0:0:0:0:0:1:7:2:0:0:0:0:0:0:0:0:0:0:0:0:2:0:0:0:0:0:0:0:0:0:0:0:0:0:0:0:0:0:0
mtfs-sentinel-dataset-v1,1,952,1398033974,1229212993,172700016,1060000,1,511,0,1,normal,162,Release,record,natural,natural,0,none,0,0,0,0,0,162,6,13,6,0,6,0,1454,242,10,17,10,0,10,0,18844,1884,2,0,2,0,2,0,13,6,0,0,0,0,0,0,0,15,1,0,0,0,0,0,0,0:0:0:0:0:0:0:0:3:3:0:0:0:0:0:0:0:0:0:0:0:0:0:0:0:0:0:0:0:0:0:0:1:8:1:0:0:0:0:0:0:0:0:0:0:0:0:2:0:0:0:0:0:0:0:0:0:0:0:0:0:0:0:0:0:0
mtfs-sentinel-dataset-v1,1,952,1398033974,1229212993,173760016,1060000,1,511,0,1,normal,163,Release,record,natural,natural,0,none,0,0,0,0,0,163,6,13,6,0,6,0,1243,207,10,17,10,0,10,0,18977,1897,2,0,2,0,2,0,13,6,0,0,0,0,0,0,0,15,1,0,0,0,0,0,0,0:0:0:0:0:0:0:0:5:1:0:0:0:0:0:0:0:0:0:0:0:0:0:0:0:0:0:0:0:0:0:0:0:9:1:0:0:0:0:0:0:0:0:0:0:0:0:2:0:0:0:0:0:0:0:0:0:0:0:0:0:0:0:0:0:0
mtfs-sentinel-dataset-v1,1,952,1398033974,1229212993,174820016,1060000,1,511,0,1,normal,164,Release,record,natural,natural,0,none,0,0,0,0,0,164,6,13,6,0,6,0,1276,212,10,17,10,0,10,0,20792,2079,2,0,2,0,2,0,13,6,0,0,0,0,0,0,0,15,1,0,0,0,0,0,0,0:0:0:0:0:0:0:0:4:2:0:0:0:0:0:0:0:0:0:0:0:0:0:0:0:0:0:0:0:0:0:0:0:8:2:0:0:0:0:0:0:0:0:0:0:0:0:2:0:0:0:0:0:0:0:0:0:0:0:0:0:0:0:0:0:0
mtfs-sentinel-dataset-v1,1,952,1398033974,1229212993,175880016,1060000,1,511,0,1,normal,165,Release,record,natural,natural,0,none,0,0,0,0,0,165,6,13,6,0,6,0,1251,208,10,17,10,0,10,0,19386,1938,2,0,2,0,2,0,14,7,0,0,0,0,0,0,0,15,1,0,0,0,0,0,0,0:0:0:0:0:0:0:0:4:2:0:0:0:0:0:0:0:0:0:0:0:0:0:0:0:0:0:0:0:0:0:0:1:7:2:0:0:0:0:0:0:0:0:0:0:0:0:2:0:0:0:0:0:0:0:0:0:0:0:0:0:0:0:0:0:0
mtfs-sentinel-dataset-v1,1,952,1398033974,1229212993,176940016,1060000,1,511,0,1,normal,166,Release,record,natural,natural,0,none,0,0,0,0,0,166,6,13,6,0,6,0,1453,242,10,17,10,0,10,0,18933,1893,2,0,2,0,2,0,14,7,0,0,0,0,0,0,0,15,1,0,0,0,0,0,0,0:0:0:0:0:0:0:0:3:3:0:0:0:0:0:0:0:0:0:0:0:0:0:0:0:0:0:0:0:0:0:0:1:8:1:0:0:0:0:0:0:0:0:0:0:0:0:2:0:0:0:0:0:0:0:0:0:0:0:0:0:0:0:0:0:0
mtfs-sentinel-dataset-v1,1,952,1398033974,1229212993,178000016,1060000,1,511,0,1,normal,167,Release,record,natural,natural,0,none,0,0,0,0,0,167,6,13,6,0,6,0,1242,207,10,17,10,0,10,0,19083,1908,2,0,2,0,2,0,14,7,0,0,0,0,0,0,0,15,1,0,0,0,0,0,0,0:0:0:0:0:0:0:0:5:1:0:0:0:0:0:0:0:0:0:0:0:0:0:0:0:0:0:0:0:0:0:0:0:9:1:0:0:0:0:0:0:0:0:0:0:0:0:2:0:0:0:0:0:0:0:0:0:0:0:0:0:0:0:0:0:0
mtfs-sentinel-dataset-v1,1,952,1398033974,1229212993,179070016,1070000,1,511,0,1,normal,168,Release,record,natural,natural,0,none,0,0,0,0,0,168,6,13,6,0,6,0,1293,215,10,17,10,0,10,0,22236,2223,2,0,2,0,2,0,13,6,0,0,0,0,0,0,0,15,1,0,0,0,0,0,0,0:0:0:0:0:0:0:0:4:2:0:0:0:0:0:0:0:0:0:0:0:0:0:0:0:0:0:0:0:0:0:0:0:8:1:1:0:0:0:0:0:0:0:0:0:0:0:2:0:0:0:0:0:0:0:0:0:0:0:0:0:0:0:0:0:0
mtfs-sentinel-dataset-v1,1,952,1398033974,1229212993,180130016,1060000,1,511,0,1,normal,169,Release,record,natural,natural,0,none,0,0,0,0,0,169,6,13,6,0,6,0,1252,208,10,17,10,0,10,0,19475,1947,2,0,2,0,2,0,13,6,0,0,0,0,0,0,0,15,1,0,0,0,0,0,0,0:0:0:0:0:0:0:0:4:2:0:0:0:0:0:0:0:0:0:0:0:0:0:0:0:0:0:0:0:0:0:0:1:7:2:0:0:0:0:0:0:0:0:0:0:0:0:2:0:0:0:0:0:0:0:0:0:0:0:0:0:0:0:0:0:0
mtfs-sentinel-dataset-v1,1,952,1398033974,1229212993,181190016,1060000,1,511,0,1,normal,170,Release,record,natural,natural,0,none,0,0,0,0,0,170,6,13,6,0,6,0,1454,242,10,17,10,0,10,0,19027,1902,2,0,2,0,2,0,14,7,0,0,0,0,0,0,0,15,1,0,0,0,0,0,0,0:0:0:0:0:0:0:0:3:3:0:0:0:0:0:0:0:0:0:0:0:0:0:0:0:0:0:0:0:0:0:0:1:8:1:0:0:0:0:0:0:0:0:0:0:0:0:2:0:0:0:0:0:0:0:0:0:0:0:0:0:0:0:0:0:0
mtfs-sentinel-dataset-v1,1,952,1398033974,1229212993,182250016,1060000,1,511,0,1,normal,171,Release,record,natural,natural,0,none,0,0,0,0,0,171,6,13,6,0,6,0,1242,207,10,17,10,0,10,0,19141,1914,2,0,2,0,2,0,14,7,0,0,0,0,0,0,0,15,1,0,0,0,0,0,0,0:0:0:0:0:0:0:0:5:1:0:0:0:0:0:0:0:0:0:0:0:0:0:0:0:0:0:0:0:0:0:0:0:9:1:0:0:0:0:0:0:0:0:0:0:0:0:2:0:0:0:0:0:0:0:0:0:0:0:0:0:0:0:0:0:0
mtfs-sentinel-dataset-v1,1,952,1398033974,1229212993,183320016,1070000,1,511,0,1,normal,172,Release,record,natural,natural,0,none,0,0,0,0,0,172,6,13,6,0,6,0,1280,213,10,17,10,0,10,0,24194,2419,2,0,2,0,2,0,14,7,0,0,0,0,0,0,0,15,1,0,0,0,0,0,0,0:0:0:0:0:0:0:0:4:2:0:0:0:0:0:0:0:0:0:0:0:0:0:0:0:0:0:0:0:0:0:0:0:7:2:1:0:0:0:0:0:0:0:0:0:0:0:2:0:0:0:0:0:0:0:0:0:0:0:0:0:0:0:0:0:0
mtfs-sentinel-dataset-v1,1,952,1398033974,1229212993,184380016,1060000,1,511,0,1,normal,173,Release,record,natural,natural,0,none,0,0,0,0,0,173,6,13,6,0,6,0,1252,208,10,17,10,0,10,0,19561,1956,2,0,2,0,2,0,14,7,0,0,0,0,0,0,0,15,1,0,0,0,0,0,0,0:0:0:0:0:0:0:0:4:2:0:0:0:0:0:0:0:0:0:0:0:0:0:0:0:0:0:0:0:0:0:0:1:7:2:0:0:0:0:0:0:0:0:0:0:0:0:2:0:0:0:0:0:0:0:0:0:0:0:0:0:0:0:0:0:0
mtfs-sentinel-dataset-v1,1,952,1398033974,1229212993,185450016,1070000,1,511,0,1,normal,174,Release,record,natural,natural,0,none,0,0,0,0,0,174,6,13,6,0,6,0,1451,241,10,17,10,0,10,0,23805,2380,2,0,2,0,2,0,14,7,0,0,0,0,0,0,0,15,1,0,0,0,0,0,0,0:0:0:0:0:0:0:0:3:3:0:0:0:0:0:0:0:0:0:0:0:0:0:0:0:0:0:0:0:0:0:0:1:7:1:1:0:0:0:0:0:0:0:0:0:0:0:2:0:0:0:0:0:0:0:0:0:0:0:0:0:0:0:0:0:0
mtfs-sentinel-dataset-v1,1,952,1398033974,1229212993,186510016,1060000,1,511,0,1,normal,175,Release,record,natural,natural,0,none,0,0,0,0,0,175,6,13,6,0,6,0,1240,206,10,17,10,0,10,0,18913,1891,2,0,2,0,2,0,13,6,0,0,0,0,0,0,0,15,1,0,0,0,0,0,0,0:0:0:0:0:0:0:0:5:1:0:0:0:0:0:0:0:0:0:0:0:0:0:0:0:0:0:0:0:0:0:0:0:9:1:0:0:0:0:0:0:0:0:0:0:0:0:2:0:0:0:0:0:0:0:0:0:0:0:0:0:0:0:0:0:0
mtfs-sentinel-dataset-v1,1,952,1398033974,1229212993,187570016,1060000,1,511,0,1,normal,176,Release,record,natural,natural,0,none,0,0,0,0,0,176,6,13,6,0,6,0,1307,217,10,17,10,0,10,0,18897,1889,2,0,2,0,2,0,14,7,0,0,0,0,0,0,0,15,1,0,0,0,0,0,0,0:0:0:0:0:0:0:0:4:2:0:0:0:0:0:0:0:0:0:0:0:0:0:0:0:0:0:0:0:0:0:0:0:9:1:0:0:0:0:0:0:0:0:0:0:0:0:2:0:0:0:0:0:0:0:0:0:0:0:0:0:0:0:0:0:0
mtfs-sentinel-dataset-v1,1,952,1398033974,1229212993,188630016,1060000,1,511,0,1,normal,177,Release,record,natural,natural,0,none,0,0,0,0,0,177,6,13,6,0,6,0,1251,208,10,17,10,0,10,0,19332,1933,2,0,2,0,2,0,14,7,0,0,0,0,0,0,0,15,1,0,0,0,0,0,0,0:0:0:0:0:0:0:0:4:2:0:0:0:0:0:0:0:0:0:0:0:0:0:0:0:0:0:0:0:0:0:0:1:7:2:0:0:0:0:0:0:0:0:0:0:0:0:2:0:0:0:0:0:0:0:0:0:0:0:0:0:0:0:0:0:0
mtfs-sentinel-dataset-v1,1,952,1398033974,1229212993,189690016,1060000,1,511,0,1,normal,178,Release,record,natural,natural,0,none,0,0,0,0,0,178,6,13,6,0,6,0,1453,242,10,17,10,0,10,0,18877,1887,2,0,2,0,2,0,14,7,0,0,0,0,0,0,0,15,1,0,0,0,0,0,0,0:0:0:0:0:0:0:0:3:3:0:0:0:0:0:0:0:0:0:0:0:0:0:0:0:0:0:0:0:0:0:0:1:8:1:0:0:0:0:0:0:0:0:0:0:0:0:2:0:0:0:0:0:0:0:0:0:0:0:0:0:0:0:0:0:0
mtfs-sentinel-dataset-v1,1,952,1398033974,1229212993,190750016,1060000,1,511,0,1,normal,179,Release,record,natural,natural,0,none,0,0,0,0,0,179,6,13,6,0,6,0,1239,206,10,17,10,0,10,0,18972,1897,2,0,2,0,2,0,13,6,0,0,0,0,0,0,0,15,1,0,0,0,0,0,0,0:0:0:0:0:0:0:1:4:1:0:0:0:0:0:0:0:0:0:0:0:0:0:0:0:0:0:0:0:0:0:0:0:9:1:0:0:0:0:0:0:0:0:0:0:0:0:2:0:0:0:0:0:0:0:0:0:0:0:0:0:0:0:0:0:0
mtfs-sentinel-dataset-v1,1,952,1398033974,1229212993,191810016,1060000,1,511,0,1,normal,180,Release,record,natural,natural,0,none,0,0,0,0,0,180,6,13,6,0,6,0,1277,212,10,17,10,0,10,0,20808,2080,2,0,2,0,2,0,14,7,0,0,0,0,0,0,0,15,1,0,0,0,0,0,0,0:0:0:0:0:0:0:0:4:2:0:0:0:0:0:0:0:0:0:0:0:0:0:0:0:0:0:0:0:0:0:0:0:8:2:0:0:0:0:0:0:0:0:0:0:0:0:2:0:0:0:0:0:0:0:0:0:0:0:0:0:0:0:0:0:0
mtfs-sentinel-dataset-v1,1,952,1398033974,1229212993,192880016,1070000,1,511,0,1,normal,181,Release,record,natural,natural,0,none,0,0,0,0,0,181,6,13,6,0,6,0,1253,208,10,17,10,0,10,0,23091,2309,2,0,2,0,2,0,14,7,0,0,0,0,0,0,0,15,1,0,0,0,0,0,0,0:0:0:0:0:0:0:0:4:2:0:0:0:0:0:0:0:0:0:0:0:0:0:0:0:0:0:0:0:0:0:0:1:6:2:1:0:0:0:0:0:0:0:0:0:0:0:2:0:0:0:0:0:0:0:0:0:0:0:0:0:0:0:0:0:0
mtfs-sentinel-dataset-v1,1,952,1398033974,1229212993,193940016,1060000,1,511,0,1,normal,182,Release,record,natural,natural,0,none,0,0,0,0,0,182,6,13,6,0,6,0,1453,242,10,17,10,0,10,0,18957,1895,2,0,2,0,2,0,14,7,0,0,0,0,0,0,0,15,1,0,0,0,0,0,0,0:0:0:0:0:0:0:0:3:3:0:0:0:0:0:0:0:0:0:0:0:0:0:0:0:0:0:0:0:0:0:0:1:8:1:0:0:0:0:0:0:0:0:0:0:0:0:2:0:0:0:0:0:0:0:0:0:0:0:0:0:0:0:0:0:0
mtfs-sentinel-dataset-v1,1,952,1398033974,1229212993,195000016,1060000,1,511,0,1,normal,183,Release,record,natural,natural,0,none,0,0,0,0,0,183,6,13,6,0,6,0,1241,206,10,17,10,0,10,0,19107,1910,2,0,2,0,2,0,14,7,0,0,0,0,0,0,0,15,1,0,0,0,0,0,0,0:0:0:0:0:0:0:0:5:1:0:0:0:0:0:0:0:0:0:0:0:0:0:0:0:0:0:0:0:0:0:0:0:9:1:0:0:0:0:0:0:0:0:0:0:0:0:2:0:0:0:0:0:0:0:0:0:0:0:0:0:0:0:0:0:0
mtfs-sentinel-dataset-v1,1,952,1398033974,1229212993,196060016,1060000,1,511,0,1,normal,184,Release,record,natural,natural,0,none,0,0,0,0,0,184,6,13,6,0,6,0,1292,215,10,17,10,0,10,0,19073,1907,2,0,2,0,2,0,14,7,0,0,0,0,0,0,0,15,1,0,0,0,0,0,0,0:0:0:0:0:0:0:0:4:2:0:0:0:0:0:0:0:0:0:0:0:0:0:0:0:0:0:0:0:0:0:0:0:9:1:0:0:0:0:0:0:0:0:0:0:0:0:2:0:0:0:0:0:0:0:0:0:0:0:0:0:0:0:0:0:0
mtfs-sentinel-dataset-v1,1,952,1398033974,1229212993,197120016,1060000,1,511,0,1,normal,185,Release,record,natural,natural,0,none,0,0,0,0,0,185,6,13,6,0,6,0,1253,208,10,17,10,0,10,0,19540,1954,2,0,2,0,2,0,14,7,0,0,0,0,0,0,0,15,1,0,0,0,0,0,0,0:0:0:0:0:0:0:0:4:2:0:0:0:0:0:0:0:0:0:0:0:0:0:0:0:0:0:0:0:0:0:0:1:7:2:0:0:0:0:0:0:0:0:0:0:0:0:2:0:0:0:0:0:0:0:0:0:0:0:0:0:0:0:0:0:0
mtfs-sentinel-dataset-v1,1,952,1398033974,1229212993,198190016,1070000,1,511,0,1,normal,186,Release,record,natural,natural,0,none,0,0,0,0,0,186,6,13,6,0,6,0,1454,242,10,17,10,0,10,0,22311,2231,2,0,2,0,2,0,14,7,0,0,0,0,0,0,0,15,1,0,0,0,0,0,0,0:0:0:0:0:0:0:0:3:3:0:0:0:0:0:0:0:0:0:0:0:0:0:0:0:0:0:0:0:0:0:0:1:7:1:1:0:0:0:0:0:0:0:0:0:0:0:2:0:0:0:0:0:0:0:0:0:0:0:0:0:0:0:0:0:0
mtfs-sentinel-dataset-v1,1,952,1398033974,1229212993,199250016,1060000,1,511,0,1,normal,187,Release,record,natural,natural,0,none,0,0,0,0,0,187,6,13,6,0,6,0,1241,206,10,17,10,0,10,0,19167,1916,2,0,2,0,2,0,14,7,0,0,0,0,0,0,0,15,1,0,0,0,0,0,0,0:0:0:0:0:0:0:0:5:1:0:0:0:0:0:0:0:0:0:0:0:0:0:0:0:0:0:0:0:0:0:0:0:9:1:0:0:0:0:0:0:0:0:0:0:0:0:2:0:0:0:0:0:0:0:0:0:0:0:0:0:0:0:0:0:0
mtfs-sentinel-dataset-v1,1,952,1398033974,1229212993,200320016,1070000,1,511,0,1,normal,188,Release,record,natural,natural,0,none,0,0,0,0,0,188,6,13,6,0,6,0,1293,215,10,17,10,0,10,0,25782,2578,2,0,2,0,2,0,14,7,0,0,0,0,0,0,0,15,1,0,0,0,0,0,0,0:0:0:0:0:0:0:0:4:2:0:0:0:0:0:0:0:0:0:0:0:0:0:0:0:0:0:0:0:0:0:0:0:7:2:1:0:0:0:0:0:0:0:0:0:0:0:2:0:0:0:0:0:0:0:0:0:0:0:0:0:0:0:0:0:0
mtfs-sentinel-dataset-v1,1,952,1398033974,1229212993,201380016,1060000,1,511,0,1,normal,189,Release,record,natural,natural,0,none,0,0,0,0,0,189,6,13,6,0,6,0,1251,208,10,17,10,0,10,0,19282,1928,2,0,2,0,2,0,12,6,0,0,0,0,0,0,0,15,1,0,0,0,0,0,0,0:0:0:0:0:0:0:0:4:2:0:0:0:0:0:0:0:0:0:0:0:0:0:0:0:0:0:0:0:0:0:0:1:7:2:0:0:0:0:0:0:0:0:0:0:0:0:2:0:0:0:0:0:0:0:0:0:0:0:0:0:0:0:0:0:0
mtfs-sentinel-dataset-v1,1,952,1398033974,1229212993,202440016,1060000,1,511,0,1,normal,190,Release,record,natural,natural,0,none,0,0,0,0,0,190,6,13,6,0,6,0,1453,242,10,17,10,0,10,0,18827,1882,2,0,2,0,2,0,12,6,0,0,0,0,0,0,0,15,1,0,0,0,0,0,0,0:0:0:0:0:0:0:0:3:3:0:0:0:0:0:0:0:0:0:0:0:0:0:0:0:0:0:0:0:0:0:0:1:8:1:0:0:0:0:0:0:0:0:0:0:0:0:2:0:0:0:0:0:0:0:0:0:0:0:0:0:0:0:0:0:0
mtfs-sentinel-dataset-v1,1,952,1398033974,1229212993,203500016,1060000,1,511,0,1,normal,191,Release,record,natural,natural,0,none,0,0,0,0,0,191,6,13,6,0,6,0,1242,207,10,17,10,0,10,0,18956,1895,2,0,2,0,2,0,13,6,0,0,0,0,0,0,0,15,1,0,0,0,0,0,0,0:0:0:0:0:0:0:0:5:1:0:0:0:0:0:0:0:0:0:0:0:0:0:0:0:0:0:0:0:0:0:0:0:9:1:0:0:0:0:0:0:0:0:0:0:0:0:2:0:0:0:0:0:0:0:0:0:0:0:0:0:0:0:0:0:0
mtfs-sentinel-dataset-v1,1,952,1398033974,1229212993,204560016,1060000,1,511,0,1,normal,192,Release,record,natural,natural,0,none,0,0,0,0,0,192,6,13,6,0,6,0,1293,215,10,17,10,0,10,0,18938,1893,2,0,2,0,2,0,14,7,0,0,0,0,0,0,0,15,1,0,0,0,0,0,0,0:0:0:0:0:0:0:0:4:2:0:0:0:0:0:0:0:0:0:0:0:0:0:0:0:0:0:0:0:0:0:0:0:9:1:0:0:0:0:0:0:0:0:0:0:0:0:2:0:0:0:0:0:0:0:0:0:0:0:0:0:0:0:0:0:0
mtfs-sentinel-dataset-v1,1,952,1398033974,1229212993,205630016,1070000,1,511,0,1,normal,193,Release,record,natural,natural,0,none,0,0,0,0,0,193,6,13,6,0,6,0,1255,209,10,17,10,0,10,0,22603,2260,2,0,2,0,2,0,13,6,0,0,0,0,0,0,0,15,1,0,0,0,0,0,0,0:0:0:0:0:0:0:0:4:2:0:0:0:0:0:0:0:0:0:0:0:0:0:0:0:0:0:0:0:0:0:0:1:7:1:1:0:0:0:0:0:0:0:0:0:0:0:2:0:0:0:0:0:0:0:0:0:0:0:0:0:0:0:0:0:0
mtfs-sentinel-dataset-v1,1,952,1398033974,1229212993,206690016,1060000,1,511,0,1,normal,194,Release,record,natural,natural,0,none,0,0,0,0,0,194,6,13,6,0,6,0,1456,242,10,17,10,0,10,0,18932,1893,2,0,2,0,2,0,14,7,0,0,0,0,0,0,0,15,1,0,0,0,0,0,0,0:0:0:0:0:0:0:0:3:3:0:0:0:0:0:0:0:0:0:0:0:0:0:0:0:0:0:0:0:0:0:0:1:8:1:0:0:0:0:0:0:0:0:0:0:0:0:2:0:0:0:0:0:0:0:0:0:0:0:0:0:0:0:0:0:0
mtfs-sentinel-dataset-v1,1,952,1398033974,1229212993,207750016,1060000,1,511,0,1,normal,195,Release,record,natural,natural,0,none,0,0,0,0,0,195,6,13,6,0,6,0,1242,207,10,17,10,0,10,0,19019,1901,2,0,2,0,2,0,13,6,0,0,0,0,0,0,0,15,1,0,0,0,0,0,0,0:0:0:0:0:0:0:0:5:1:0:0:0:0:0:0:0:0:0:0:0:0:0:0:0:0:0:0:0:0:0:0:0:9:1:0:0:0:0:0:0:0:0:0:0:0:0:2:0:0:0:0:0:0:0:0:0:0:0:0:0:0:0:0:0:0
mtfs-sentinel-dataset-v1,1,952,1398033974,1229212993,208810016,1060000,1,511,0,1,normal,196,Release,record,natural,natural,0,none,0,0,0,0,0,196,6,13,6,0,6,0,1276,212,10,17,10,0,10,0,20840,2084,2,0,2,0,2,0,14,7,0,0,0,0,0,0,0,15,1,0,0,0,0,0,0,0:0:0:0:0:0:0:0:4:2:0:0:0:0:0:0:0:0:0:0:0:0:0:0:0:0:0:0:0:0:0:0:0:8:2:0:0:0:0:0:0:0:0:0:0:0:0:2:0:0:0:0:0:0:0:0:0:0:0:0:0:0:0:0:0:0
mtfs-sentinel-dataset-v1,1,952,1398033974,1229212993,209870016,1060000,1,511,0,1,normal,197,Release,record,natural,natural,0,none,0,0,0,0,0,197,6,13,6,0,6,0,1252,208,10,17,10,0,10,0,19492,1949,2,0,2,0,2,0,14,7,0,0,0,0,0,0,0,15,1,0,0,0,0,0,0,0:0:0:0:0:0:0:0:4:2:0:0:0:0:0:0:0:0:0:0:0:0:0:0:0:0:0:0:0:0:0:0:1:7:2:0:0:0:0:0:0:0:0:0:0:0:0:2:0:0:0:0:0:0:0:0:0:0:0:0:0:0:0:0:0:0
mtfs-sentinel-dataset-v1,1,952,1398033974,1229212993,210930016,1060000,1,511,0,1,normal,198,Release,record,natural,natural,0,none,0,0,0,0,0,198,6,13,6,0,6,0,1452,242,10,17,10,0,10,0,18992,1899,2,0,2,0,2,0,14,7,0,0,0,0,0,0,0,15,1,0,0,0,0,0,0,0:0:0:0:0:0:0:0:3:3:0:0:0:0:0:0:0:0:0:0:0:0:0:0:0:0:0:0:0:0:0:0:1:8:1:0:0:0:0:0:0:0:0:0:0:0:0:2:0:0:0:0:0:0:0:0:0:0:0:0:0:0:0:0:0:0
mtfs-sentinel-dataset-v1,1,952,1398033974,1229212993,211990016,1060000,1,511,0,1,normal,199,Release,record,natural,natural,0,none,0,0,0,0,0,199,6,13,6,0,6,0,1245,207,10,17,10,0,10,0,19180,1918,2,0,2,0,2,0,13,6,0,0,0,0,0,0,0,15,1,0,0,0,0,0,0,0:0:0:0:0:0:0:0:5:1:0:0:0:0:0:0:0:0:0:0:0:0:0:0:0:0:0:0:0:0:0:0:0:9:1:0:0:0:0:0:0:0:0:0:0:0:0:2:0:0:0:0:0:0:0:0:0:0:0:0:0:0:0:0:0:0
mtfs-sentinel-dataset-v1,1,952,1398033974,1229212993,213060016,1070000,1,511,0,1,normal,200,Release,record,natural,natural,0,none,0,0,0,0,0,200,6,13,6,0,6,0,1291,215,10,17,10,0,10,0,22354,2235,2,0,2,0,2,0,14,7,0,0,0,0,0,0,0,15,1,0,0,0,0,0,0,0:0:0:0:0:0:0:0:4:2:0:0:0:0:0:0:0:0:0:0:0:0:0:0:0:0:0:0:0:0:0:0:0:8:1:1:0:0:0:0:0:0:0:0:0:0:0:2:0:0:0:0:0:0:0:0:0:0:0:0:0:0:0:0:0:0
mtfs-sentinel-dataset-v1,1,952,1398033974,1229212993,214120016,1060000,1,511,0,1,normal,201,Release,record,natural,natural,0,none,0,0,0,0,0,201,6,13,6,0,6,0,1253,208,10,17,10,0,10,0,19570,1957,2,0,2,0,2,0,14,7,0,0,0,0,0,0,0,15,1,0,0,0,0,0,0,0:0:0:0:0:0:0:0:4:2:0:0:0:0:0:0:0:0:0:0:0:0:0:0:0:0:0:0:0:0:0:0:1:7:2:0:0:0:0:0:0:0:0:0:0:0:0:2:0:0:0:0:0:0:0:0:0:0:0:0:0:0:0:0:0:0
mtfs-sentinel-dataset-v1,1,952,1398033974,1229212993,215190016,1070000,1,511,0,1,normal,202,Release,record,natural,natural,0,none,0,0,0,0,0,202,6,13,6,0,6,0,1454,242,10,17,10,0,10,0,23934,2393,2,0,2,0,2,0,14,7,0,0,0,0,0,0,0,15,1,0,0,0,0,0,0,0:0:0:0:0:0:0:0:3:3:0:0:0:0:0:0:0:0:0:0:0:0:0:0:0:0:0:0:0:0:0:0:1:7:1:1:0:0:0:0:0:0:0:0:0:0:0:2:0:0:0:0:0:0:0:0:0:0:0:0:0:0:0:0:0:0
mtfs-sentinel-dataset-v1,1,952,1398033974,1229212993,216250016,1060000,1,511,0,1,normal,203,Release,record,natural,natural,0,none,0,0,0,0,0,203,6,13,6,0,6,0,1244,207,10,17,10,0,10,0,18939,1893,2,0,2,0,2,0,14,7,0,0,0,0,0,0,0,15,1,0,0,0,0,0,0,0:0:0:0:0:0:0:0:5:1:0:0:0:0:0:0:0:0:0:0:0:0:0:0:0:0:0:0:0:0:0:0:0:9:1:0:0:0:0:0:0:0:0:0:0:0:0:2:0:0:0:0:0:0:0:0:0:0:0:0:0:0:0:0:0:0
mtfs-sentinel-dataset-v1,1,952,1398033974,1229212993,217310016,1060000,1,511,0,1,normal,204,Release,record,natural,natural,0,none,0,0,0,0,0,204,6,13,6,0,6,0,1278,213,10,17,10,0,10,0,20729,2072,2,0,2,0,2,0,14,7,0,0,0,0,0,0,0,15,1,0,0,0,0,0,0,0:0:0:0:0:0:0:0:4:2:0:0:0:0:0:0:0:0:0:0:0:0:0:0:0:0:0:0:0:0:0:0:0:8:2:0:0:0:0:0:0:0:0:0:0:0:0:2:0:0:0:0:0:0:0:0:0:0:0:0:0:0:0:0:0:0
mtfs-sentinel-dataset-v1,1,952,1398033974,1229212993,218370016,1060000,1,511,0,1,normal,205,Release,record,natural,natural,0,none,0,0,0,0,0,205,6,13,6,0,6,0,1252,208,10,17,10,0,10,0,19333,1933,2,0,2,0,2,0,14,7,0,0,0,0,0,0,0,15,1,0,0,0,0,0,0,0:0:0:0:0:0:0:0:4:2:0:0:0:0:0:0:0:0:0:0:0:0:0:0:0:0:0:0:0:0:0:0:1:7:2:0:0:0:0:0:0:0:0:0:0:0:0:2:0:0:0:0:0:0:0:0:0:0:0:0:0:0:0:0:0:0
mtfs-sentinel-dataset-v1,1,952,1398033974,1229212993,219440016,1070000,1,511,0,1,normal,206,Release,record,natural,natural,0,none,0,0,0,0,0,206,6,13,6,0,6,0,1471,245,10,17,10,0,10,0,22544,2254,2,0,2,0,2,0,14,7,0,0,0,0,0,0,0,15,1,0,0,0,0,0,0,0:0:0:0:0:0:0:0:3:3:0:0:0:0:0:0:0:0:0:0:0:0:0:0:0:0:0:0:0:0:0:0:1:7:1:1:0:0:0:0:0:0:0:0:0:0:0:2:0:0:0:0:0:0:0:0:0:0:0:0:0:0:0:0:0:0
mtfs-sentinel-dataset-v1,1,952,1398033974,1229212993,220500016,1060000,1,511,0,1,normal,207,Release,record,natural,natural,0,none,0,0,0,0,0,207,6,13,6,0,6,0,1241,206,10,17,10,0,10,0,19000,1900,2,0,2,0,2,0,14,7,0,0,0,0,0,0,0,15,1,0,0,0,0,0,0,0:0:0:0:0:0:0:0:5:1:0:0:0:0:0:0:0:0:0:0:0:0:0:0:0:0:0:0:0:0:0:0:0:9:1:0:0:0:0:0:0:0:0:0:0:0:0:2:0:0:0:0:0:0:0:0:0:0:0:0:0:0:0:0:0:0
mtfs-sentinel-dataset-v1,1,952,1398033974,1229212993,221560016,1060000,1,511,0,1,normal,208,Release,record,natural,natural,0,none,0,0,0,0,0,208,6,13,6,0,6,0,1291,215,10,17,10,0,10,0,18974,1897,2,0,2,0,2,0,13,6,0,0,0,0,0,0,0,15,1,0,0,0,0,0,0,0:0:0:0:0:0:0:0:4:2:0:0:0:0:0:0:0:0:0:0:0:0:0:0:0:0:0:0:0:0:0:0:0:9:1:0:0:0:0:0:0:0:0:0:0:0:0:2:0:0:0:0:0:0:0:0:0:0:0:0:0:0:0:0:0:0
mtfs-sentinel-dataset-v1,1,952,1398033974,1229212993,222620016,1060000,1,511,0,1,normal,209,Release,record,natural,natural,0,none,0,0,0,0,0,209,6,13,6,0,6,0,1251,208,10,17,10,0,10,0,19439,1943,2,0,2,0,2,0,14,7,0,0,0,0,0,0,0,15,1,0,0,0,0,0,0,0:0:0:0:0:0:0:0:4:2:0:0:0:0:0:0:0:0:0:0:0:0:0:0:0:0:0:0:0:0:0:0:1:7:2:0:0:0:0:0:0:0:0:0:0:0:0:2:0:0:0:0:0:0:0:0:0:0:0:0:0:0:0:0:0:0
mtfs-sentinel-dataset-v1,1,952,1398033974,1229212993,223680016,1060000,1,511,0,1,normal,210,Release,record,natural,natural,0,none,0,0,0,0,0,210,6,13,6,0,6,0,1452,242,10,17,10,0,10,0,18959,1895,2,0,2,0,2,0,14,7,0,0,0,0,0,0,0,15,1,0,0,0,0,0,0,0:0:0:0:0:0:0:1:2:3:0:0:0:0:0:0:0:0:0:0:0:0:0:0:0:0:0:0:0:0:0:0:1:8:1:0:0:0:0:0:0:0:0:0:0:0:0:2:0:0:0:0:0:0:0:0:0:0:0:0:0:0:0:0:0:0
mtfs-sentinel-dataset-v1,1,952,1398033974,1229212993,224740016,1060000,1,511,0,1,normal,211,Release,record,natural,natural,0,none,0,0,0,0,0,211,6,13,6,0,6,0,1242,207,10,17,10,0,10,0,19071,1907,2,0,2,0,2,0,13,6,0,0,0,0,0,0,0,15,1,0,0,0,0,0,0,0:0:0:0:0:0:0:0:5:1:0:0:0:0:0:0:0:0:0:0:0:0:0:0:0:0:0:0:0:0:0:0:0:9:1:0:0:0:0:0:0:0:0:0:0:0:0:2:0:0:0:0:0:0:0:0:0:0:0:0:0:0:0:0:0:0
mtfs-sentinel-dataset-v1,1,952,1398033974,1229212993,225800016,1060000,1,511,0,1,normal,212,Release,record,natural,natural,0,none,0,0,0,0,0,212,6,13,6,0,6,0,1277,212,10,17,10,0,10,0,20903,2090,2,0,2,0,2,0,13,6,0,0,0,0,0,0,0,15,1,0,0,0,0,0,0,0:0:0:0:0:0:0:0:4:2:0:0:0:0:0:0:0:0:0:0:0:0:0:0:0:0:0:0:0:0:0:0:0:8:2:0:0:0:0:0:0:0:0:0:0:0:0:2:0:0:0:0:0:0:0:0:0:0:0:0:0:0:0:0:0:0
mtfs-sentinel-dataset-v1,1,952,1398033974,1229212993,226860016,1060000,1,511,0,1,normal,213,Release,record,natural,natural,0,none,0,0,0,0,0,213,6,13,6,0,6,0,1252,208,10,17,10,0,10,0,19533,1953,2,0,2,0,2,0,14,7,0,0,0,0,0,0,0,15,1,0,0,0,0,0,0,0:0:0:0:0:0:0:0:4:2:0:0:0:0:0:0:0:0:0:0:0:0:0:0:0:0:0:0:0:0:0:0:1:7:2:0:0:0:0:0:0:0:0:0:0:0:0:2:0:0:0:0:0:0:0:0:0:0:0:0:0:0:0:0:0:0
mtfs-sentinel-dataset-v1,1,952,1398033974,1229212993,227930016,1070000,1,511,0,1,normal,214,Release,record,natural,natural,0,none,0,0,0,0,0,214,6,13,6,0,6,0,1453,242,10,17,10,0,10,0,22314,2231,2,0,2,0,2,0,13,6,0,0,0,0,0,0,0,15,1,0,0,0,0,0,0,0:0:0:0:0:0:0:0:3:3:0:0:0:0:0:0:0:0:0:0:0:0:0:0:0:0:0:0:0:0:0:0:1:7:1:1:0:0:0:0:0:0:0:0:0:0:0:2:0:0:0:0:0:0:0:0:0:0:0:0:0:0:0:0:0:0
mtfs-sentinel-dataset-v1,1,952,1398033974,1229212993,228990016,1060000,1,511,0,1,normal,215,Release,record,natural,natural,0,none,0,0,0,0,0,215,6,13,6,0,6,0,1243,207,10,17,10,0,10,0,19197,1919,2,0,2,0,2,0,14,7,0,0,0,0,0,0,0,15,1,0,0,0,0,0,0,0:0:0:0:0:0:0:0:5:1:0:0:0:0:0:0:0:0:0:0:0:0:0:0:0:0:0:0:0:0:0:0:0:9:1:0:0:0:0:0:0:0:0:0:0:0:0:2:0:0:0:0:0:0:0:0:0:0:0:0:0:0:0:0:0:0
mtfs-sentinel-dataset-v1,1,952,1398033974,1229212993,230060016,1070000,1,511,0,1,normal,216,Release,record,natural,natural,0,none,0,0,0,0,0,216,6,13,6,0,6,0,1292,215,10,17,10,0,10,0,23985,2398,2,0,2,0,2,0,14,7,0,0,0,0,0,0,0,15,1,0,0,0,0,0,0,0:0:0:0:0:0:0:0:4:2:0:0:0:0:0:0:0:0:0:0:0:0:0:0:0:0:0:0:0:0:0:0:0:8:1:1:0:0:0:0:0:0:0:0:0:0:0:2:0:0:0:0:0:0:0:0:0:0:0:0:0:0:0:0:0:0
mtfs-sentinel-dataset-v1,1,952,1398033974,1229212993,231120016,1060000,1,511,0,1,normal,217,Release,record,natural,natural,0,none,0,0,0,0,0,217,6,13,6,0,6,0,1252,208,10,17,10,0,10,0,19384,1938,2,0,2,0,2,0,14,7,0,0,0,0,0,0,0,15,1,0,0,0,0,0,0,0:0:0:0:0:0:0:0:4:2:0:0:0:0:0:0:0:0:0:0:0:0:0:0:0:0:0:0:0:0:0:0:1:7:2:0:0:0:0:0:0:0:0:0:0:0:0:2:0:0:0:0:0:0:0:0:0:0:0:0:0:0:0:0:0:0
mtfs-sentinel-dataset-v1,1,952,1398033974,1229212993,232190016,1070000,1,511,0,1,normal,218,Release,record,natural,natural,0,none,0,0,0,0,0,218,6,13,6,0,6,0,1455,242,10,17,10,0,10,0,22053,2205,2,0,2,0,2,0,14,7,0,0,0,0,0,0,0,15,1,0,0,0,0,0,0,0:0:0:0:0:0:0:0:3:3:0:0:0:0:0:0:0:0:0:0:0:0:0:0:0:0:0:0:0:0:0:0:1:7:1:1:0:0:0:0:0:0:0:0:0:0:0:2:0:0:0:0:0:0:0:0:0:0:0:0:0:0:0:0:0:0
mtfs-sentinel-dataset-v1,1,952,1398033974,1229212993,233250016,1060000,1,511,0,1,normal,219,Release,record,natural,natural,0,none,0,0,0,0,0,219,6,13,6,0,6,0,1242,207,10,17,10,0,10,0,18954,1895,2,0,2,0,2,0,14,7,0,0,0,0,0,0,0,15,1,0,0,0,0,0,0,0:0:0:0:0:0:0:0:5:1:0:0:0:0:0:0:0:0:0:0:0:0:0:0:0:0:0:0:0:0:0:0:0:9:1:0:0:0:0:0:0:0:0:0:0:0:0:2:0:0:0:0:0:0:0:0:0:0:0:0:0:0:0:0:0:0
mtfs-sentinel-dataset-v1,1,952,1398033974,1229212993,234310016,1060000,1,511,0,1,normal,220,Release,record,natural,natural,0,none,0,0,0,0,0,220,6,13,6,0,6,0,1292,215,10,17,10,0,10,0,20758,2075,2,0,2,0,2,0,14,7,0,0,0,0,0,0,0,15,1,0,0,0,0,0,0,0:0:0:0:0:0:0:0:4:2:0:0:0:0:0:0:0:0:0:0:0:0:0:0:0:0:0:0:0:0:0:0:0:8:2:0:0:0:0:0:0:0:0:0:0:0:0:2:0:0:0:0:0:0:0:0:0:0:0:0:0:0:0:0:0:0
mtfs-sentinel-dataset-v1,1,952,1398033974,1229212993,235370016,1060000,1,511,0,1,normal,221,Release,record,natural,natural,0,none,0,0,0,0,0,221,6,13,6,0,6,0,1254,209,10,17,10,0,10,0,19410,1941,2,0,2,0,2,0,14,7,0,0,0,0,0,0,0,15,1,0,0,0,0,0,0,0:0:0:0:0:0:0:0:4:2:0:0:0:0:0:0:0:0:0:0:0:0:0:0:0:0:0:0:0:0:0:0:1:7:2:0:0:0:0:0:0:0:0:0:0:0:0:2:0:0:0:0:0:0:0:0:0:0:0:0:0:0:0:0:0:0
mtfs-sentinel-dataset-v1,1,952,1398033974,1229212993,236430016,1060000,1,511,0,1,normal,222,Release,record,natural,natural,0,none,0,0,0,0,0,222,6,13,6,0,6,0,1452,242,10,17,10,0,10,0,18924,1892,2,0,2,0,2,0,14,7,0,0,0,0,0,0,0,15,1,0,0,0,0,0,0,0:0:0:0:0:0:0:0:3:3:0:0:0:0:0:0:0:0:0:0:0:0:0:0:0:0:0:0:0:0:0:0:1:8:1:0:0:0:0:0:0:0:0:0:0:0:0:2:0:0:0:0:0:0:0:0:0:0:0:0:0:0:0:0:0:0
mtfs-sentinel-dataset-v1,1,952,1398033974,1229212993,237490016,1060000,1,511,0,1,normal,223,Release,record,natural,natural,0,none,0,0,0,0,0,223,6,13,6,0,6,0,1242,207,10,17,10,0,10,0,19039,1903,2,0,2,0,2,0,14,7,0,0,0,0,0,0,0,15,1,0,0,0,0,0,0,0:0:0:0:0:0:0:0:5:1:0:0:0:0:0:0:0:0:0:0:0:0:0:0:0:0:0:0:0:0:0:0:0:9:1:0:0:0:0:0:0:0:0:0:0:0:0:2:0:0:0:0:0:0:0:0:0:0:0:0:0:0:0:0:0:0
mtfs-sentinel-dataset-v1,1,952,1398033974,1229212993,238550016,1060000,1,511,0,1,normal,224,Release,record,natural,natural,0,none,0,0,0,0,0,224,6,13,6,0,6,0,1291,215,10,17,10,0,10,0,19031,1903,2,0,2,0,2,0,14,7,0,0,0,0,0,0,0,15,1,0,0,0,0,0,0,0:0:0:0:0:0:0:0:4:2:0:0:0:0:0:0:0:0:0:0:0:0:0:0:0:0:0:0:0:0:0:0:0:9:1:0:0:0:0:0:0:0:0:0:0:0:0:2:0:0:0:0:0:0:0:0:0:0:0:0:0:0:0:0:0:0
mtfs-sentinel-dataset-v1,1,952,1398033974,1229212993,239610016,1060000,1,511,0,1,normal,225,Release,record,natural,natural,0,none,0,0,0,0,0,225,6,13,6,0,6,0,1252,208,10,17,10,0,10,0,19484,1948,2,0,2,0,2,0,14,7,0,0,0,0,0,0,0,15,1,0,0,0,0,0,0,0:0:0:0:0:0:0:0:4:2:0:0:0:0:0:0:0:0:0:0:0:0:0:0:0:0:0:0:0:0:0:0:1:7:2:0:0:0:0:0:0:0:0:0:0:0:0:2:0:0:0:0:0:0:0:0:0:0:0:0:0:0:0:0:0:0
mtfs-sentinel-dataset-v1,1,952,1398033974,1229212993,240670016,1060000,1,511,0,1,normal,226,Release,record,natural,natural,0,none,0,0,0,0,0,226,6,13,6,0,6,0,1454,242,10,17,10,0,10,0,19039,1903,2,0,2,0,2,0,14,7,0,0,0,0,0,0,0,15,1,0,0,0,0,0,0,0:0:0:0:0:0:0:0:3:3:0:0:0:0:0:0:0:0:0:0:0:0:0:0:0:0:0:0:0:0:0:0:1:8:1:0:0:0:0:0:0:0:0:0:0:0:0:2:0:0:0:0:0:0:0:0:0:0:0:0:0:0:0:0:0:0
mtfs-sentinel-dataset-v1,1,952,1398033974,1229212993,241730016,1060000,1,511,0,1,normal,227,Release,record,natural,natural,0,none,0,0,0,0,0,227,6,13,6,0,6,0,1240,206,10,17,10,0,10,0,19122,1912,2,0,2,0,2,0,14,7,0,0,0,0,0,0,0,15,1,0,0,0,0,0,0,0:0:0:0:0:0:0:0:5:1:0:0:0:0:0:0:0:0:0:0:0:0:0:0:0:0:0:0:0:0:0:0:0:9:1:0:0:0:0:0:0:0:0:0:0:0:0:2:0:0:0:0:0:0:0:0:0:0:0:0:0:0:0:0:0:0
mtfs-sentinel-dataset-v1,1,952,1398033974,1229212993,242800016,1070000,1,511,0,1,normal,228,Release,record,natural,natural,0,none,0,0,0,0,0,228,6,13,6,0,6,0,1280,213,10,17,10,0,10,0,24213,2421,2,0,2,0,2,0,14,7,0,0,0,0,0,0,0,15,1,0,0,0,0,0,0,0:0:0:0:0:0:0:0:4:2:0:0:0:0:0:0:0:0:0:0:0:0:0:0:0:0:0:0:0:0:0:0:0:7:2:1:0:0:0:0:0:0:0:0:0:0:0:2:0:0:0:0:0:0:0:0:0:0:0:0:0:0:0:0:0:0
mtfs-sentinel-dataset-v1,1,952,1398033974,1229212993,243860016,1060000,1,511,0,1,normal,229,Release,record,natural,natural,0,none,0,0,0,0,0,229,6,13,6,0,6,0,1252,208,10,17,10,0,10,0,19582,1958,2,0,2,0,2,0,14,7,0,0,0,0,0,0,0,15,1,0,0,0,0,0,0,0:0:0:0:0:0:0:0:4:2:0:0:0:0:0:0:0:0:0:0:0:0:0:0:0:0:0:0:0:0:0:0:1:7:2:0:0:0:0:0:0:0:0:0:0:0:0:2:0:0:0:0:0:0:0:0:0:0:0:0:0:0:0:0:0:0
mtfs-sentinel-dataset-v1,1,952,1398033974,1229212993,244930016,1070000,1,511,0,1,normal,230,Release,record,natural,natural,0,none,0,0,0,0,0,230,6,13,6,0,6,0,1456,242,10,17,10,0,10,0,23904,2390,2,0,2,0,2,0,13,6,0,0,0,0,0,0,0,15,1,0,0,0,0,0,0,0:0:0:0:0:0:0:0:3:3:0:0:0:0:0:0:0:0:0:0:0:0:0:0:0:0:0:0:0:0:0:0:1:7:1:1:0:0:0:0:0:0:0:0:0:0:0:2:0:0:0:0:0:0:0:0:0:0:0:0:0:0:0:0:0:0
mtfs-sentinel-dataset-v1,1,952,1398033974,1229212993,246000016,1070000,1,511,0,1,normal,231,Release,record,natural,natural,0,none,0,0,0,0,0,231,6,13,6,0,6,0,1240,206,10,17,10,0,10,0,22762,2276,2,0,2,0,2,0,13,6,0,0,0,0,0,0,0,15,1,0,0,0,0,0,0,0:0:0:0:0:0:0:0:5:1:0:0:0:0:0:0:0:0:0:0:0:0:0:0:0:0:0:0:0:0:0:0:0:9:0:1:0:0:0:0:0:0:0:0:0:0:0:2:0:0:0:0:0:0:0:0:0:0:0:0:0:0:0:0:0:0
mtfs-sentinel-dataset-v1,1,952,1398033974,1229212993,247060016,1060000,1,511,0,1,normal,232,Release,record,natural,natural,0,none,0,0,0,0,0,232,6,13,6,0,6,0,1293,215,10,17,10,0,10,0,18883,1888,2,0,2,0,2,0,14,7,0,0,0,0,0,0,0,15,1,0,0,0,0,0,0,0:0:0:0:0:0:0:0:4:2:0:0:0:0:0:0:0:0:0:0:0:0:0:0:0:0:0:0:0:0:0:0:0:9:1:0:0:0:0:0:0:0:0:0:0:0:0:2:0:0:0:0:0:0:0:0:0:0:0:0:0:0:0:0:0:0
mtfs-sentinel-dataset-v1,1,952,1398033974,1229212993,248120016,1060000,1,511,0,1,normal,233,Release,record,natural,natural,0,none,0,0,0,0,0,233,6,13,6,0,6,0,1251,208,10,17,10,0,10,0,19334,1933,2,0,2,0,2,0,14,7,0,0,0,0,0,0,0,15,1,0,0,0,0,0,0,0:0:0:0:0:0:0:0:4:2:0:0:0:0:0:0:0:0:0:0:0:0:0:0:0:0:0:0:0:0:0:0:1:7:2:0:0:0:0:0:0:0:0:0:0:0:0:2:0:0:0:0:0:0:0:0:0:0:0:0:0:0:0:0:0:0
mtfs-sentinel-dataset-v1,1,952,1398033974,1229212993,249180016,1060000,1,511,0,1,normal,234,Release,record,natural,natural,0,none,0,0,0,0,0,234,6,13,6,0,6,0,1453,242,10,17,10,0,10,0,18895,1889,2,0,2,0,2,0,14,7,0,0,0,0,0,0,0,15,1,0,0,0,0,0,0,0:0:0:0:0:0:0:0:3:3:0:0:0:0:0:0:0:0:0:0:0:0:0:0:0:0:0:0:0:0:0:0:1:8:1:0:0:0:0:0:0:0:0:0:0:0:0:2:0:0:0:0:0:0:0:0:0:0:0:0:0:0:0:0:0:0
mtfs-sentinel-dataset-v1,1,952,1398033974,1229212993,250240016,1060000,1,511,0,1,normal,235,Release,record,natural,natural,0,none,0,0,0,0,0,235,6,13,6,0,6,0,1241,206,10,17,10,0,10,0,18987,1898,2,0,2,0,2,0,14,7,0,0,0,0,0,0,0,15,1,0,0,0,0,0,0,0:0:0:0:0:0:0:0:5:1:0:0:0:0:0:0:0:0:0:0:0:0:0:0:0:0:0:0:0:0:0:0:0:9:1:0:0:0:0:0:0:0:0:0:0:0:0:2:0:0:0:0:0:0:0:0:0:0:0:0:0:0:0:0:0:0
mtfs-sentinel-dataset-v1,1,952,1398033974,1229212993,251300016,1060000,1,511,0,1,normal,236,Release,record,natural,natural,0,none,0,0,0,0,0,236,6,13,6,0,6,0,1292,215,10,17,10,0,10,0,20786,2078,2,0,2,0,2,0,13,6,0,0,0,0,0,0,0,15,1,0,0,0,0,0,0,0:0:0:0:0:0:0:0:4:2:0:0:0:0:0:0:0:0:0:0:0:0:0:0:0:0:0:0:0:0:0:0:0:8:2:0:0:0:0:0:0:0:0:0:0:0:0:2:0:0:0:0:0:0:0:0:0:0:0:0:0:0:0:0:0:0
mtfs-sentinel-dataset-v1,1,952,1398033974,1229212993,252360016,1060000,1,511,0,1,normal,237,Release,record,natural,natural,0,none,0,0,0,0,0,237,6,13,6,0,6,0,1253,208,10,17,10,0,10,0,19452,1945,2,0,2,0,2,0,13,6,0,0,0,0,0,0,0,15,1,0,0,0,0,0,0,0:0:0:0:0:0:0:0:4:2:0:0:0:0:0:0:0:0:0:0:0:0:0:0:0:0:0:0:0:0:0:0:1:7:2:0:0:0:0:0:0:0:0:0:0:0:0:2:0:0:0:0:0:0:0:0:0:0:0:0:0:0:0:0:0:0
mtfs-sentinel-dataset-v1,1,952,1398033974,1229212993,253420016,1060000,1,511,0,1,normal,238,Release,record,natural,natural,0,none,0,0,0,0,0,238,6,13,6,0,6,0,1455,242,10,17,10,0,10,0,18977,1897,2,0,2,0,2,0,13,6,0,0,0,0,0,0,0,15,1,0,0,0,0,0,0,0:0:0:0:0:0:0:0:3:3:0:0:0:0:0:0:0:0:0:0:0:0:0:0:0:0:0:0:0:0:0:0:1:8:1:0:0:0:0:0:0:0:0:0:0:0:0:2:0:0:0:0:0:0:0:0:0:0:0:0:0:0:0:0:0:0
mtfs-sentinel-dataset-v1,1,952,1398033974,1229212993,254480016,1060000,1,511,0,1,normal,239,Release,record,natural,natural,0,none,0,0,0,0,0,239,6,13,6,0,6,0,1242,207,10,17,10,0,10,0,19095,1909,2,0,2,0,2,0,14,7,0,0,0,0,0,0,0,15,1,0,0,0,0,0,0,0:0:0:0:0:0:0:0:5:1:0:0:0:0:0:0:0:0:0:0:0:0:0:0:0:0:0:0:0:0:0:0:0:9:1:0:0:0:0:0:0:0:0:0:0:0:0:2:0:0:0:0:0:0:0:0:0:0:0:0:0:0:0:0:0:0
mtfs-sentinel-dataset-v1,1,952,1398033974,1229212993,255540016,1060000,1,511,0,1,normal,240,Release,record,natural,natural,0,none,0,0,0,0,0,240,6,13,6,0,6,0,1292,215,10,17,10,0,10,0,19053,1905,2,0,2,0,2,0,14,7,0,0,0,0,0,0,0,15,1,0,0,0,0,0,0,0:0:0:0:0:0:0:0:4:2:0:0:0:0:0:0:0:0:0:0:0:0:0:0:0:0:0:0:0:0:0:0:0:9:1:0:0:0:0:0:0:0:0:0:0:0:0:2:0:0:0:0:0:0:0:0:0:0:0:0:0:0:0:0:0:0
mtfs-sentinel-dataset-v1,1,952,1398033974,1229212993,256600016,1060000,1,511,0,1,normal,241,Release,record,natural,natural,0,none,0,0,0,0,0,241,6,13,6,0,6,0,1252,208,10,17,10,0,10,0,19502,1950,2,0,2,0,2,0,12,6,0,0,0,0,0,0,0,15,1,0,0,0,0,0,0,0:0:0:0:0:0:0:0:4:2:0:0:0:0:0:0:0:0:0:0:0:0:0:0:0:0:0:0:0:0:0:0:1:7:2:0:0:0:0:0:0:0:0:0:0:0:0:2:0:0:0:0:0:0:0:0:0:0:0:0:0:0:0:0:0:0
mtfs-sentinel-dataset-v1,1,952,1398033974,1229212993,257660016,1060000,1,511,0,1,normal,242,Release,record,natural,natural,0,none,0,0,0,0,0,242,6,13,6,0,6,0,1455,242,10,17,10,0,10,0,19062,1906,2,0,2,0,2,0,14,7,0,0,0,0,0,0,0,15,1,0,0,0,0,0,0,0:0:0:0:0:0:0:0:3:3:0:0:0:0:0:0:0:0:0:0:0:0:0:0:0:0:0:0:0:0:0:0:1:8:1:0:0:0:0:0:0:0:0:0:0:0:0:2:0:0:0:0:0:0:0:0:0:0:0:0:0:0:0:0:0:0
mtfs-sentinel-dataset-v1,1,952,1398033974,1229212993,258730016,1070000,1,511,0,1,normal,243,Release,record,natural,natural,0,none,0,0,0,0,0,243,6,13,6,0,6,0,1242,207,10,17,10,0,10,0,25630,2563,2,0,2,0,2,0,13,6,0,0,0,0,0,0,0,15,1,0,0,0,0,0,0,0:0:0:0:0:0:0:0:5:1:0:0:0:0:0:0:0:0:0:0:0:0:0:0:0:0:0:0:0:0:0:0:0:7:1:2:0:0:0:0:0:0:0:0:0:0:0:2:0:0:0:0:0:0:0:0:0:0:0:0:0:0:0:0:0:0
mtfs-sentinel-dataset-v1,1,952,1398033974,1229212993,259800016,1070000,1,511,0,1,normal,244,Release,record,natural,natural,0,none,0,0,0,0,0,244,6,13,6,0,6,0,1311,218,10,17,10,0,10,0,25805,2580,2,0,2,0,2,0,14,7,0,0,0,0,0,0,0,15,1,0,0,0,0,0,0,0:0:0:0:0:0:0:0:4:2:0:0:0:0:0:0:0:0:0:0:0:0:0:0:0:0:0:0:0:0:0:0:0:8:1:1:0:0:0:0:0:0:0:0:0:0:0:2:0:0:0:0:0:0:0:0:0:0:0:0:0:0:0:0:0:0
mtfs-sentinel-dataset-v1,1,952,1398033974,1229212993,260860016,1060000,1,511,0,1,normal,245,Release,record,natural,natural,0,none,0,0,0,0,0,245,6,13,6,0,6,0,1252,208,10,17,10,0,10,0,19526,1952,2,0,2,0,2,0,14,7,0,0,0,0,0,0,0,15,1,0,0,0,0,0,0,0:0:0:0:0:0:0:0:4:2:0:0:0:0:0:0:0:0:0:0:0:0:0:0:0:0:0:0:0:0:0:0:1:7:2:0:0:0:0:0:0:0:0:0:0:0:0:2:0:0:0:0:0:0:0:0:0:0:0:0:0:0:0:0:0:0
mtfs-sentinel-dataset-v1,1,952,1398033974,1229212993,261920016,1060000,1,511,0,1,normal,246,Release,record,natural,natural,0,none,0,0,0,0,0,246,6,13,6,0,6,0,1453,242,10,17,10,0,10,0,18798,1879,2,0,2,0,2,0,14,7,0,0,0,0,0,0,0,15,1,0,0,0,0,0,0,0:0:0:0:0:0:0:0:3:3:0:0:0:0:0:0:0:0:0:0:0:0:0:0:0:0:0:0:0:0:0:0:1:8:1:0:0:0:0:0:0:0:0:0:0:0:0:2:0:0:0:0:0:0:0:0:0:0:0:0:0:0:0:0:0:0
mtfs-sentinel-dataset-v1,1,952,1398033974,1229212993,262980016,1060000,1,511,0,1,normal,247,Release,record,natural,natural,0,none,0,0,0,0,0,247,6,13,6,0,6,0,1239,206,10,17,10,0,10,0,18934,1893,2,0,2,0,2,0,13,6,0,0,0,0,0,0,0,15,1,0,0,0,0,0,0,0:0:0:0:0:0:0:0:5:1:0:0:0:0:0:0:0:0:0:0:0:0:0:0:0:0:0:0:0:0:0:0:0:9:1:0:0:0:0:0:0:0:0:0:0:0:0:2:0:0:0:0:0:0:0:0:0:0:0:0:0:0:0:0:0:0
mtfs-sentinel-dataset-v1,1,952,1398033974,1229212993,264040016,1060000,1,511,0,1,normal,248,Release,record,natural,natural,0,none,0,0,0,0,0,248,6,13,6,0,6,0,1292,215,10,17,10,0,10,0,18921,1892,2,0,2,0,2,0,13,6,0,0,0,0,0,0,0,15,1,0,0,0,0,0,0,0:0:0:0:0:0:0:0:4:2:0:0:0:0:0:0:0:0:0:0:0:0:0:0:0:0:0:0:0:0:0:0:0:9:1:0:0:0:0:0:0:0:0:0:0:0:0:2:0:0:0:0:0:0:0:0:0:0:0:0:0:0:0:0:0:0
mtfs-sentinel-dataset-v1,1,952,1398033974,1229212993,265100016,1060000,1,511,0,1,normal,249,Release,record,natural,natural,0,none,0,0,0,0,0,249,6,13,6,0,6,0,1250,208,10,17,10,0,10,0,19372,1937,2,0,2,0,2,0,14,7,0,0,0,0,0,0,0,15,1,0,0,0,0,0,0,0:0:0:0:0:0:0:0:4:2:0:0:0:0:0:0:0:0:0:0:0:0:0:0:0:0:0:0:0:0:0:0:1:7:2:0:0:0:0:0:0:0:0:0:0:0:0:2:0:0:0:0:0:0:0:0:0:0:0:0:0:0:0:0:0:0
mtfs-sentinel-dataset-v1,1,952,1398033974,1229212993,266160016,1060000,1,511,0,1,normal,250,Release,record,natural,natural,0,none,0,0,0,0,0,250,6,13,6,0,6,0,1454,242,10,17,10,0,10,0,18935,1893,2,0,2,0,2,0,13,6,0,0,0,0,0,0,0,15,1,0,0,0,0,0,0,0:0:0:0:0:0:0:0:3:3:0:0:0:0:0:0:0:0:0:0:0:0:0:0:0:0:0:0:0:0:0:0:1:8:1:0:0:0:0:0:0:0:0:0:0:0:0:2:0:0:0:0:0:0:0:0:0:0:0:0:0:0:0:0:0:0
mtfs-sentinel-dataset-v1,1,952,1398033974,1229212993,267220016,1060000,1,511,0,1,normal,251,Release,record,natural,natural,0,none,0,0,0,0,0,251,6,13,6,0,6,0,1242,207,10,17,10,0,10,0,19031,1903,2,0,2,0,2,0,14,7,0,0,0,0,0,0,0,15,1,0,0,0,0,0,0,0:0:0:0:0:0:0:0:5:1:0:0:0:0:0:0:0:0:0:0:0:0:0:0:0:0:0:0:0:0:0:0:0:9:1:0:0:0:0:0:0:0:0:0:0:0:0:2:0:0:0:0:0:0:0:0:0:0:0:0:0:0:0:0:0:0
mtfs-sentinel-dataset-v1,1,952,1398033974,1229212993,268280016,1060000,1,511,0,1,normal,252,Release,record,natural,natural,0,none,0,0,0,0,0,252,6,13,6,0,6,0,1280,213,10,17,10,0,10,0,20812,2081,2,0,2,0,2,0,13,6,0,0,0,0,0,0,0,15,1,0,0,0,0,0,0,0:0:0:0:0:0:0:0:4:2:0:0:0:0:0:0:0:0:0:0:0:0:0:0:0:0:0:0:0:0:0:0:0:8:2:0:0:0:0:0:0:0:0:0:0:0:0:2:0:0:0:0:0:0:0:0:0:0:0:0:0:0:0:0:0:0
mtfs-sentinel-dataset-v1,1,952,1398033974,1229212993,269340016,1060000,1,511,0,1,normal,253,Release,record,natural,natural,0,none,0,0,0,0,0,253,6,13,6,0,6,0,1253,208,10,17,10,0,10,0,19471,1947,2,0,2,0,2,0,14,7,0,0,0,0,0,0,0,15,1,0,0,0,0,0,0,0:0:0:0:0:0:0:0:4:2:0:0:0:0:0:0:0:0:0:0:0:0:0:0:0:0:0:0:0:0:0:0:1:7:2:0:0:0:0:0:0:0:0:0:0:0:0:2:0:0:0:0:0:0:0:0:0:0:0:0:0:0:0:0:0:0
mtfs-sentinel-dataset-v1,1,952,1398033974,1229212993,270400016,1060000,1,511,0,1,normal,254,Release,record,natural,natural,0,none,0,0,0,0,0,254,6,13,6,0,6,0,1454,242,10,17,10,0,10,0,19006,1900,2,0,2,0,2,0,14,7,0,0,0,0,0,0,0,15,1,0,0,0,0,0,0,0:0:0:0:0:0:0:0:3:3:0:0:0:0:0:0:0:0:0:0:0:0:0:0:0:0:0:0:0:0:0:0:1:8:1:0:0:0:0:0:0:0:0:0:0:0:0:2:0:0:0:0:0:0:0:0:0:0:0:0:0:0:0:0:0:0
mtfs-sentinel-dataset-v1,1,952,1398033974,1229212993,271460016,1060000,1,511,0,1,normal,255,Release,record,natural,natural,0,none,0,0,0,0,0,255,6,13,6,0,6,0,1244,207,10,17,10,0,10,0,19135,1913,2,0,2,0,2,0,14,7,0,0,0,0,0,0,0,15,1,0,0,0,0,0,0,0:0:0:0:0:0:0:0:5:1:0:0:0:0:0:0:0:0:0:0:0:0:0:0:0:0:0:0:0:0:0:0:0:9:1:0:0:0:0:0:0:0:0:0:0:0:0:2:0:0:0:0:0:0:0:0:0:0:0:0:0:0:0:0:0:0
mtfs-sentinel-dataset-v1,1,952,1398033974,1229212993,272530016,1070000,1,511,0,1,normal,256,Release,record,natural,natural,0,none,0,0,0,0,0,256,6,13,6,0,6,0,1291,215,10,17,10,0,10,0,22769,2276,2,0,2,0,2,0,14,7,0,0,0,0,0,0,0,15,1,0,0,0,0,0,0,0:0:0:0:0:0:0:0:4:2:0:0:0:0:0:0:0:0:0:0:0:0:0:0:0:0:0:0:0:0:0:0:0:8:1:1:0:0:0:0:0:0:0:0:0:0:0:2:0:0:0:0:0:0:0:0:0:0:0:0:0:0:0:0:0:0
mtfs-sentinel-dataset-v1,1,952,1398033974,1229212993,273600016,1070000,1,511,0,1,normal,257,Release,record,natural,natural,0,none,0,0,0,0,0,257,6,13,6,0,6,0,1251,208,10,17,10,0,10,0,22771,2277,2,0,2,0,2,0,13,6,0,0,0,0,0,0,0,15,1,0,0,0,0,0,0,0:0:0:0:0:0:0:0:4:2:0:0:0:0:0:0:0:0:0:0:0:0:0:0:0:0:0:0:0:0:0:0:1:6:2:1:0:0:0:0:0:0:0:0:0:0:0:2:0:0:0:0:0:0:0:0:0:0:0:0:0:0:0:0:0:0
mtfs-sentinel-dataset-v1,1,952,1398033974,1229212993,274670016,1070000,1,511,0,1,normal,258,Release,record,natural,natural,0,none,0,0,0,0,0,258,6,13,6,0,6,0,1456,242,10,17,10,0,10,0,23929,2392,2,0,2,0,2,0,14,7,0,0,0,0,0,0,0,15,1,0,0,0,0,0,0,0:0:0:0:0:0:0:0:3:3:0:0:0:0:0:0:0:0:0:0:0:0:0:0:0:0:0:0:0:0:0:0:1:7:1:1:0:0:0:0:0:0:0:0:0:0:0:2:0:0:0:0:0:0:0:0:0:0:0:0:0:0:0:0:0:0
mtfs-sentinel-dataset-v1,1,952,1398033974,1229212993,275730016,1060000,1,511,0,1,normal,259,Release,record,natural,natural,0,none,0,0,0,0,0,259,6,13,6,0,6,0,1241,206,10,17,10,0,10,0,19200,1920,2,0,2,0,2,0,13,6,0,0,0,0,0,0,0,15,1,0,0,0,0,0,0,0:0:0:0:0:0:0:0:5:1:0:0:0:0:0:0:0:0:0:0:0:0:0:0:0:0:0:0:0:0:0:0:0:9:1:0:0:0:0:0:0:0:0:0:0:0:0:2:0:0:0:0:0:0:0:0:0:0:0:0:0:0:0:0:0:0
mtfs-sentinel-dataset-v1,1,952,1398033974,1229212993,276790016,1060000,1,511,0,1,normal,260,Release,record,natural,natural,0,none,0,0,0,0,0,260,6,13,6,0,6,0,1277,212,10,17,10,0,10,0,20688,2068,2,0,2,0,2,0,14,7,0,0,0,0,0,0,0,15,1,0,0,0,0,0,0,0:0:0:0:0:0:0:0:4:2:0:0:0:0:0:0:0:0:0:0:0:0:0:0:0:0:0:0:0:0:0:0:0:8:2:0:0:0:0:0:0:0:0:0:0:0:0:2:0:0:0:0:0:0:0:0:0:0:0:0:0:0:0:0:0:0
mtfs-sentinel-dataset-v1,1,952,1398033974,1229212993,277850016,1060000,1,511,0,1,normal,261,Release,record,natural,natural,0,none,0,0,0,0,0,261,6,13,6,0,6,0,1252,208,10,17,10,0,10,0,19307,1930,2,0,2,0,2,0,13,6,0,0,0,0,0,0,0,15,1,0,0,0,0,0,0,0:0:0:0:0:0:0:0:4:2:0:0:0:0:0:0:0:0:0:0:0:0:0:0:0:0:0:0:0:0:0:0:1:7:2:0:0:0:0:0:0:0:0:0:0:0:0:2:0:0:0:0:0:0:0:0:0:0:0:0:0:0:0:0:0:0
mtfs-sentinel-dataset-v1,1,952,1398033974,1229212993,278910016,1060000,1,511,0,1,normal,262,Release,record,natural,natural,0,none,0,0,0,0,0,262,6,13,6,0,6,0,1455,242,10,17,10,0,10,0,18844,1884,2,0,2,0,2,0,14,7,0,0,0,0,0,0,0,15,1,0,0,0,0,0,0,0:0:0:0:0:0:0:0:3:3:0:0:0:0:0:0:0:0:0:0:0:0:0:0:0:0:0:0:0:0:0:0:1:8:1:0:0:0:0:0:0:0:0:0:0:0:0:2:0:0:0:0:0:0:0:0:0:0:0:0:0:0:0:0:0:0
mtfs-sentinel-dataset-v1,1,952,1398033974,1229212993,279970016,1060000,1,511,0,1,normal,263,Release,record,natural,natural,0,none,0,0,0,0,0,263,6,13,6,0,6,0,1241,206,10,17,10,0,10,0,18997,1899,2,0,2,0,2,0,14,7,0,0,0,0,0,0,0,15,1,0,0,0,0,0,0,0:0:0:0:0:0:0:0:5:1:0:0:0:0:0:0:0:0:0:0:0:0:0:0:0:0:0:0:0:0:0:0:0:9:1:0:0:0:0:0:0:0:0:0:0:0:0:2:0:0:0:0:0:0:0:0:0:0:0:0:0:0:0:0:0:0
mtfs-sentinel-dataset-v1,1,952,1398033974,1229212993,281030016,1060000,1,511,0,1,normal,264,Release,record,natural,natural,0,none,0,0,0,0,0,264,6,13,6,0,6,0,1294,215,10,17,10,0,10,0,18975,1897,2,0,2,0,2,0,14,7,0,0,0,0,0,0,0,15,1,0,0,0,0,0,0,0:0:0:0:0:0:0:0:4:2:0:0:0:0:0:0:0:0:0:0:0:0:0:0:0:0:0:0:0:0:0:0:0:9:1:0:0:0:0:0:0:0:0:0:0:0:0:2:0:0:0:0:0:0:0:0:0:0:0:0:0:0:0:0:0:0
mtfs-sentinel-dataset-v1,1,952,1398033974,1229212993,282090016,1060000,1,511,0,1,normal,265,Release,record,natural,natural,0,none,0,0,0,0,0,265,6,13,6,0,6,0,1253,208,10,17,10,0,10,0,19401,1940,2,0,2,0,2,0,13,6,0,0,0,0,0,0,0,15,1,0,0,0,0,0,0,0:0:0:0:0:0:0:0:4:2:0:0:0:0:0:0:0:0:0:0:0:0:0:0:0:0:0:0:0:0:0:0:1:7:2:0:0:0:0:0:0:0:0:0:0:0:0:2:0:0:0:0:0:0:0:0:0:0:0:0:0:0:0:0:0:0
mtfs-sentinel-dataset-v1,1,952,1398033974,1229212993,283150016,1060000,1,511,0,1,normal,266,Release,record,natural,natural,0,none,0,0,0,0,0,266,6,13,6,0,6,0,1455,242,10,17,10,0,10,0,18950,1895,2,0,2,0,2,0,13,6,0,0,0,0,0,0,0,15,1,0,0,0,0,0,0,0:0:0:0:0:0:0:0:3:3:0:0:0:0:0:0:0:0:0:0:0:0:0:0:0:0:0:0:0:0:0:0:1:8:1:0:0:0:0:0:0:0:0:0:0:0:0:2:0:0:0:0:0:0:0:0:0:0:0:0:0:0:0:0:0:0
mtfs-sentinel-dataset-v1,1,952,1398033974,1229212993,284210016,1060000,1,511,0,1,normal,267,Release,record,natural,natural,0,none,0,0,0,0,0,267,6,13,6,0,6,0,1257,209,10,17,10,0,10,0,19036,1903,2,0,2,0,2,0,14,7,0,0,0,0,0,0,0,15,1,0,0,0,0,0,0,0:0:0:0:0:0:0:0:5:0:1:0:0:0:0:0:0:0:0:0:0:0:0:0:0:0:0:0:0:0:0:0:0:9:1:0:0:0:0:0:0:0:0:0:0:0:0:2:0:0:0:0:0:0:0:0:0:0:0:0:0:0:0:0:0:0
mtfs-sentinel-dataset-v1,1,952,1398033974,1229212993,285280016,1070000,1,511,0,1,normal,268,Release,record,natural,natural,0,none,0,0,0,0,0,268,6,13,6,0,6,0,1291,215,10,17,10,0,10,0,24066,2406,2,0,2,0,2,0,13,6,0,0,0,0,0,0,0,15,1,0,0,0,0,0,0,0:0:0:0:0:0:0:0:4:2:0:0:0:0:0:0:0:0:0:0:0:0:0:0:0:0:0:0:0:0:0:0:0:7:2:1:0:0:0:0:0:0:0:0:0:0:0:2:0:0:0:0:0:0:0:0:0:0:0:0:0:0:0:0:0:0
mtfs-sentinel-dataset-v1,1,952,1398033974,1229212993,286340016,1060000,1,511,0,1,normal,269,Release,record,natural,natural,0,none,0,0,0,0,0,269,6,13,6,0,6,0,1252,208,10,17,10,0,10,0,19503,1950,2,0,2,0,2,0,14,7,0,0,0,0,0,0,0,15,1,0,0,0,0,0,0,0:0:0:0:0:0:0:0:4:2:0:0:0:0:0:0:0:0:0:0:0:0:0:0:0:0:0:0:0:0:0:0:1:7:2:0:0:0:0:0:0:0:0:0:0:0:0:2:0:0:0:0:0:0:0:0:0:0:0:0:0:0:0:0:0:0
mtfs-sentinel-dataset-v1,1,952,1398033974,1229212993,287400016,1060000,1,511,0,1,normal,270,Release,record,natural,natural,0,none,0,0,0,0,0,270,6,13,6,0,6,0,1457,242,10,17,10,0,10,0,19020,1902,2,0,2,0,2,0,14,7,0,0,0,0,0,0,0,15,1,0,0,0,0,0,0,0:0:0:0:0:0:0:0:3:3:0:0:0:0:0:0:0:0:0:0:0:0:0:0:0:0:0:0:0:0:0:0:1:8:1:0:0:0:0:0:0:0:0:0:0:0:0:2:0:0:0:0:0:0:0:0:0:0:0:0:0:0:0:0:0:0
mtfs-sentinel-dataset-v1,1,952,1398033974,1229212993,288470016,1070000,1,511,0,1,normal,271,Release,record,natural,natural,0,none,0,0,0,0,0,271,6,13,6,0,6,0,1240,206,10,17,10,0,10,0,27210,2721,2,0,2,0,2,0,14,7,0,0,0,0,0,0,0,15,1,0,0,0,0,0,0,0:0:0:0:0:0:0:0:5:1:0:0:0:0:0:0:0:0:0:0:0:0:0:0:0:0:0:0:0:0:0:0:0:7:1:2:0:0:0:0:0:0:0:0:0:0:0:2:0:0:0:0:0:0:0:0:0:0:0:0:0:0:0:0:0:0
mtfs-sentinel-dataset-v1,1,952,1398033974,1229212993,289530016,1060000,1,511,0,1,normal,272,Release,record,natural,natural,0,none,0,0,0,0,0,272,6,13,6,0,6,0,1292,215,10,17,10,0,10,0,19115,1911,2,0,2,0,2,0,13,6,0,0,0,0,0,0,0,15,1,0,0,0,0,0,0,0:0:0:0:0:0:0:0:4:2:0:0:0:0:0:0:0:0:0:0:0:0:0:0:0:0:0:0:0:0:0:0:0:9:1:0:0:0:0:0:0:0:0:0:0:0:0:2:0:0:0:0:0:0:0:0:0:0:0:0:0:0:0:0:0:0
mtfs-sentinel-dataset-v1,1,952,1398033974,1229212993,290590016,1060000,1,511,0,1,normal,273,Release,record,natural,natural,0,none,0,0,0,0,0,273,6,13,6,0,6,0,1252,208,10,17,10,0,10,0,19567,1956,2,0,2,0,2,0,14,7,0,0,0,0,0,0,0,15,1,0,0,0,0,0,0,0:0:0:0:0:0:0:0:4:2:0:0:0:0:0:0:0:0:0:0:0:0:0:0:0:0:0:0:0:0:0:0:1:7:2:0:0:0:0:0:0:0:0:0:0:0:0:2:0:0:0:0:0:0:0:0:0:0:0:0:0:0:0:0:0:0
mtfs-sentinel-dataset-v1,1,952,1398033974,1229212993,291650016,1060000,1,511,0,1,normal,274,Release,record,natural,natural,0,none,0,0,0,0,0,274,6,13,6,0,6,0,1453,242,10,17,10,0,10,0,18877,1887,2,0,2,0,2,0,14,7,0,0,0,0,0,0,0,15,1,0,0,0,0,0,0,0:0:0:0:0:0:0:0:3:3:0:0:0:0:0:0:0:0:0:0:0:0:0:0:0:0:0:0:0:0:0:0:1:8:1:0:0:0:0:0:0:0:0:0:0:0:0:2:0:0:0:0:0:0:0:0:0:0:0:0:0:0:0:0:0:0
mtfs-sentinel-dataset-v1,1,952,1398033974,1229212993,292710016,1060000,1,511,0,1,normal,275,Release,record,natural,natural,0,none,0,0,0,0,0,275,6,13,6,0,6,0,1242,207,10,17,10,0,10,0,18911,1891,2,0,2,0,2,0,13,6,0,0,0,0,0,0,0,15,1,0,0,0,0,0,0,0:0:0:0:0:0:0:0:5:1:0:0:0:0:0:0:0:0:0:0:0:0:0:0:0:0:0:0:0:0:0:0:0:9:1:0:0:0:0:0:0:0:0:0:0:0:0:2:0:0:0:0:0:0:0:0:0:0:0:0:0:0:0:0:0:0
mtfs-sentinel-dataset-v1,1,952,1398033974,1229212993,293770016,1060000,1,511,0,1,normal,276,Release,record,natural,natural,0,none,0,0,0,0,0,276,6,13,6,0,6,0,1291,215,10,17,10,0,10,0,20726,2072,2,0,2,0,2,0,14,7,0,0,0,0,0,0,0,15,1,0,0,0,0,0,0,0:0:0:0:0:0:0:0:4:2:0:0:0:0:0:0:0:0:0:0:0:0:0:0:0:0:0:0:0:0:0:0:0:8:2:0:0:0:0:0:0:0:0:0:0:0:0:2:0:0:0:0:0:0:0:0:0:0:0:0:0:0:0:0:0:0
mtfs-sentinel-dataset-v1,1,952,1398033974,1229212993,294830016,1060000,1,511,0,1,normal,277,Release,record,natural,natural,0,none,0,0,0,0,0,277,6,13,6,0,6,0,1252,208,10,17,10,0,10,0,19357,1935,2,0,2,0,2,0,13,6,0,0,0,0,0,0,0,15,1,0,0,0,0,0,0,0:0:0:0:0:0:0:0:4:2:0:0:0:0:0:0:0:0:0:0:0:0:0:0:0:0:0:0:0:0:0:0:1:7:2:0:0:0:0:0:0:0:0:0:0:0:0:2:0:0:0:0:0:0:0:0:0:0:0:0:0:0:0:0:0:0
mtfs-sentinel-dataset-v1,1,952,1398033974,1229212993,295890016,1060000,1,511,0,1,normal,278,Release,record,natural,natural,0,none,0,0,0,0,0,278,6,13,6,0,6,0,1453,242,10,17,10,0,10,0,18888,1888,2,0,2,0,2,0,13,6,0,0,0,0,0,0,0,15,1,0,0,0,0,0,0,0:0:0:0:0:0:0:0:3:3:0:0:0:0:0:0:0:0:0:0:0:0:0:0:0:0:0:0:0:0:0:0:1:8:1:0:0:0:0:0:0:0:0:0:0:0:0:2:0:0:0:0:0:0:0:0:0:0:0:0:0:0:0:0:0:0
mtfs-sentinel-dataset-v1,1,952,1398033974,1229212993,296950016,1060000,1,511,0,1,normal,279,Release,record,natural,natural,0,none,0,0,0,0,0,279,6,13,6,0,6,0,1241,206,10,17,10,0,10,0,19025,1902,2,0,2,0,2,0,14,7,0,0,0,0,0,0,0,15,1,0,0,0,0,0,0,0:0:0:0:0:0:0:0:5:1:0:0:0:0:0:0:0:0:0:0:0:0:0:0:0:0:0:0:0:0:0:0:0:9:1:0:0:0:0:0:0:0:0:0:0:0:0:2:0:0:0:0:0:0:0:0:0:0:0:0:0:0:0:0:0:0
mtfs-sentinel-dataset-v1,1,952,1398033974,1229212993,298010016,1060000,1,511,0,1,normal,280,Release,record,natural,natural,0,none,0,0,0,0,0,280,6,13,6,0,6,0,1293,215,10,17,10,0,10,0,18989,1898,2,0,2,0,2,0,14,7,0,0,0,0,0,0,0,15,1,0,0,0,0,0,0,0:0:0:0:0:0:0:0:4:2:0:0:0:0:0:0:0:0:0:0:0:0:0:0:0:0:0:0:0:0:0:0:0:9:1:0:0:0:0:0:0:0:0:0:0:0:0:2:0:0:0:0:0:0:0:0:0:0:0:0:0:0:0:0:0:0
mtfs-sentinel-dataset-v1,1,952,1398033974,1229212993,299080016,1070000,1,511,0,1,normal,281,Release,record,natural,natural,0,none,0,0,0,0,0,281,6,13,6,0,6,0,1253,208,10,17,10,0,10,0,23133,2313,2,0,2,0,2,0,12,6,0,0,0,0,0,0,0,15,1,0,0,0,0,0,0,0:0:0:0:0:0:0:0:4:2:0:0:0:0:0:0:0:0:0:0:0:0:0:0:0:0:0:0:0:0:0:0:1:6:2:1:0:0:0:0:0:0:0:0:0:0:0:2:0:0:0:0:0:0:0:0:0:0:0:0:0:0:0:0:0:0
mtfs-sentinel-dataset-v1,1,952,1398033974,1229212993,300140016,1060000,1,511,0,1,normal,282,Release,record,natural,natural,0,none,0,0,0,0,0,282,6,13,6,0,6,0,1454,242,10,17,10,0,10,0,18975,1897,2,0,2,0,2,0,14,7,0,0,0,0,0,0,0,15,1,0,0,0,0,0,0,0:0:0:0:0:0:0:0:3:3:0:0:0:0:0:0:0:0:0:0:0:0:0:0:0:0:0:0:0:0:0:0:1:8:1:0:0:0:0:0:0:0:0:0:0:0:0:2:0:0:0:0:0:0:0:0:0:0:0:0:0:0:0:0:0:0
mtfs-sentinel-dataset-v1,1,952,1398033974,1229212993,301200016,1060000,1,511,0,1,normal,283,Release,record,natural,natural,0,none,0,0,0,0,0,283,6,13,6,0,6,0,1241,206,10,17,10,0,10,0,19091,1909,2,0,2,0,2,0,14,7,0,0,0,0,0,0,0,15,1,0,0,0,0,0,0,0:0:0:0:0:0:0:0:5:1:0:0:0:0:0:0:0:0:0:0:0:0:0:0:0:0:0:0:0:0:0:0:0:9:1:0:0:0:0:0:0:0:0:0:0:0:0:2:0:0:0:0:0:0:0:0:0:0:0:0:0:0:0:0:0:0
mtfs-sentinel-dataset-v1,1,952,1398033974,1229212993,302260016,1060000,1,511,0,1,normal,284,Release,record,natural,natural,0,none,0,0,0,0,0,284,6,13,6,0,6,0,1277,212,10,17,10,0,10,0,20833,2083,2,0,2,0,2,0,14,7,0,0,0,0,0,0,0,15,1,0,0,0,0,0,0,0:0:0:0:0:0:0:0:4:2:0:0:0:0:0:0:0:0:0:0:0:0:0:0:0:0:0:0:0:0:0:0:0:8:2:0:0:0:0:0:0:0:0:0:0:0:0:2:0:0:0:0:0:0:0:0:0:0:0:0:0:0:0:0:0:0
mtfs-sentinel-dataset-v1,1,952,1398033974,1229212993,303330016,1070000,1,511,0,1,normal,285,Release,record,natural,natural,0,none,0,0,0,0,0,285,6,13,6,0,6,0,1252,208,10,17,10,0,10,0,27584,2758,2,0,2,0,2,0,14,7,0,0,0,0,0,0,0,15,1,0,0,0,0,0,0,0:0:0:0:0:0:0:0:4:2:0:0:0:0:0:0:0:0:0:0:0:0:0:0:0:0:0:0:0:0:0:0:1:7:1:0:1:0:0:0:0:0:0:0:0:0:0:2:0:0:0:0:0:0:0:0:0:0:0:0:0:0:0:0:0:0
mtfs-sentinel-dataset-v1,1,952,1398033974,1229212993,304390016,1060000,1,511,0,1,normal,286,Release,record,natural,natural,0,none,0,0,0,0,0,286,6,13,6,0,6,0,1453,242,10,17,10,0,10,0,19051,1905,2,0,2,0,2,0,13,6,0,0,0,0,0,0,0,15,1,0,0,0,0,0,0,0:0:0:0:0:0:0:0:3:3:0:0:0:0:0:0:0:0:0:0:0:0:0:0:0:0:0:0:0:0:0:0:1:8:1:0:0:0:0:0:0:0:0:0:0:0:0:2:0:0:0:0:0:0:0:0:0:0:0:0:0:0:0:0:0:0
mtfs-sentinel-dataset-v1,1,952,1398033974,1229212993,305450016,1060000,1,511,0,1,normal,287,Release,record,natural,natural,0,none,0,0,0,0,0,287,6,13,6,0,6,0,1242,207,10,17,10,0,10,0,19199,1919,2,0,2,0,2,0,13,6,0,0,0,0,0,0,0,15,1,0,0,0,0,0,0,0:0:0:0:0:0:0:0:5:1:0:0:0:0:0:0:0:0:0:0:0:0:0:0:0:0:0:0:0:0:0:0:0:9:1:0:0:0:0:0:0:0:0:0:0:0:0:2:0:0:0:0:0:0:0:0:0:0:0:0:0:0:0:0:0:0
mtfs-sentinel-dataset-v1,1,952,1398033974,1229212993,306510016,1060000,1,511,0,1,normal,288,Release,record,natural,natural,0,none,0,0,0,0,0,288,6,13,6,0,6,0,1291,215,10,17,10,0,10,0,19020,1902,2,0,2,0,2,0,14,7,0,0,0,0,0,0,0,15,1,0,0,0,0,0,0,0:0:0:0:0:0:0:0:4:2:0:0:0:0:0:0:0:0:0:0:0:0:0:0:0:0:0:0:0:0:0:0:0:9:1:0:0:0:0:0:0:0:0:0:0:0:0:2:0:0:0:0:0:0:0:0:0:0:0:0:0:0:0:0:0:0
mtfs-sentinel-dataset-v1,1,952,1398033974,1229212993,307570016,1060000,1,511,0,1,normal,289,Release,record,natural,natural,0,none,0,0,0,0,0,289,6,13,6,0,6,0,1252,208,10,17,10,0,10,0,19311,1931,2,0,2,0,2,0,13,6,0,0,0,0,0,0,0,15,1,0,0,0,0,0,0,0:0:0:0:0:0:0:0:4:2:0:0:0:0:0:0:0:0:0:0:0:0:0:0:0:0:0:0:0:0:0:0:1:7:2:0:0:0:0:0:0:0:0:0:0:0:0:2:0:0:0:0:0:0:0:0:0:0:0:0:0:0:0:0:0:0
mtfs-sentinel-dataset-v1,1,952,1398033974,1229212993,308630016,1060000,1,511,0,1,normal,290,Release,record,natural,natural,0,none,0,0,0,0,0,290,6,13,6,0,6,0,1454,242,10,17,10,0,10,0,18845,1884,2,0,2,0,2,0,14,7,0,0,0,0,0,0,0,15,1,0,0,0,0,0,0,0:0:0:0:0:0:0:0:3:3:0:0:0:0:0:0:0:0:0:0:0:0:0:0:0:0:0:0:0:0:0:0:1:8:1:0:0:0:0:0:0:0:0:0:0:0:0:2:0:0:0:0:0:0:0:0:0:0:0:0:0:0:0:0:0:0
mtfs-sentinel-dataset-v1,1,952,1398033974,1229212993,309690016,1060000,1,511,0,1,normal,291,Release,record,natural,natural,0,none,0,0,0,0,0,291,6,13,6,0,6,0,1241,206,10,17,10,0,10,0,18958,1895,2,0,2,0,2,0,14,7,0,0,0,0,0,0,0,15,1,0,0,0,0,0,0,0:0:0:0:0:0:0:0:5:1:0:0:0:0:0:0:0:0:0:0:0:0:0:0:0:0:0:0:0:0:0:0:0:9:1:0:0:0:0:0:0:0:0:0:0:0:0:2:0:0:0:0:0:0:0:0:0:0:0:0:0:0:0:0:0:0
mtfs-sentinel-dataset-v1,1,952,1398033974,1229212993,310750016,1060000,1,511,0,1,normal,292,Release,record,natural,natural,0,none,0,0,0,0,0,292,6,13,6,0,6,0,1293,215,10,17,10,0,10,0,20759,2075,2,0,2,0,2,0,14,7,0,0,0,0,0,0,0,15,1,0,0,0,0,0,0,0:0:0:0:0:0:0:0:4:2:0:0:0:0:0:0:0:0:0:0:0:0:0:0:0:0:0:0:0:0:0:0:0:8:2:0:0:0:0:0:0:0:0:0:0:0:0:2:0:0:0:0:0:0:0:0:0:0:0:0:0:0:0:0:0:0
mtfs-sentinel-dataset-v1,1,952,1398033974,1229212993,311820016,1070000,1,511,0,1,normal,293,Release,record,natural,natural,0,none,0,0,0,0,0,293,6,13,6,0,6,0,1253,208,10,17,10,0,10,0,22578,2257,2,0,2,0,2,0,12,6,0,0,0,0,0,0,0,15,1,0,0,0,0,0,0,0:0:0:0:0:0:0:0:4:2:0:0:0:0:0:0:0:0:0:0:0:0:0:0:0:0:0:0:0:0:0:0:1:7:1:1:0:0:0:0:0:0:0:0:0:0:0:2:0:0:0:0:0:0:0:0:0:0:0:0:0:0:0:0:0:0
mtfs-sentinel-dataset-v1,1,952,1398033974,1229212993,312880016,1060000,1,511,0,1,normal,294,Release,record,natural,natural,0,none,0,0,0,0,0,294,6,13,6,0,6,0,1452,242,10,17,10,0,10,0,18939,1893,2,0,2,0,2,0,14,7,0,0,0,0,0,0,0,15,1,0,0,0,0,0,0,0:0:0:0:0:0:0:0:3:3:0:0:0:0:0:0:0:0:0:0:0:0:0:0:0:0:0:0:0:0:0:0:1:8:1:0:0:0:0:0:0:0:0:0:0:0:0:2:0:0:0:0:0:0:0:0:0:0:0:0:0:0:0:0:0:0
mtfs-sentinel-dataset-v1,1,952,1398033974,1229212993,313940016,1060000,1,511,0,1,normal,295,Release,record,natural,natural,0,none,0,0,0,0,0,295,6,13,6,0,6,0,1242,207,10,17,10,0,10,0,19083,1908,2,0,2,0,2,0,13,6,0,0,0,0,0,0,0,15,1,0,0,0,0,0,0,0:0:0:0:0:0:0:0:5:1:0:0:0:0:0:0:0:0:0:0:0:0:0:0:0:0:0:0:0:0:0:0:0:9:1:0:0:0:0:0:0:0:0:0:0:0:0:2:0:0:0:0:0:0:0:0:0:0:0:0:0:0:0:0:0:0
mtfs-sentinel-dataset-v1,1,952,1398033974,1229212993,315000016,1060000,1,511,0,1,normal,296,Release,record,natural,natural,0,none,0,0,0,0,0,296,6,13,6,0,6,0,1294,215,10,17,10,0,10,0,19053,1905,2,0,2,0,2,0,13,6,0,0,0,0,0,0,0,15,1,0,0,0,0,0,0,0:0:0:0:0:0:0:0:4:2:0:0:0:0:0:0:0:0:0:0:0:0:0:0:0:0:0:0:0:0:0:0:0:9:1:0:0:0:0:0:0:0:0:0:0:0:0:2:0:0:0:0:0:0:0:0:0:0:0:0:0:0:0:0:0:0
mtfs-sentinel-dataset-v1,1,952,1398033974,1229212993,316060016,1060000,1,511,0,1,normal,297,Release,record,natural,natural,0,none,0,0,0,0,0,297,6,13,6,0,6,0,1253,208,10,17,10,0,10,0,19487,1948,2,0,2,0,2,0,13,6,0,0,0,0,0,0,0,15,1,0,0,0,0,0,0,0:0:0:0:0:0:0:0:4:2:0:0:0:0:0:0:0:0:0:0:0:0:0:0:0:0:0:0:0:0:0:0:1:7:2:0:0:0:0:0:0:0:0:0:0:0:0:2:0:0:0:0:0:0:0:0:0:0:0:0:0:0:0:0:0:0
mtfs-sentinel-dataset-v1,1,952,1398033974,1229212993,317120016,1060000,1,511,0,1,normal,298,Release,record,natural,natural,0,none,0,0,0,0,0,298,6,13,6,0,6,0,1455,242,10,17,10,0,10,0,19046,1904,2,0,2,0,2,0,14,7,0,0,0,0,0,0,0,15,1,0,0,0,0,0,0,0:0:0:0:0:0:0:0:3:3:0:0:0:0:0:0:0:0:0:0:0:0:0:0:0:0:0:0:0:0:0:0:1:8:1:0:0:0:0:0:0:0:0:0:0:0:0:2:0:0:0:0:0:0:0:0:0:0:0:0:0:0:0:0:0:0
mtfs-sentinel-dataset-v1,1,952,1398033974,1229212993,318190016,1070000,1,511,0,1,normal,299,Release,record,natural,natural,0,none,0,0,0,0,0,299,6,13,6,0,6,0,1242,207,10,17,10,0,10,0,23952,2395,2,0,2,0,2,0,14,7,0,0,0,0,0,0,0,15,1,0,0,0,0,0,0,0:0:0:0:0:0:0:0:5:1:0:0:0:0:0:0:0:0:0:0:0:0:0:0:0:0:0:0:0:0:0:0:0:8:1:1:0:0:0:0:0:0:0:0:0:0:0:2:0:0:0:0:0:0:0:0:0:0:0:0:0:0:0:0:0:0
mtfs-sentinel-dataset-v1,1,952,1398033974,1229212993,319260016,1070000,1,511,0,1,normal,300,Release,record,natural,natural,0,none,0,0,0,0,0,300,6,13,6,0,6,0,1278,213,10,17,10,0,10,0,24210,2421,2,0,2,0,2,0,14,7,0,0,0,0,0,0,0,15,1,0,0,0,0,0,0,0:0:0:0:0:0:0:0:4:2:0:0:0:0:0:0:0:0:0:0:0:0:0:0:0:0:0:0:0:0:0:0:0:7:2:1:0:0:0:0:0:0:0:0:0:0:0:2:0:0:0:0:0:0:0:0:0:0:0:0:0:0:0:0:0:0
mtfs-sentinel-dataset-v1,1,952,1398033974,1229212993,320320016,1060000,1,511,0,1,normal,301,Release,record,natural,natural,0,none,0,0,0,0,0,301,6,13,6,0,6,0,1255,209,10,17,10,0,10,0,19575,1957,2,0,2,0,2,0,12,6,0,0,0,0,0,0,0,15,1,0,0,0,0,0,0,0:0:0:0:0:0:0:0:4:2:0:0:0:0:0:0:0:0:0:0:0:0:0:0:0:0:0:0:0:0:0:0:1:7:2:0:0:0:0:0:0:0:0:0:0:0:0:2:0:0:0:0:0:0:0:0:0:0:0:0:0:0:0:0:0:0
mtfs-sentinel-dataset-v1,1,952,1398033974,1229212993,321380016,1060000,1,511,0,1,normal,302,Release,record,natural,natural,0,none,0,0,0,0,0,302,6,13,6,0,6,0,1452,242,10,17,10,0,10,0,18980,1898,2,0,2,0,2,0,14,7,0,0,0,0,0,0,0,15,1,0,0,0,0,0,0,0:0:0:0:0:0:0:0:3:3:0:0:0:0:0:0:0:0:0:0:0:0:0:0:0:0:0:0:0:0:0:0:1:8:1:0:0:0:0:0:0:0:0:0:0:0:0:2:0:0:0:0:0:0:0:0:0:0:0:0:0:0:0:0:0:0
mtfs-sentinel-dataset-v1,1,952,1398033974,1229212993,322440016,1060000,1,511,0,1,normal,303,Release,record,natural,natural,0,none,0,0,0,0,0,303,6,13,6,0,6,0,1242,207,10,17,10,0,10,0,18934,1893,2,0,2,0,2,0,14,7,0,0,0,0,0,0,0,15,1,0,0,0,0,0,0,0:0:0:0:0:0:0:0:5:1:0:0:0:0:0:0:0:0:0:0:0:0:0:0:0:0:0:0:0:0:0:0:0:9:1:0:0:0:0:0:0:0:0:0:0:0:0:2:0:0:0:0:0:0:0:0:0:0:0:0:0:0:0:0:0:0
mtfs-sentinel-dataset-v1,1,952,1398033974,1229212993,323500016,1060000,1,511,0,1,normal,304,Release,record,natural,natural,0,none,0,0,0,0,0,304,6,13,6,0,6,0,1292,215,10,17,10,0,10,0,18898,1889,2,0,2,0,2,0,14,7,0,0,0,0,0,0,0,15,1,0,0,0,0,0,0,0:0:0:0:0:0:0:0:4:2:0:0:0:0:0:0:0:0:0:0:0:0:0:0:0:0:0:0:0:0:0:0:0:9:1:0:0:0:0:0:0:0:0:0:0:0:0:2:0:0:0:0:0:0:0:0:0:0:0:0:0:0:0:0:0:0
mtfs-sentinel-dataset-v1,1,952,1398033974,1229212993,324560016,1060000,1,511,0,1,normal,305,Release,record,natural,natural,0,none,0,0,0,0,0,305,6,13,6,0,6,0,1253,208,10,17,10,0,10,0,19366,1936,2,0,2,0,2,0,14,7,0,0,0,0,0,0,0,15,1,0,0,0,0,0,0,0:0:0:0:0:0:0:0:4:2:0:0:0:0:0:0:0:0:0:0:0:0:0:0:0:0:0:0:0:0:0:0:1:7:2:0:0:0:0:0:0:0:0:0:0:0:0:2:0:0:0:0:0:0:0:0:0:0:0:0:0:0:0:0:0:0
mtfs-sentinel-dataset-v1,1,952,1398033974,1229212993,325630016,1070000,1,511,0,1,normal,306,Release,record,natural,natural,0,none,0,0,0,0,0,306,6,13,6,0,6,0,1453,242,10,17,10,0,10,0,22558,2255,2,0,2,0,2,0,14,7,0,0,0,0,0,0,0,15,1,0,0,0,0,0,0,0:0:0:0:0:0:0:0:3:3:0:0:0:0:0:0:0:0:0:0:0:0:0:0:0:0:0:0:0:0:0:0:1:7:1:1:0:0:0:0:0:0:0:0:0:0:0:2:0:0:0:0:0:0:0:0:0:0:0:0:0:0:0:0:0:0
mtfs-sentinel-dataset-v1,1,952,1398033974,1229212993,326690016,1060000,1,511,0,1,normal,307,Release,record,natural,natural,0,none,0,0,0,0,0,307,6,13,6,0,6,0,1243,207,10,17,10,0,10,0,19010,1901,2,0,2,0,2,0,13,6,0,0,0,0,0,0,0,15,1,0,0,0,0,0,0,0:0:0:0:0:0:0:0:5:1:0:0:0:0:0:0:0:0:0:0:0:0:0:0:0:0:0:0:0:0:0:0:0:9:1:0:0:0:0:0:0:0:0:0:0:0:0:2:0:0:0:0:0:0:0:0:0:0:0:0:0:0:0:0:0:0
mtfs-sentinel-dataset-v1,1,952,1398033974,1229212993,327750016,1060000,1,511,0,1,normal,308,Release,record,natural,natural,0,none,0,0,0,0,0,308,6,13,6,0,6,0,1277,212,10,17,10,0,10,0,20822,2082,2,0,2,0,2,0,14,7,0,0,0,0,0,0,0,15,1,0,0,0,0,0,0,0:0:0:0:0:0:0:0:4:2:0:0:0:0:0:0:0:0:0:0:0:0:0:0:0:0:0:0:0:0:0:0:0:8:2:0:0:0:0:0:0:0:0:0:0:0:0:2:0:0:0:0:0:0:0:0:0:0:0:0:0:0:0:0:0:0
mtfs-sentinel-dataset-v1,1,952,1398033974,1229212993,328810016,1060000,1,511,0,1,normal,309,Release,record,natural,natural,0,none,0,0,0,0,0,309,6,13,6,0,6,0,1252,208,10,17,10,0,10,0,19448,1944,2,0,2,0,2,0,13,6,0,0,0,0,0,0,0,15,1,0,0,0,0,0,0,0:0:0:0:0:0:0:0:4:2:0:0:0:0:0:0:0:0:0:0:0:0:0:0:0:0:0:0:0:0:0:0:1:7:2:0:0:0:0:0:0:0:0:0:0:0:0:2:0:0:0:0:0:0:0:0:0:0:0:0:0:0:0:0:0:0
mtfs-sentinel-dataset-v1,1,952,1398033974,1229212993,329880016,1070000,1,511,0,1,normal,310,Release,record,natural,natural,0,none,0,0,0,0,0,310,6,13,6,0,6,0,1456,242,10,17,10,0,10,0,23489,2348,2,0,2,0,2,0,14,7,0,0,0,0,0,0,0,15,1,0,0,0,0,0,0,0:0:0:0:0:0:0:0:3:3:0:0:0:0:0:0:0:0:0:0:0:0:0:0:0:0:0:0:0:0:0:0:0:8:1:1:0:0:0:0:0:0:0:0:0:0:0:2:0:0:0:0:0:0:0:0:0:0:0:0:0:0:0:0:0:0
mtfs-sentinel-dataset-v1,1,952,1398033974,1229212993,330940016,1060000,1,511,0,1,normal,311,Release,record,natural,natural,0,none,0,0,0,0,0,311,6,13,6,0,6,0,1243,207,10,17,10,0,10,0,19111,1911,2,0,2,0,2,0,14,7,0,0,0,0,0,0,0,15,1,0,0,0,0,0,0,0:0:0:0:0:0:0:0:5:1:0:0:0:0:0:0:0:0:0:0:0:0:0:0:0:0:0:0:0:0:0:0:0:9:1:0:0:0:0:0:0:0:0:0:0:0:0:2:0:0:0:0:0:0:0:0:0:0:0:0:0:0:0:0:0:0
mtfs-sentinel-dataset-v1,1,952,1398033974,1229212993,332000016,1060000,1,511,0,1,normal,312,Release,record,natural,natural,0,none,0,0,0,0,0,312,6,13,6,0,6,0,1292,215,10,17,10,0,10,0,19058,1905,2,0,2,0,2,0,14,7,0,0,0,0,0,0,0,15,1,0,0,0,0,0,0,0:0:0:0:0:0:0:0:4:2:0:0:0:0:0:0:0:0:0:0:0:0:0:0:0:0:0:0:0:0:0:0:0:9:1:0:0:0:0:0:0:0:0:0:0:0:0:2:0:0:0:0:0:0:0:0:0:0:0:0:0:0:0:0:0:0
mtfs-sentinel-dataset-v1,1,952,1398033974,1229212993,333070016,1070000,1,511,0,1,normal,313,Release,record,natural,natural,0,none,0,0,0,0,0,313,6,13,6,0,6,0,1254,209,10,17,10,0,10,0,24335,2433,2,0,2,0,2,0,14,7,0,0,0,0,0,0,0,15,1,0,0,0,0,0,0,0:0:0:0:0:0:0:0:4:2:0:0:0:0:0:0:0:0:0:0:0:0:0:0:0:0:0:0:0:0:0:0:1:6:2:1:0:0:0:0:0:0:0:0:0:0:0:2:0:0:0:0:0:0:0:0:0:0:0:0:0:0:0:0:0:0
mtfs-sentinel-dataset-v1,1,952,1398033974,1229212993,334140016,1070000,1,511,0,1,normal,314,Release,record,natural,natural,0,none,0,0,0,0,0,314,6,13,6,0,6,0,1455,242,10,17,10,0,10,0,22317,2231,2,0,2,0,2,0,13,6,0,0,0,0,0,0,0,15,1,0,0,0,0,0,0,0:0:0:0:0:0:0:0:3:3:0:0:0:0:0:0:0:0:0:0:0:0:0:0:0:0:0:0:0:0:0:0:1:7:1:1:0:0:0:0:0:0:0:0:0:0:0:2:0:0:0:0:0:0:0:0:0:0:0:0:0:0:0:0:0:0
mtfs-sentinel-dataset-v1,1,952,1398033974,1229212993,335200016,1060000,1,511,0,1,normal,315,Release,record,natural,natural,0,none,0,0,0,0,0,315,6,13,6,0,6,0,1244,207,10,17,10,0,10,0,19174,1917,2,0,2,0,2,0,12,6,0,0,0,0,0,0,0,15,1,0,0,0,0,0,0,0:0:0:0:0:0:0:0:5:1:0:0:0:0:0:0:0:0:0:0:0:0:0:0:0:0:0:0:0:0:0:0:0:9:1:0:0:0:0:0:0:0:0:0:0:0:0:2:0:0:0:0:0:0:0:0:0:0:0:0:0:0:0:0:0:0
mtfs-sentinel-dataset-v1,1,952,1398033974,1229212993,336260016,1060000,1,511,0,1,normal,316,Release,record,natural,natural,0,none,0,0,0,0,0,316,6,13,6,0,6,0,1278,213,10,17,10,0,10,0,20965,2096,2,0,2,0,2,0,14,7,0,0,0,0,0,0,0,15,1,0,0,0,0,0,0,0:0:0:0:0:0:0:0:4:2:0:0:0:0:0:0:0:0:0:0:0:0:0:0:0:0:0:0:0:0:0:0:0:8:2:0:0:0:0:0:0:0:0:0:0:0:0:2:0:0:0:0:0:0:0:0:0:0:0:0:0:0:0:0:0:0
mtfs-sentinel-dataset-v1,1,952,1398033974,1229212993,337320016,1060000,1,511,0,1,normal,317,Release,record,natural,natural,0,none,0,0,0,0,0,317,6,13,6,0,6,0,1252,208,10,17,10,0,10,0,19299,1929,2,0,2,0,2,0,14,7,0,0,0,0,0,0,0,15,1,0,0,0,0,0,0,0:0:0:0:0:0:0:0:4:2:0:0:0:0:0:0:0:0:0:0:0:0:0:0:0:0:0:0:0:0:0:0:1:7:2:0:0:0:0:0:0:0:0:0:0:0:0:2:0:0:0:0:0:0:0:0:0:0:0:0:0:0:0:0:0:0
mtfs-sentinel-dataset-v1,1,952,1398033974,1229212993,338390016,1070000,1,511,0,1,normal,318,Release,record,natural,natural,0,none,0,0,0,0,0,318,6,13,6,0,6,0,1455,242,10,17,10,0,10,0,22039,2203,2,0,2,0,2,0,14,7,0,0,0,0,0,0,0,15,1,0,0,0,0,0,0,0:0:0:0:0:0:0:0:3:3:0:0:0:0:0:0:0:0:0:0:0:0:0:0:0:0:0:0:0:0:0:0:1:8:0:1:0:0:0:0:0:0:0:0:0:0:0:2:0:0:0:0:0:0:0:0:0:0:0:0:0:0:0:0:0:0
mtfs-sentinel-dataset-v1,1,952,1398033974,1229212993,339450016,1060000,1,511,0,1,normal,319,Release,record,natural,natural,0,none,0,0,0,0,0,319,6,13,6,0,6,0,1244,207,10,17,10,0,10,0,19001,1900,2,0,2,0,2,0,13,6,0,0,0,0,0,0,0,15,1,0,0,0,0,0,0,0:0:0:0:0:0:0:0:5:1:0:0:0:0:0:0:0:0:0:0:0:0:0:0:0:0:0:0:0:0:0:0:0:9:1:0:0:0:0:0:0:0:0:0:0:0:0:2:0:0:0:0:0:0:0:0:0:0:0:0:0:0:0:0:0:0
mtfs-sentinel-dataset-v1,1,952,1398033974,1229212993,340510016,1060000,1,511,0,1,normal,320,Release,record,natural,natural,0,none,0,0,0,0,0,320,6,13,6,0,6,0,1293,215,10,17,10,0,10,0,18948,1894,2,0,2,0,2,0,14,7,0,0,0,0,0,0,0,15,1,0,0,0,0,0,0,0:0:0:0:0:0:0:0:4:2:0:0:0:0:0:0:0:0:0:0:0:0:0:0:0:0:0:0:0:0:0:0:0:9:1:0:0:0:0:0:0:0:0:0:0:0:0:2:0:0:0:0:0:0:0:0:0:0:0:0:0:0:0:0:0:0
mtfs-sentinel-dataset-v1,1,952,1398033974,1229212993,341570016,1060000,1,511,0,1,normal,321,Release,record,natural,natural,0,none,0,0,0,0,0,321,6,13,6,0,6,0,1254,209,10,17,10,0,10,0,19405,1940,2,0,2,0,2,0,14,7,0,0,0,0,0,0,0,15,1,0,0,0,0,0,0,0:0:0:0:0:0:0:0:4:2:0:0:0:0:0:0:0:0:0:0:0:0:0:0:0:0:0:0:0:0:0:0:1:7:2:0:0:0:0:0:0:0:0:0:0:0:0:2:0:0:0:0:0:0:0:0:0:0:0:0:0:0:0:0:0:0
mtfs-sentinel-dataset-v1,1,952,1398033974,1229212993,342630016,1060000,1,511,0,1,normal,322,Release,record,natural,natural,0,none,0,0,0,0,0,322,6,13,6,0,6,0,1455,242,10,17,10,0,10,0,18945,1894,2,0,2,0,2,0,13,6,0,0,0,0,0,0,0,15,1,0,0,0,0,0,0,0:0:0:0:0:0:0:0:3:3:0:0:0:0:0:0:0:0:0:0:0:0:0:0:0:0:0:0:0:0:0:0:1:8:1:0:0:0:0:0:0:0:0:0:0:0:0:2:0:0:0:0:0:0:0:0:0:0:0:0:0:0:0:0:0:0
mtfs-sentinel-dataset-v1,1,952,1398033974,1229212993,343690016,1060000,1,511,0,1,normal,323,Release,record,natural,natural,0,none,0,0,0,0,0,323,6,13,6,0,6,0,1240,206,10,17,10,0,10,0,19029,1902,2,0,2,0,2,0,14,7,0,0,0,0,0,0,0,15,1,0,0,0,0,0,0,0:0:0:0:0:0:0:0:5:1:0:0:0:0:0:0:0:0:0:0:0:0:0:0:0:0:0:0:0:0:0:0:0:9:1:0:0:0:0:0:0:0:0:0:0:0:0:2:0:0:0:0:0:0:0:0:0:0:0:0:0:0:0:0:0:0
mtfs-sentinel-dataset-v1,1,952,1398033974,1229212993,344750016,1060000,1,511,0,1,normal,324,Release,record,natural,natural,0,none,0,0,0,0,0,324,6,13,6,0,6,0,1295,215,10,17,10,0,10,0,20832,2083,2,0,2,0,2,0,14,7,0,0,0,0,0,0,0,15,1,0,0,0,0,0,0,0:0:0:0:0:0:0:0:4:2:0:0:0:0:0:0:0:0:0:0:0:0:0:0:0:0:0:0:0:0:0:0:0:8:2:0:0:0:0:0:0:0:0:0:0:0:0:2:0:0:0:0:0:0:0:0:0:0:0:0:0:0:0:0:0:0
mtfs-sentinel-dataset-v1,1,952,1398033974,1229212993,345810016,1060000,1,511,0,1,normal,325,Release,record,natural,natural,0,none,0,0,0,0,0,325,6,13,6,0,6,0,1254,209,10,17,10,0,10,0,19471,1947,2,0,2,0,2,0,13,6,0,0,0,0,0,0,0,15,1,0,0,0,0,0,0,0:0:0:0:0:0:0:0:4:2:0:0:0:0:0:0:0:0:0:0:0:0:0:0:0:0:0:0:0:0:0:0:1:7:2:0:0:0:0:0:0:0:0:0:0:0:0:2:0:0:0:0:0:0:0:0:0:0:0:0:0:0:0:0:0:0
mtfs-sentinel-dataset-v1,1,952,1398033974,1229212993,346870016,1060000,1,511,0,1,normal,326,Release,record,natural,natural,0,none,0,0,0,0,0,326,6,13,6,0,6,0,1452,242,10,17,10,0,10,0,19004,1900,2,0,2,0,2,0,14,7,0,0,0,0,0,0,0,15,1,0,0,0,0,0,0,0:0:0:0:0:0:0:0:3:3:0:0:0:0:0:0:0:0:0:0:0:0:0:0:0:0:0:0:0:0:0:0:1:8:1:0:0:0:0:0:0:0:0:0:0:0:0:2:0:0:0:0:0:0:0:0:0:0:0:0:0:0:0:0:0:0
mtfs-sentinel-dataset-v1,1,952,1398033974,1229212993,347940016,1070000,1,511,0,1,normal,327,Release,record,natural,natural,0,none,0,0,0,0,0,327,6,13,6,0,6,0,1241,206,10,17,10,0,10,0,23976,2397,2,0,2,0,2,0,14,7,0,0,0,0,0,0,0,15,1,0,0,0,0,0,0,0:0:0:0:0:0:0:0:5:1:0:0:0:0:0:0:0:0:0:0:0:0:0:0:0:0:0:0:0:0:0:0:0:8:1:1:0:0:0:0:0:0:0:0:0:0:0:2:0:0:0:0:0:0:0:0:0:0:0:0:0:0:0:0:0:0
mtfs-sentinel-dataset-v1,1,952,1398033974,1229212993,349010016,1070000,1,511,0,1,normal,328,Release,record,natural,natural,0,none,0,0,0,0,0,328,6,13,6,0,6,0,1292,215,10,17,10,0,10,0,22363,2236,2,0,2,0,2,0,14,7,0,0,0,0,0,0,0,15,1,0,0,0,0,0,0,0:0:0:0:0:0:0:0:4:2:0:0:0:0:0:0:0:0:0:0:0:0:0:0:0:0:0:0:0:0:0:0:0:8:1:1:0:0:0:0:0:0:0:0:0:0:0:2:0:0:0:0:0:0:0:0:0:0:0:0:0:0:0:0:0:0
mtfs-sentinel-dataset-v1,1,952,1398033974,1229212993,350070016,1060000,1,511,0,1,normal,329,Release,record,natural,natural,0,none,0,0,0,0,0,329,6,13,6,0,6,0,1252,208,10,17,10,0,10,0,19563,1956,2,0,2,0,2,0,14,7,0,0,0,0,0,0,0,15,1,0,0,0,0,0,0,0:0:0:0:0:0:0:0:4:2:0:0:0:0:0:0:0:0:0:0:0:0:0:0:0:0:0:0:0:0:0:0:1:7:2:0:0:0:0:0:0:0:0:0:0:0:0:2:0:0:0:0:0:0:0:0:0:0:0:0:0:0:0:0:0:0
mtfs-sentinel-dataset-v1,1,952,1398033974,1229212993,351130016,1060000,1,511,0,1,normal,330,Release,record,natural,natural,0,none,0,0,0,0,0,330,6,13,6,0,6,0,1451,241,10,17,10,0,10,0,19112,1911,2,0,2,0,2,0,14,7,0,0,0,0,0,0,0,15,1,0,0,0,0,0,0,0:0:0:0:0:0:0:0:3:3:0:0:0:0:0:0:0:0:0:0:0:0:0:0:0:0:0:0:0:0:0:0:1:8:1:0:0:0:0:0:0:0:0:0:0:0:0:2:0:0:0:0:0:0:0:0:0:0:0:0:0:0:0:0:0:0
mtfs-sentinel-dataset-v1,1,952,1398033974,1229212993,352200016,1070000,1,511,0,1,normal,331,Release,record,natural,natural,0,none,0,0,0,0,0,331,6,13,6,0,6,0,1241,206,10,17,10,0,10,0,22576,2257,2,0,2,0,2,0,14,7,0,0,0,0,0,0,0,15,1,0,0,0,0,0,0,0:0:0:0:0:0:0:0:5:1:0:0:0:0:0:0:0:0:0:0:0:0:0:0:0:0:0:0:0:0:0:0:0:8:1:1:0:0:0:0:0:0:0:0:0:0:0:2:0:0:0:0:0:0:0:0:0:0:0:0:0:0:0:0:0:0
mtfs-sentinel-dataset-v1,1,952,1398033974,1229212993,353260016,1060000,1,511,0,1,normal,332,Release,record,natural,natural,0,none,0,0,0,0,0,332,6,13,6,0,6,0,1278,213,10,17,10,0,10,0,20678,2067,2,0,2,0,2,0,13,6,0,0,0,0,0,0,0,15,1,0,0,0,0,0,0,0:0:0:0:0:0:0:0:4:2:0:0:0:0:0:0:0:0:0:0:0:0:0:0:0:0:0:0:0:0:0:0:0:8:2:0:0:0:0:0:0:0:0:0:0:0:0:2:0:0:0:0:0:0:0:0:0:0:0:0:0:0:0:0:0:0
