mtfs-sentinel-dataset-v1,feature_schema_version,size,target,transport,timestamp_us,interval_us,media_generation,validity,flags,samples,label,marker,build_type,command,scenario_origin,stage,severity,injection_kind,injection_operation_mask,injection_rate_permille,requested_delay_us,actual_injection_count,random_seed,sequence,read_calls,read_sectors,read_ok,read_fail,read_timing,read_invalid,read_total_us,read_avg_us,write_calls,write_sectors,write_ok,write_fail,write_timing,write_invalid,write_total_us,write_avg_us,sync_calls,sync_sectors,sync_ok,sync_fail,sync_timing,sync_invalid,sync_total_us,sync_avg_us,io_error,not_ready,no_media,timeout,insert,remove,media_error,transport_validity,transport_flags,transport_reset_epoch,transport_errors,transfer_timeouts,ready_timeouts,aborts,clock_errors,histogram_r_w_s
mtfs-sentinel-dataset-v1,1,952,1398033974,1229212993,1340016,1104762,1,511,0,1,normal,1,Release,record,natural,natural,0,none,0,0,0,0,0,1,6,13,6,0,6,0,1255,209,10,17,10,0,10,0,20406,2040,2,0,2,0,2,0,13,6,0,0,0,0,0,0,0,15,1,0,0,0,0,0,0,0:0:0:0:0:0:0:0:4:2:0:0:0:0:0:0:0:0:0:0:0:0:0:0:0:0:0:0:0:0:0:0:0:8:2:0:0:0:0:0:0:0:0:0:0:0:0:2:0:0:0:0:0:0:0:0:0:0:0:0:0:0:0:0:0:0
mtfs-sentinel-dataset-v1,1,952,1398033974,1229212993,2400016,1060000,1,511,0,1,normal,2,Release,record,natural,natural,0,none,0,0,0,0,0,2,6,13,6,0,6,0,1458,243,10,17,10,0,10,0,20017,2001,2,0,2,0,2,0,13,6,0,0,0,0,0,0,0,15,1,0,0,0,0,0,0,0:0:0:0:0:0:0:0:3:3:0:0:0:0:0:0:0:0:0:0:0:0:0:0:0:0:0:0:0:0:0:0:0:8:2:0:0:0:0:0:0:0:0:0:0:0:0:2:0:0:0:0:0:0:0:0:0:0:0:0:0:0:0:0:0:0
mtfs-sentinel-dataset-v1,1,952,1398033974,1229212993,3460016,1060000,1,511,0,1,normal,3,Release,record,natural,natural,0,none,0,0,0,0,0,3,6,13,6,0,6,0,1258,209,10,17,10,0,10,0,19663,1966,2,0,2,0,2,0,13,6,0,0,0,0,0,0,0,15,1,0,0,0,0,0,0,0:0:0:0:0:0:0:0:5:0:1:0:0:0:0:0:0:0:0:0:0:0:0:0:0:0:0:0:0:0:0:0:0:9:1:0:0:0:0:0:0:0:0:0:0:0:0:2:0:0:0:0:0:0:0:0:0:0:0:0:0:0:0:0:0:0
mtfs-sentinel-dataset-v1,1,952,1398033974,1229212993,4520016,1060000,1,511,0,1,normal,4,Release,record,natural,natural,0,none,0,0,0,0,0,4,6,13,6,0,6,0,1256,209,10,17,10,0,10,0,20084,2008,2,0,2,0,2,0,14,7,0,0,0,0,0,0,0,15,1,0,0,0,0,0,0,0:0:0:0:0:0:0:0:4:2:0:0:0:0:0:0:0:0:0:0:0:0:0:0:0:0:0:0:0:0:0:0:0:8:2:0:0:0:0:0:0:0:0:0:0:0:0:2:0:0:0:0:0:0:0:0:0:0:0:0:0:0:0:0:0:0
mtfs-sentinel-dataset-v1,1,952,1398033974,1229212993,5580016,1060000,1,511,0,1,normal,5,Release,record,natural,natural,0,none,0,0,0,0,0,5,6,13,6,0,6,0,1255,209,10,17,10,0,10,0,20330,2033,2,0,2,0,2,0,14,7,0,0,0,0,0,0,0,15,1,0,0,0,0,0,0,0:0:0:0:0:0:0:0:4:2:0:0:0:0:0:0:0:0:0:0:0:0:0:0:0:0:0:0:0:0:0:0:0:8:2:0:0:0:0:0:0:0:0:0:0:0:0:2:0:0:0:0:0:0:0:0:0:0:0:0:0:0:0:0:0:0
mtfs-sentinel-dataset-v1,1,952,1398033974,1229212993,6640016,1060000,1,511,0,1,normal,6,Release,record,natural,natural,0,none,0,0,0,0,0,6,6,13,6,0,6,0,1456,242,10,17,10,0,10,0,20116,2011,2,0,2,0,2,0,14,7,0,0,0,0,0,0,0,15,1,0,0,0,0,0,0,0:0:0:0:0:0:0:0:3:3:0:0:0:0:0:0:0:0:0:0:0:0:0:0:0:0:0:0:0:0:0:0:0:8:2:0:0:0:0:0:0:0:0:0:0:0:0:2:0:0:0:0:0:0:0:0:0:0:0:0:0:0:0:0:0:0
mtfs-sentinel-dataset-v1,1,952,1398033974,1229212993,7700016,1060000,1,511,0,1,normal,7,Release,record,natural,natural,0,none,0,0,0,0,0,7,6,13,6,0,6,0,1255,209,10,17,10,0,10,0,19792,1979,2,0,2,0,2,0,14,7,0,0,0,0,0,0,0,15,1,0,0,0,0,0,0,0:0:0:0:0:0:0:0:5:0:1:0:0:0:0:0:0:0:0:0:0:0:0:0:0:0:0:0:0:0:0:0:0:9:1:0:0:0:0:0:0:0:0:0:0:0:0:2:0:0:0:0:0:0:0:0:0:0:0:0:0:0:0:0:0:0
mtfs-sentinel-dataset-v1,1,952,1398033974,1229212993,8770016,1070000,1,511,0,1,normal,8,Release,record,natural,natural,0,none,0,0,0,0,0,8,6,13,6,0,6,0,1256,209,10,17,10,0,10,0,24984,2498,2,0,2,0,2,0,13,6,0,0,0,0,0,0,0,15,1,0,0,0,0,0,0,0:0:0:0:0:0:0:0:4:2:0:0:0:0:0:0:0:0:0:0:0:0:0:0:0:0:0:0:0:0:0:0:0:7:2:1:0:0:0:0:0:0:0:0:0:0:0:2:0:0:0:0:0:0:0:0:0:0:0:0:0:0:0:0:0:0
mtfs-sentinel-dataset-v1,1,952,1398033974,1229212993,9840016,1070000,1,511,0,1,normal,9,Release,record,natural,natural,0,none,0,0,0,0,0,9,6,13,6,0,6,0,1255,209,10,17,10,0,10,0,23670,2367,2,0,2,0,2,0,14,7,0,0,0,0,0,0,0,15,1,0,0,0,0,0,0,0:0:0:0:0:0:0:0:4:2:0:0:0:0:0:0:0:0:0:0:0:0:0:0:0:0:0:0:0:0:0:0:0:7:2:1:0:0:0:0:0:0:0:0:0:0:0:2:0:0:0:0:0:0:0:0:0:0:0:0:0:0:0:0:0:0
mtfs-sentinel-dataset-v1,1,952,1398033974,1229212993,10900016,1060000,1,511,0,1,normal,10,Release,record,natural,natural,0,none,0,0,0,0,0,10,6,13,6,0,6,0,1459,243,10,17,10,0,10,0,20263,2026,2,0,2,0,2,0,13,6,0,0,0,0,0,0,0,15,1,0,0,0,0,0,0,0:0:0:0:0:0:0:0:3:3:0:0:0:0:0:0:0:0:0:0:0:0:0:0:0:0:0:0:0:0:0:0:0:8:2:0:0:0:0:0:0:0:0:0:0:0:0:2:0:0:0:0:0:0:0:0:0:0:0:0:0:0:0:0:0:0
mtfs-sentinel-dataset-v1,1,952,1398033974,1229212993,11970016,1070000,1,511,0,1,normal,11,Release,record,natural,natural,0,none,0,0,0,0,0,11,6,13,6,0,6,0,1255,209,10,17,10,0,10,0,23037,2303,2,0,2,0,2,0,13,6,0,0,0,0,0,0,0,15,1,0,0,0,0,0,0,0:0:0:0:0:0:0:0:5:0:1:0:0:0:0:0:0:0:0:0:0:0:0:0:0:0:0:0:0:0:0:0:0:8:1:1:0:0:0:0:0:0:0:0:0:0:0:2:0:0:0:0:0:0:0:0:0:0:0:0:0:0:0:0:0:0
mtfs-sentinel-dataset-v1,1,952,1398033974,1229212993,13030016,1060000,1,511,0,1,normal,12,Release,record,natural,natural,0,none,0,0,0,0,0,12,6,13,6,0,6,0,1257,209,10,17,10,0,10,0,19996,1999,2,0,2,0,2,0,14,7,0,0,0,0,0,0,0,15,1,0,0,0,0,0,0,0:0:0:0:0:0:0:0:4:2:0:0:0:0:0:0:0:0:0:0:0:0:0:0:0:0:0:0:0:0:0:0:0:8:2:0:0:0:0:0:0:0:0:0:0:0:0:2:0:0:0:0:0:0:0:0:0:0:0:0:0:0:0:0:0:0
mtfs-sentinel-dataset-v1,1,952,1398033974,1229212993,14210016,1180000,1,511,0,1,normal,13,Release,record,natural,natural,0,none,0,0,0,0,0,13,6,13,6,0,6,0,1443,240,10,17,10,0,10,0,139257,13925,2,0,2,0,2,0,13,6,0,0,0,0,0,0,0,15,1,0,0,0,0,0,0,0:0:0:0:0:0:0:0:3:3:0:0:0:0:0:0:0:0:0:0:0:0:0:0:0:0:0:0:0:0:0:0:0:7:2:0:0:0:0:1:0:0:0:0:0:0:0:2:0:0:0:0:0:0:0:0:0:0:0:0:0:0:0:0:0:0
mtfs-sentinel-dataset-v1,1,952,1398033974,1229212993,15270016,1060000,1,511,0,1,normal,14,Release,record,natural,natural,0,none,0,0,0,0,0,14,6,13,6,0,6,0,1442,240,10,17,10,0,10,0,18895,1889,2,0,2,0,2,0,14,7,0,0,0,0,0,0,0,15,1,0,0,0,0,0,0,0:0:0:0:0:0:0:0:3:3:0:0:0:0:0:0:0:0:0:0:0:0:0:0:0:0:0:0:0:0:0:0:1:8:1:0:0:0:0:0:0:0:0:0:0:0:0:2:0:0:0:0:0:0:0:0:0:0:0:0:0:0:0:0:0:0
mtfs-sentinel-dataset-v1,1,952,1398033974,1229212993,16330016,1060000,1,511,0,1,normal,15,Release,record,natural,natural,0,none,0,0,0,0,0,15,6,13,6,0,6,0,1242,207,10,17,10,0,10,0,19013,1901,2,0,2,0,2,0,13,6,0,0,0,0,0,0,0,15,1,0,0,0,0,0,0,0:0:0:0:0:0:0:0:5:1:0:0:0:0:0:0:0:0:0:0:0:0:0:0:0:0:0:0:0:0:0:0:0:9:1:0:0:0:0:0:0:0:0:0:0:0:0:2:0:0:0:0:0:0:0:0:0:0:0:0:0:0:0:0:0:0
mtfs-sentinel-dataset-v1,1,952,1398033974,1229212993,17390016,1060000,1,511,0,1,normal,16,Release,record,natural,natural,0,none,0,0,0,0,0,16,6,13,6,0,6,0,1278,213,10,17,10,0,10,0,20772,2077,2,0,2,0,2,0,14,7,0,0,0,0,0,0,0,15,1,0,0,0,0,0,0,0:0:0:0:0:0:0:0:4:2:0:0:0:0:0:0:0:0:0:0:0:0:0:0:0:0:0:0:0:0:0:0:0:8:2:0:0:0:0:0:0:0:0:0:0:0:0:2:0:0:0:0:0:0:0:0:0:0:0:0:0:0:0:0:0:0
mtfs-sentinel-dataset-v1,1,952,1398033974,1229212993,18450016,1060000,1,511,0,1,normal,17,Release,record,natural,natural,0,none,0,0,0,0,0,17,6,13,6,0,6,0,1242,207,10,17,10,0,10,0,19416,1941,2,0,2,0,2,0,13,6,0,0,0,0,0,0,0,15,1,0,0,0,0,0,0,0:0:0:0:0:0:0:0:4:2:0:0:0:0:0:0:0:0:0:0:0:0:0:0:0:0:0:0:0:0:0:0:1:7:2:0:0:0:0:0:0:0:0:0:0:0:0:2:0:0:0:0:0:0:0:0:0:0:0:0:0:0:0:0:0:0
mtfs-sentinel-dataset-v1,1,952,1398033974,1229212993,19510016,1060000,1,511,0,1,normal,18,Release,record,natural,natural,0,none,0,0,0,0,0,18,6,13,6,0,6,0,1444,240,10,17,10,0,10,0,19005,1900,2,0,2,0,2,0,14,7,0,0,0,0,0,0,0,15,1,0,0,0,0,0,0,0:0:0:0:0:0:0:0:3:3:0:0:0:0:0:0:0:0:0:0:0:0:0:0:0:0:0:0:0:0:0:0:1:8:1:0:0:0:0:0:0:0:0:0:0:0:0:2:0:0:0:0:0:0:0:0:0:0:0:0:0:0:0:0:0:0
mtfs-sentinel-dataset-v1,1,952,1398033974,1229212993,20570016,1060000,1,511,0,1,normal,19,Release,record,natural,natural,0,none,0,0,0,0,0,19,6,13,6,0,6,0,1242,207,10,17,10,0,10,0,19085,1908,2,0,2,0,2,0,13,6,0,0,0,0,0,0,0,15,1,0,0,0,0,0,0,0:0:0:0:0:0:0:0:5:1:0:0:0:0:0:0:0:0:0:0:0:0:0:0:0:0:0:0:0:0:0:0:0:9:1:0:0:0:0:0:0:0:0:0:0:0:0:2:0:0:0:0:0:0:0:0:0:0:0:0:0:0:0:0:0:0
mtfs-sentinel-dataset-v1,1,952,1398033974,1229212993,21630016,1060000,1,511,0,1,normal,20,Release,record,natural,natural,0,none,0,0,0,0,0,20,6,13,6,0,6,0,1291,215,10,17,10,0,10,0,19098,1909,2,0,2,0,2,0,14,7,0,0,0,0,0,0,0,15,1,0,0,0,0,0,0,0:0:0:0:0:0:0:0:4:2:0:0:0:0:0:0:0:0:0:0:0:0:0:0:0:0:0:0:0:0:0:0:0:9:1:0:0:0:0:0:0:0:0:0:0:0:0:2:0:0:0:0:0:0:0:0:0:0:0:0:0:0:0:0:0:0
mtfs-sentinel-dataset-v1,1,952,1398033974,1229212993,22700016,1070000,1,511,0,1,normal,21,Release,record,natural,natural,0,none,0,0,0,0,0,21,6,13,6,0,6,0,1241,206,10,17,10,0,10,0,24273,2427,2,0,2,0,2,0,13,6,0,0,0,0,0,0,0,15,1,0,0,0,0,0,0,0:0:0:0:0:0:0:0:4:2:0:0:0:0:0:0:0:0:0:0:0:0:0:0:0:0:0:0:0:0:0:0:1:7:1:1:0:0:0:0:0:0:0:0:0:0:0:2:0:0:0:0:0:0:0:0:0:0:0:0:0:0:0:0:0:0
mtfs-sentinel-dataset-v1,1,952,1398033974,1229212993,23760016,1060000,1,511,0,1,normal,22,Release,record,natural,natural,0,none,0,0,0,0,0,22,6,13,6,0,6,0,1444,240,10,17,10,0,10,0,19042,1904,2,0,2,0,2,0,13,6,0,0,0,0,0,0,0,15,1,0,0,0,0,0,0,0:0:0:0:0:0:0:0:3:3:0:0:0:0:0:0:0:0:0:0:0:0:0:0:0:0:0:0:0:0:0:0:1:8:1:0:0:0:0:0:0:0:0:0:0:0:0:2:0:0:0:0:0:0:0:0:0:0:0:0:0:0:0:0:0:0
mtfs-sentinel-dataset-v1,1,952,1398033974,1229212993,24830016,1070000,1,511,0,1,normal,23,Release,record,natural,natural,0,none,0,0,0,0,0,23,6,13,6,0,6,0,1241,206,10,17,10,0,10,0,26101,2610,2,0,2,0,2,0,14,7,0,0,0,0,0,0,0,15,1,0,0,0,0,0,0,0:0:0:0:0:0:0:0:5:1:0:0:0:0:0:0:0:0:0:0:0:0:0:0:0:0:0:0:0:0:0:0:0:8:0:2:0:0:0:0:0:0:0:0:0:0:0:2:0:0:0:0:0:0:0:0:0:0:0:0:0:0:0:0:0:0
mtfs-sentinel-dataset-v1,1,952,1398033974,1229212993,25890016,1060000,1,511,0,1,normal,24,Release,record,natural,natural,0,none,0,0,0,0,0,24,6,13,6,0,6,0,1278,213,10,17,10,0,10,0,20992,2099,2,0,2,0,2,0,14,7,0,0,0,0,0,0,0,15,1,0,0,0,0,0,0,0:0:0:0:0:0:0:0:4:2:0:0:0:0:0:0:0:0:0:0:0:0:0:0:0:0:0:0:0:0:0:0:0:8:2:0:0:0:0:0:0:0:0:0:0:0:0:2:0:0:0:0:0:0:0:0:0:0:0:0:0:0:0:0:0:0
mtfs-sentinel-dataset-v1,1,952,1398033974,1229212993,26950016,1060000,1,511,0,1,normal,25,Release,record,natural,natural,0,none,0,0,0,0,0,25,6,13,6,0,6,0,1243,207,10,17,10,0,10,0,19603,1960,2,0,2,0,2,0,12,6,0,0,0,0,0,0,0,15,1,0,0,0,0,0,0,0:0:0:0:0:0:0:0:4:2:0:0:0:0:0:0:0:0:0:0:0:0:0:0:0:0:0:0:0:0:0:0:1:7:2:0:0:0:0:0:0:0:0:0:0:0:0:2:0:0:0:0:0:0:0:0:0:0:0:0:0:0:0:0:0:0
mtfs-sentinel-dataset-v1,1,952,1398033974,1229212993,28010016,1060000,1,511,0,1,normal,26,Release,record,natural,natural,0,none,0,0,0,0,0,26,6,13,6,0,6,0,1443,240,10,17,10,0,10,0,18917,1891,2,0,2,0,2,0,14,7,0,0,0,0,0,0,0,15,1,0,0,0,0,0,0,0:0:0:0:0:0:0:0:3:3:0:0:0:0:0:0:0:0:0:0:0:0:0:0:0:0:0:0:0:0:0:0:1:8:1:0:0:0:0:0:0:0:0:0:0:0:0:2:0:0:0:0:0:0:0:0:0:0:0:0:0:0:0:0:0:0
mtfs-sentinel-dataset-v1,1,952,1398033974,1229212993,29070016,1060000,1,511,0,1,normal,27,Release,record,natural,natural,0,none,0,0,0,0,0,27,6,13,6,0,6,0,1241,206,10,17,10,0,10,0,18966,1896,2,0,2,0,2,0,13,6,0,0,0,0,0,0,0,15,1,0,0,0,0,0,0,0:0:0:0:0:0:0:0:5:1:0:0:0:0:0:0:0:0:0:0:0:0:0:0:0:0:0:0:0:0:0:0:0:9:1:0:0:0:0:0:0:0:0:0:0:0:0:2:0:0:0:0:0:0:0:0:0:0:0:0:0:0:0:0:0:0
mtfs-sentinel-dataset-v1,1,952,1398033974,1229212993,30130016,1060000,1,511,0,1,normal,28,Release,record,natural,natural,0,none,0,0,0,0,0,28,6,13,6,0,6,0,1292,215,10,17,10,0,10,0,18961,1896,2,0,2,0,2,0,13,6,0,0,0,0,0,0,0,15,1,0,0,0,0,0,0,0:0:0:0:0:0:0:0:4:2:0:0:0:0:0:0:0:0:0:0:0:0:0:0:0:0:0:0:0:0:0:0:0:9:1:0:0:0:0:0:0:0:0:0:0:0:0:2:0:0:0:0:0:0:0:0:0:0:0:0:0:0:0:0:0:0
mtfs-sentinel-dataset-v1,1,952,1398033974,1229212993,31190016,1060000,1,511,0,1,normal,29,Release,record,natural,natural,0,none,0,0,0,0,0,29,6,13,6,0,6,0,1244,207,10,17,10,0,10,0,19363,1936,2,0,2,0,2,0,14,7,0,0,0,0,0,0,0,15,1,0,0,0,0,0,0,0:0:0:0:0:0:0:0:4:2:0:0:0:0:0:0:0:0:0:0:0:0:0:0:0:0:0:0:0:0:0:0:1:7:2:0:0:0:0:0:0:0:0:0:0:0:0:2:0:0:0:0:0:0:0:0:0:0:0:0:0:0:0:0:0:0
mtfs-sentinel-dataset-v1,1,952,1398033974,1229212993,32250016,1060000,1,511,0,1,normal,30,Release,record,natural,natural,0,none,0,0,0,0,0,30,6,13,6,0,6,0,1444,240,10,17,10,0,10,0,18917,1891,2,0,2,0,2,0,13,6,0,0,0,0,0,0,0,15,1,0,0,0,0,0,0,0:0:0:0:0:0:0:0:3:3:0:0:0:0:0:0:0:0:0:0:0:0:0:0:0:0:0:0:0:0:0:0:1:8:1:0:0:0:0:0:0:0:0:0:0:0:0:2:0:0:0:0:0:0:0:0:0:0:0:0:0:0:0:0:0:0
mtfs-sentinel-dataset-v1,1,952,1398033974,1229212993,33310016,1060000,1,511,0,1,normal,31,Release,record,natural,natural,0,none,0,0,0,0,0,31,6,13,6,0,6,0,1242,207,10,17,10,0,10,0,19065,1906,2,0,2,0,2,0,14,7,0,0,0,0,0,0,0,15,1,0,0,0,0,0,0,0:0:0:0:0:0:0:0:5:1:0:0:0:0:0:0:0:0:0:0:0:0:0:0:0:0:0:0:0:0:0:0:0:9:1:0:0:0:0:0:0:0:0:0:0:0:0:2:0:0:0:0:0:0:0:0:0:0:0:0:0:0:0:0:0:0
mtfs-sentinel-dataset-v1,1,952,1398033974,1229212993,34370016,1060000,1,511,0,1,normal,32,Release,record,natural,natural,0,none,0,0,0,0,0,32,6,13,6,0,6,0,1278,213,10,17,10,0,10,0,20769,2076,2,0,2,0,2,0,14,7,0,0,0,0,0,0,0,15,1,0,0,0,0,0,0,0:0:0:0:0:0:0:0:4:2:0:0:0:0:0:0:0:0:0:0:0:0:0:0:0:0:0:0:0:0:0:0:0:8:2:0:0:0:0:0:0:0:0:0:0:0:0:2:0:0:0:0:0:0:0:0:0:0:0:0:0:0:0:0:0:0
mtfs-sentinel-dataset-v1,1,952,1398033974,1229212993,35430016,1060000,1,511,0,1,normal,33,Release,record,natural,natural,0,none,0,0,0,0,0,33,6,13,6,0,6,0,1242,207,10,17,10,0,10,0,19443,1944,2,0,2,0,2,0,14,7,0,0,0,0,0,0,0,15,1,0,0,0,0,0,0,0:0:0:0:0:0:0:0:4:2:0:0:0:0:0:0:0:0:0:0:0:0:0:0:0:0:0:0:0:0:0:0:1:7:2:0:0:0:0:0:0:0:0:0:0:0:0:2:0:0:0:0:0:0:0:0:0:0:0:0:0:0:0:0:0:0
mtfs-sentinel-dataset-v1,1,952,1398033974,1229212993,36490016,1060000,1,511,0,1,normal,34,Release,record,natural,natural,0,none,0,0,0,0,0,34,6,13,6,0,6,0,1445,240,10,17,10,0,10,0,19034,1903,2,0,2,0,2,0,14,7,0,0,0,0,0,0,0,15,1,0,0,0,0,0,0,0:0:0:0:0:0:0:0:3:3:0:0:0:0:0:0:0:0:0:0:0:0:0:0:0:0:0:0:0:0:0:0:1:8:1:0:0:0:0:0:0:0:0:0:0:0:0:2:0:0:0:0:0:0:0:0:0:0:0:0:0:0:0:0:0:0
mtfs-sentinel-dataset-v1,1,952,1398033974,1229212993,37560016,1070000,1,511,0,1,normal,35,Release,record,natural,natural,0,none,0,0,0,0,0,35,6,13,6,0,6,0,1242,207,10,17,10,0,10,0,27149,2714,2,0,2,0,2,0,14,7,0,0,0,0,0,0,0,15,1,0,0,0,0,0,0,0:0:0:0:0:0:0:0:5:1:0:0:0:0:0:0:0:0:0:0:0:0:0:0:0:0:0:0:0:0:0:0:0:7:1:2:0:0:0:0:0:0:0:0:0:0:0:2:0:0:0:0:0:0:0:0:0:0:0:0:0:0:0:0:0:0
mtfs-sentinel-dataset-v1,1,952,1398033974,1229212993,38620016,1060000,1,511,0,1,normal,36,Release,record,natural,natural,0,none,0,0,0,0,0,36,6,13,6,0,6,0,1294,215,10,17,10,0,10,0,19126,1912,2,0,2,0,2,0,14,7,0,0,0,0,0,0,0,15,1,0,0,0,0,0,0,0:0:0:0:0:0:0:0:4:2:0:0:0:0:0:0:0:0:0:0:0:0:0:0:0:0:0:0:0:0:0:0:0:9:1:0:0:0:0:0:0:0:0:0:0:0:0:2:0:0:0:0:0:0:0:0:0:0:0:0:0:0:0:0:0:0
mtfs-sentinel-dataset-v1,1,952,1398033974,1229212993,39690016,1070000,1,511,0,1,normal,37,Release,record,natural,natural,0,none,0,0,0,0,0,37,6,13,6,0,6,0,1242,207,10,17,10,0,10,0,22792,2279,2,0,2,0,2,0,14,7,0,0,0,0,0,0,0,15,1,0,0,0,0,0,0,0:0:0:0:0:0:0:0:4:2:0:0:0:0:0:0:0:0:0:0:0:0:0:0:0:0:0:0:0:0:0:0:1:7:1:1:0:0:0:0:0:0:0:0:0:0:0:2:0:0:0:0:0:0:0:0:0:0:0:0:0:0:0:0:0:0
mtfs-sentinel-dataset-v1,1,952,1398033974,1229212993,40750016,1060000,1,511,0,1,normal,38,Release,record,natural,natural,0,none,0,0,0,0,0,38,6,13,6,0,6,0,1444,240,10,17,10,0,10,0,19127,1912,2,0,2,0,2,0,13,6,0,0,0,0,0,0,0,15,1,0,0,0,0,0,0,0:0:0:0:0:0:0:0:3:3:0:0:0:0:0:0:0:0:0:0:0:0:0:0:0:0:0:0:0:0:0:0:1:8:1:0:0:0:0:0:0:0:0:0:0:0:0:2:0:0:0:0:0:0:0:0:0:0:0:0:0:0:0:0:0:0
mtfs-sentinel-dataset-v1,1,952,1398033974,1229212993,41810016,1060000,1,511,0,1,normal,39,Release,record,natural,natural,0,none,0,0,0,0,0,39,6,13,6,0,6,0,1241,206,10,17,10,0,10,0,19255,1925,2,0,2,0,2,0,13,6,0,0,0,0,0,0,0,15,1,0,0,0,0,0,0,0:0:0:0:0:0:0:0:5:1:0:0:0:0:0:0:0:0:0:0:0:0:0:0:0:0:0:0:0:0:0:0:0:9:1:0:0:0:0:0:0:0:0:0:0:0:0:2:0:0:0:0:0:0:0:0:0:0:0:0:0:0:0:0:0:0
mtfs-sentinel-dataset-v1,1,952,1398033974,1229212993,42870016,1060000,1,511,0,1,normal,40,Release,record,natural,natural,0,none,0,0,0,0,0,40,6,13,6,0,6,0,1280,213,10,17,10,0,10,0,20820,2082,2,0,2,0,2,0,12,6,0,0,0,0,0,0,0,15,1,0,0,0,0,0,0,0:0:0:0:0:0:0:0:4:2:0:0:0:0:0:0:0:0:0:0:0:0:0:0:0:0:0:0:0:0:0:0:0:8:2:0:0:0:0:0:0:0:0:0:0:0:0:2:0:0:0:0:0:0:0:0:0:0:0:0:0:0:0:0:0:0
mtfs-sentinel-dataset-v1,1,952,1398033974,1229212993,43930016,1060000,1,511,0,1,normal,41,Release,record,natural,natural,0,none,0,0,0,0,0,41,6,13,6,0,6,0,1243,207,10,17,10,0,10,0,19339,1933,2,0,2,0,2,0,14,7,0,0,0,0,0,0,0,15,1,0,0,0,0,0,0,0:0:0:0:0:0:0:0:4:2:0:0:0:0:0:0:0:0:0:0:0:0:0:0:0:0:0:0:0:0:0:0:1:7:2:0:0:0:0:0:0:0:0:0:0:0:0:2:0:0:0:0:0:0:0:0:0:0:0:0:0:0:0:0:0:0
mtfs-sentinel-dataset-v1,1,952,1398033974,1229212993,44990016,1060000,1,511,0,1,normal,42,Release,record,natural,natural,0,none,0,0,0,0,0,42,6,13,6,0,6,0,1455,242,10,17,10,0,10,0,18902,1890,2,0,2,0,2,0,14,7,0,0,0,0,0,0,0,15,1,0,0,0,0,0,0,0:0:0:0:0:0:0:0:3:3:0:0:0:0:0:0:0:0:0:0:0:0:0:0:0:0:0:0:0:0:0:0:1:8:1:0:0:0:0:0:0:0:0:0:0:0:0:2:0:0:0:0:0:0:0:0:0:0:0:0:0:0:0:0:0:0
mtfs-sentinel-dataset-v1,1,952,1398033974,1229212993,46050016,1060000,1,511,0,1,normal,43,Release,record,natural,natural,0,none,0,0,0,0,0,43,6,13,6,0,6,0,1244,207,10,17,10,0,10,0,18994,1899,2,0,2,0,2,0,13,6,0,0,0,0,0,0,0,15,1,0,0,0,0,0,0,0:0:0:0:0:0:0:0:5:1:0:0:0:0:0:0:0:0:0:0:0:0:0:0:0:0:0:0:0:0:0:0:0:9:1:0:0:0:0:0:0:0:0:0:0:0:0:2:0:0:0:0:0:0:0:0:0:0:0:0:0:0:0:0:0:0
mtfs-sentinel-dataset-v1,1,952,1398033974,1229212993,47110016,1060000,1,511,0,1,normal,44,Release,record,natural,natural,0,none,0,0,0,0,0,44,6,13,6,0,6,0,1306,217,10,17,10,0,10,0,19005,1900,2,0,2,0,2,0,14,7,0,0,0,0,0,0,0,15,1,0,0,0,0,0,0,0:0:0:0:0:0:0:0:4:2:0:0:0:0:0:0:0:0:0:0:0:0:0:0:0:0:0:0:0:0:0:0:0:9:1:0:0:0:0:0:0:0:0:0:0:0:0:2:0:0:0:0:0:0:0:0:0:0:0:0:0:0:0:0:0:0
mtfs-sentinel-dataset-v1,1,952,1398033974,1229212993,48170016,1060000,1,511,0,1,normal,45,Release,record,natural,natural,0,none,0,0,0,0,0,45,6,13,6,0,6,0,1253,208,10,17,10,0,10,0,19414,1941,2,0,2,0,2,0,13,6,0,0,0,0,0,0,0,15,1,0,0,0,0,0,0,0:0:0:0:0:0:0:0:4:2:0:0:0:0:0:0:0:0:0:0:0:0:0:0:0:0:0:0:0:0:0:0:1:7:2:0:0:0:0:0:0:0:0:0:0:0:0:2:0:0:0:0:0:0:0:0:0:0:0:0:0:0:0:0:0:0
mtfs-sentinel-dataset-v1,1,952,1398033974,1229212993,49230016,1060000,1,511,0,1,normal,46,Release,record,natural,natural,0,none,0,0,0,0,0,46,6,13,6,0,6,0,1454,242,10,17,10,0,10,0,18965,1896,2,0,2,0,2,0,14,7,0,0,0,0,0,0,0,15,1,0,0,0,0,0,0,0:0:0:0:0:0:0:0:3:3:0:0:0:0:0:0:0:0:0:0:0:0:0:0:0:0:0:0:0:0:0:0:1:8:1:0:0:0:0:0:0:0:0:0:0:0:0:2:0:0:0:0:0:0:0:0:0:0:0:0:0:0:0:0:0:0
mtfs-sentinel-dataset-v1,1,952,1398033974,1229212993,50290016,1060000,1,511,0,1,normal,47,Release,record,natural,natural,0,none,0,0,0,0,0,47,6,13,6,0,6,0,1243,207,10,17,10,0,10,0,19100,1910,2,0,2,0,2,0,14,7,0,0,0,0,0,0,0,15,1,0,0,0,0,0,0,0:0:0:0:0:0:0:0:5:1:0:0:0:0:0:0:0:0:0:0:0:0:0:0:0:0:0:0:0:0:0:0:0:9:1:0:0:0:0:0:0:0:0:0:0:0:0:2:0:0:0:0:0:0:0:0:0:0:0:0:0:0:0:0:0:0
mtfs-sentinel-dataset-v1,1,952,1398033974,1229212993,51360016,1070000,1,511,0,1,normal,48,Release,record,natural,natural,0,none,0,0,0,0,0,48,6,13,6,0,6,0,1302,217,10,17,10,0,10,0,24430,2443,2,0,2,0,2,0,14,7,0,0,0,0,0,0,0,15,1,0,0,0,0,0,0,0:0:0:0:0:0:0:0:4:2:0:0:0:0:0:0:0:0:0:0:0:0:0:0:0:0:0:0:0:0:0:0:0:7:2:1:0:0:0:0:0:0:0:0:0:0:0:2:0:0:0:0:0:0:0:0:0:0:0:0:0:0:0:0:0:0
mtfs-sentinel-dataset-v1,1,952,1398033974,1229212993,52430016,1070000,1,511,0,1,normal,49,Release,record,natural,natural,0,none,0,0,0,0,0,49,6,13,6,0,6,0,1252,208,10,17,10,0,10,0,24313,2431,2,0,2,0,2,0,14,7,0,0,0,0,0,0,0,15,1,0,0,0,0,0,0,0:0:0:0:0:0:0:0:4:2:0:0:0:0:0:0:0:0:0:0:0:0:0:0:0:0:0:0:0:0:0:0:1:6:2:1:0:0:0:0:0:0:0:0:0:0:0:2:0:0:0:0:0:0:0:0:0:0:0:0:0:0:0:0:0:0
mtfs-sentinel-dataset-v1,1,952,1398033974,1229212993,53490016,1060000,1,511,0,1,normal,50,Release,record,natural,natural,0,none,0,0,0,0,0,50,6,13,6,0,6,0,1455,242,10,17,10,0,10,0,19063,1906,2,0,2,0,2,0,14,7,0,0,0,0,0,0,0,15,1,0,0,0,0,0,0,0:0:0:0:0:0:0:0:3:3:0:0:0:0:0:0:0:0:0:0:0:0:0:0:0:0:0:0:0:0:0:0:1:8:1:0:0:0:0:0:0:0:0:0:0:0:0:2:0:0:0:0:0:0:0:0:0:0:0:0:0:0:0:0:0:0
mtfs-sentinel-dataset-v1,1,952,1398033974,1229212993,54550016,1060000,1,511,0,1,normal,51,Release,record,natural,natural,0,none,0,0,0,0,0,51,6,13,6,0,6,0,1241,206,10,17,10,0,10,0,19174,1917,2,0,2,0,2,0,14,7,0,0,0,0,0,0,0,15,1,0,0,0,0,0,0,0:0:0:0:0:0:0:0:5:1:0:0:0:0:0:0:0:0:0:0:0:0:0:0:0:0:0:0:0:0:0:0:0:9:1:0:0:0:0:0:0:0:0:0:0:0:0:2:0:0:0:0:0:0:0:0:0:0:0:0:0:0:0:0:0:0
mtfs-sentinel-dataset-v1,1,952,1398033974,1229212993,55620016,1070000,1,511,0,1,normal,52,Release,record,natural,natural,0,none,0,0,0,0,0,52,6,13,6,0,6,0,1303,217,10,17,10,0,10,0,22430,2243,2,0,2,0,2,0,14,7,0,0,0,0,0,0,0,15,1,0,0,0,0,0,0,0:0:0:0:0:0:0:0:4:2:0:0:0:0:0:0:0:0:0:0:0:0:0:0:0:0:0:0:0:0:0:0:0:8:1:1:0:0:0:0:0:0:0:0:0:0:0:2:0:0:0:0:0:0:0:0:0:0:0:0:0:0:0:0:0:0
mtfs-sentinel-dataset-v1,1,952,1398033974,1229212993,56680016,1060000,1,511,0,1,normal,53,Release,record,natural,natural,0,none,0,0,0,0,0,53,6,13,6,0,6,0,1254,209,10,17,10,0,10,0,19573,1957,2,0,2,0,2,0,13,6,0,0,0,0,0,0,0,15,1,0,0,0,0,0,0,0:0:0:0:0:0:0:0:4:2:0:0:0:0:0:0:0:0:0:0:0:0:0:0:0:0:0:0:0:0:0:0:1:7:2:0:0:0:0:0:0:0:0:0:0:0:0:2:0:0:0:0:0:0:0:0:0:0:0:0:0:0:0:0:0:0
mtfs-sentinel-dataset-v1,1,952,1398033974,1229212993,57740016,1060000,1,511,0,1,normal,54,Release,record,natural,natural,0,none,0,0,0,0,0,54,6,13,6,0,6,0,1457,242,10,17,10,0,10,0,19027,1902,2,0,2,0,2,0,14,7,0,0,0,0,0,0,0,15,1,0,0,0,0,0,0,0:0:0:0:0:0:0:0:3:3:0:0:0:0:0:0:0:0:0:0:0:0:0:0:0:0:0:0:0:0:0:0:1:8:1:0:0:0:0:0:0:0:0:0:0:0:0:2:0:0:0:0:0:0:0:0:0:0:0:0:0:0:0:0:0:0
mtfs-sentinel-dataset-v1,1,952,1398033974,1229212993,58800016,1060000,1,511,0,1,normal,55,Release,record,natural,natural,0,none,0,0,0,0,0,55,6,13,6,0,6,0,1242,207,10,17,10,0,10,0,18956,1895,2,0,2,0,2,0,14,7,0,0,0,0,0,0,0,15,1,0,0,0,0,0,0,0:0:0:0:0:0:0:0:5:1:0:0:0:0:0:0:0:0:0:0:0:0:0:0:0:0:0:0:0:0:0:0:0:9:1:0:0:0:0:0:0:0:0:0:0:0:0:2:0:0:0:0:0:0:0:0:0:0:0:0:0:0:0:0:0:0
mtfs-sentinel-dataset-v1,1,952,1398033974,1229212993,59860016,1060000,1,511,0,1,normal,56,Release,record,natural,natural,0,none,0,0,0,0,0,56,6,13,6,0,6,0,1289,214,10,17,10,0,10,0,20732,2073,2,0,2,0,2,0,14,7,0,0,0,0,0,0,0,15,1,0,0,0,0,0,0,0:0:0:0:0:0:0:0:4:2:0:0:0:0:0:0:0:0:0:0:0:0:0:0:0:0:0:0:0:0:0:0:0:8:2:0:0:0:0:0:0:0:0:0:0:0:0:2:0:0:0:0:0:0:0:0:0:0:0:0:0:0:0:0:0:0
mtfs-sentinel-dataset-v1,1,952,1398033974,1229212993,60920016,1060000,1,511,0,1,normal,57,Release,record,natural,natural,0,none,0,0,0,0,0,57,6,13,6,0,6,0,1252,208,10,17,10,0,10,0,19336,1933,2,0,2,0,2,0,14,7,0,0,0,0,0,0,0,15,1,0,0,0,0,0,0,0:0:0:0:0:0:0:0:4:2:0:0:0:0:0:0:0:0:0:0:0:0:0:0:0:0:0:0:0:0:0:0:1:7:2:0:0:0:0:0:0:0:0:0:0:0:0:2:0:0:0:0:0:0:0:0:0:0:0:0:0:0:0:0:0:0
mtfs-sentinel-dataset-v1,1,952,1398033974,1229212993,61980016,1060000,1,511,0,1,normal,58,Release,record,natural,natural,0,none,0,0,0,0,0,58,6,13,6,0,6,0,1453,242,10,17,10,0,10,0,18920,1892,2,0,2,0,2,0,14,7,0,0,0,0,0,0,0,15,1,0,0,0,0,0,0,0:0:0:0:0:0:0:0:3:3:0:0:0:0:0:0:0:0:0:0:0:0:0:0:0:0:0:0:0:0:0:0:1:8:1:0:0:0:0:0:0:0:0:0:0:0:0:2:0:0:0:0:0:0:0:0:0:0:0:0:0:0:0:0:0:0
mtfs-sentinel-dataset-v1,1,952,1398033974,1229212993,63040016,1060000,1,511,0,1,normal,59,Release,record,natural,natural,0,none,0,0,0,0,0,59,6,13,6,0,6,0,1240,206,10,17,10,0,10,0,18996,1899,2,0,2,0,2,0,14,7,0,0,0,0,0,0,0,15,1,0,0,0,0,0,0,0:0:0:0:0:0:0:0:5:1:0:0:0:0:0:0:0:0:0:0:0:0:0:0:0:0:0:0:0:0:0:0:0:9:1:0:0:0:0:0:0:0:0:0:0:0:0:2:0:0:0:0:0:0:0:0:0:0:0:0:0:0:0:0:0:0
mtfs-sentinel-dataset-v1,1,952,1398033974,1229212993,64110016,1070000,1,511,0,1,normal,60,Release,record,natural,natural,0,none,0,0,0,0,0,60,6,13,6,0,6,0,1303,217,10,17,10,0,10,0,22189,2218,2,0,2,0,2,0,14,7,0,0,0,0,0,0,0,15,1,0,0,0,0,0,0,0:0:0:0:0:0:0:0:4:2:0:0:0:0:0:0:0:0:0:0:0:0:0:0:0:0:0:0:0:0:0:0:0:8:1:1:0:0:0:0:0:0:0:0:0:0:0:2:0:0:0:0:0:0:0:0:0:0:0:0:0:0:0:0:0:0
mtfs-sentinel-dataset-v1,1,952,1398033974,1229212993,65170016,1060000,1,511,0,1,normal,61,Release,record,natural,natural,0,none,0,0,0,0,0,61,6,13,6,0,6,0,1250,208,10,17,10,0,10,0,19401,1940,2,0,2,0,2,0,14,7,0,0,0,0,0,0,0,15,1,0,0,0,0,0,0,0:0:0:0:0:0:0:0:4:2:0:0:0:0:0:0:0:0:0:0:0:0:0:0:0:0:0:0:0:0:0:0:1:7:2:0:0:0:0:0:0:0:0:0:0:0:0:2:0:0:0:0:0:0:0:0:0:0:0:0:0:0:0:0:0:0
mtfs-sentinel-dataset-v1,1,952,1398033974,1229212993,66230016,1060000,1,511,0,1,normal,62,Release,record,natural,natural,0,none,0,0,0,0,0,62,6,13,6,0,6,0,1453,242,10,17,10,0,10,0,18973,1897,2,0,2,0,2,0,14,7,0,0,0,0,0,0,0,15,1,0,0,0,0,0,0,0:0:0:0:0:0:0:0:3:3:0:0:0:0:0:0:0:0:0:0:0:0:0:0:0:0:0:0:0:0:0:0:1:8:1:0:0:0:0:0:0:0:0:0:0:0:0:2:0:0:0:0:0:0:0:0:0:0:0:0:0:0:0:0:0:0
mtfs-sentinel-dataset-v1,1,952,1398033974,1229212993,67300016,1070000,1,511,0,1,normal,63,Release,record,natural,natural,0,none,0,0,0,0,0,63,6,13,6,0,6,0,1241,206,10,17,10,0,10,0,23934,2393,2,0,2,0,2,0,13,6,0,0,0,0,0,0,0,15,1,0,0,0,0,0,0,0:0:0:0:0:0:0:0:5:1:0:0:0:0:0:0:0:0:0:0:0:0:0:0:0:0:0:0:0:0:0:0:0:8:1:1:0:0:0:0:0:0:0:0:0:0:0:2:0:0:0:0:0:0:0:0:0:0:0:0:0:0:0:0:0:0
mtfs-sentinel-dataset-v1,1,952,1398033974,1229212993,68360016,1060000,1,511,0,1,normal,64,Release,record,natural,natural,0,none,0,0,0,0,0,64,6,13,6,0,6,0,1305,217,10,17,10,0,10,0,20901,2090,2,0,2,0,2,0,14,7,0,0,0,0,0,0,0,15,1,0,0,0,0,0,0,0:0:0:0:0:0:0:0:4:2:0:0:0:0:0:0:0:0:0:0:0:0:0:0:0:0:0:0:0:0:0:0:0:8:2:0:0:0:0:0:0:0:0:0:0:0:0:2:0:0:0:0:0:0:0:0:0:0:0:0:0:0:0:0:0:0
mtfs-sentinel-dataset-v1,1,952,1398033974,1229212993,69420016,1060000,1,511,0,1,normal,65,Release,record,natural,natural,0,none,0,0,0,0,0,65,6,13,6,0,6,0,1252,208,10,17,10,0,10,0,19511,1951,2,0,2,0,2,0,13,6,0,0,0,0,0,0,0,15,1,0,0,0,0,0,0,0:0:0:0:0:0:0:0:4:2:0:0:0:0:0:0:0:0:0:0:0:0:0:0:0:0:0:0:0:0:0:0:1:7:2:0:0:0:0:0:0:0:0:0:0:0:0:2:0:0:0:0:0:0:0:0:0:0:0:0:0:0:0:0:0:0
mtfs-sentinel-dataset-v1,1,952,1398033974,1229212993,70490016,1070000,1,511,0,1,normal,66,Release,record,natural,natural,0,none,0,0,0,0,0,66,6,13,6,0,6,0,1453,242,10,17,10,0,10,0,22318,2231,2,0,2,0,2,0,14,7,0,0,0,0,0,0,0,15,1,0,0,0,0,0,0,0:0:0:0:0:0:0:0:3:3:0:0:0:0:0:0:0:0:0:0:0:0:0:0:0:0:0:0:0:0:0:0:1:7:1:1:0:0:0:0:0:0:0:0:0:0:0:2:0:0:0:0:0:0:0:0:0:0:0:0:0:0:0:0:0:0
mtfs-sentinel-dataset-v1,1,952,1398033974,1229212993,71550016,1060000,1,511,0,1,normal,67,Release,record,natural,natural,0,none,0,0,0,0,0,67,6,13,6,0,6,0,1242,207,10,17,10,0,10,0,19195,1919,2,0,2,0,2,0,14,7,0,0,0,0,0,0,0,15,1,0,0,0,0,0,0,0:0:0:0:0:0:0:0:5:1:0:0:0:0:0:0:0:0:0:0:0:0:0:0:0:0:0:0:0:0:0:0:0:9:1:0:0:0:0:0:0:0:0:0:0:0:0:2:0:0:0:0:0:0:0:0:0:0:0:0:0:0:0:0:0:0
mtfs-sentinel-dataset-v1,1,952,1398033974,1229212993,72610016,1060000,1,511,0,1,normal,68,Release,record,natural,natural,0,none,0,0,0,0,0,68,6,13,6,0,6,0,1304,217,10,17,10,0,10,0,19149,1914,2,0,2,0,2,0,13,6,0,0,0,0,0,0,0,15,1,0,0,0,0,0,0,0:0:0:0:0:0:0:0:4:2:0:0:0:0:0:0:0:0:0:0:0:0:0:0:0:0:0:0:0:0:0:0:0:9:1:0:0:0:0:0:0:0:0:0:0:0:0:2:0:0:0:0:0:0:0:0:0:0:0:0:0:0:0:0:0:0
mtfs-sentinel-dataset-v1,1,952,1398033974,1229212993,73670016,1060000,1,511,0,1,normal,69,Release,record,natural,natural,0,none,0,0,0,0,0,69,6,13,6,0,6,0,1253,208,10,17,10,0,10,0,19284,1928,2,0,2,0,2,0,14,7,0,0,0,0,0,0,0,15,1,0,0,0,0,0,0,0:0:0:0:0:0:0:0:4:2:0:0:0:0:0:0:0:0:0:0:0:0:0:0:0:0:0:0:0:0:0:0:1:7:2:0:0:0:0:0:0:0:0:0:0:0:0:2:0:0:0:0:0:0:0:0:0:0:0:0:0:0:0:0:0:0
mtfs-sentinel-dataset-v1,1,952,1398033974,1229212993,74730016,1060000,1,511,0,1,normal,70,Release,record,natural,natural,0,none,0,0,0,0,0,70,6,13,6,0,6,0,1452,242,10,17,10,0,10,0,18848,1884,2,0,2,0,2,0,14,7,0,0,0,0,0,0,0,15,1,0,0,0,0,0,0,0:0:0:0:0:0:0:0:3:3:0:0:0:0:0:0:0:0:0:0:0:0:0:0:0:0:0:0:0:0:0:0:1:8:1:0:0:0:0:0:0:0:0:0:0:0:0:2:0:0:0:0:0:0:0:0:0:0:0:0:0:0:0:0:0:0
mtfs-sentinel-dataset-v1,1,952,1398033974,1229212993,75790016,1060000,1,511,0,1,normal,71,Release,record,natural,natural,0,none,0,0,0,0,0,71,6,13,6,0,6,0,1243,207,10,17,10,0,10,0,18994,1899,2,0,2,0,2,0,13,6,0,0,0,0,0,0,0,15,1,0,0,0,0,0,0,0:0:0:0:0:0:0:0:5:1:0:0:0:0:0:0:0:0:0:0:0:0:0:0:0:0:0:0:0:0:0:0:0:9:1:0:0:0:0:0:0:0:0:0:0:0:0:2:0:0:0:0:0:0:0:0:0:0:0:0:0:0:0:0:0:0
mtfs-sentinel-dataset-v1,1,952,1398033974,1229212993,76850016,1060000,1,511,0,1,normal,72,Release,record,natural,natural,0,none,0,0,0,0,0,72,6,13,6,0,6,0,1290,215,10,17,10,0,10,0,20711,2071,2,0,2,0,2,0,14,7,0,0,0,0,0,0,0,15,1,0,0,0,0,0,0,0:0:0:0:0:0:0:0:4:2:0:0:0:0:0:0:0:0:0:0:0:0:0:0:0:0:0:0:0:0:0:0:0:8:2:0:0:0:0:0:0:0:0:0:0:0:0:2:0:0:0:0:0:0:0:0:0:0:0:0:0:0:0:0:0:0
mtfs-sentinel-dataset-v1,1,952,1398033974,1229212993,77920016,1070000,1,511,0,1,normal,73,Release,record,natural,natural,0,none,0,0,0,0,0,73,6,13,6,0,6,0,1253,208,10,17,10,0,10,0,23052,2305,2,0,2,0,2,0,14,7,0,0,0,0,0,0,0,15,1,0,0,0,0,0,0,0:0:0:0:0:0:0:0:4:2:0:0:0:0:0:0:0:0:0:0:0:0:0:0:0:0:0:0:0:0:0:0:1:6:2:1:0:0:0:0:0:0:0:0:0:0:0:2:0:0:0:0:0:0:0:0:0:0:0:0:0:0:0:0:0:0
mtfs-sentinel-dataset-v1,1,952,1398033974,1229212993,78980016,1060000,1,511,0,1,normal,74,Release,record,natural,natural,0,none,0,0,0,0,0,74,6,13,6,0,6,0,1455,242,10,17,10,0,10,0,18971,1897,2,0,2,0,2,0,13,6,0,0,0,0,0,0,0,15,1,0,0,0,0,0,0,0:0:0:0:0:0:0:0:3:3:0:0:0:0:0:0:0:0:0:0:0:0:0:0:0:0:0:0:0:0:0:0:1:8:1:0:0:0:0:0:0:0:0:0:0:0:0:2:0:0:0:0:0:0:0:0:0:0:0:0:0:0:0:0:0:0
mtfs-sentinel-dataset-v1,1,952,1398033974,1229212993,80040016,1060000,1,511,0,1,normal,75,Release,record,natural,natural,0,none,0,0,0,0,0,75,6,13,6,0,6,0,1238,206,10,17,10,0,10,0,19028,1902,2,0,2,0,2,0,14,7,0,0,0,0,0,0,0,15,1,0,0,0,0,0,0,0:0:0:0:0:0:0:1:4:1:0:0:0:0:0:0:0:0:0:0:0:0:0:0:0:0:0:0:0:0:0:0:0:9:1:0:0:0:0:0:0:0:0:0:0:0:0:2:0:0:0:0:0:0:0:0:0:0:0:0:0:0:0:0:0:0
mtfs-sentinel-dataset-v1,1,952,1398033974,1229212993,81100016,1060000,1,511,0,1,normal,76,Release,record,natural,natural,0,none,0,0,0,0,0,76,6,13,6,0,6,0,1302,217,10,17,10,0,10,0,19065,1906,2,0,2,0,2,0,14,7,0,0,0,0,0,0,0,15,1,0,0,0,0,0,0,0:0:0:0:0:0:0:0:4:2:0:0:0:0:0:0:0:0:0:0:0:0:0:0:0:0:0:0:0:0:0:0:0:9:1:0:0:0:0:0:0:0:0:0:0:0:0:2:0:0:0:0:0:0:0:0:0:0:0:0:0:0:0:0:0:0
mtfs-sentinel-dataset-v1,1,952,1398033974,1229212993,82170016,1070000,1,511,0,1,normal,77,Release,record,natural,natural,0,none,0,0,0,0,0,77,6,13,6,0,6,0,1252,208,10,17,10,0,10,0,24290,2429,2,0,2,0,2,0,14,7,0,0,0,0,0,0,0,15,1,0,0,0,0,0,0,0:0:0:0:0:0:0:0:4:2:0:0:0:0:0:0:0:0:0:0:0:0:0:0:0:0:0:0:0:0:0:0:1:6:2:1:0:0:0:0:0:0:0:0:0:0:0:2:0:0:0:0:0:0:0:0:0:0:0:0:0:0:0:0:0:0
mtfs-sentinel-dataset-v1,1,952,1398033974,1229212993,83230016,1060000,1,511,0,1,normal,78,Release,record,natural,natural,0,none,0,0,0,0,0,78,6,13,6,0,6,0,1455,242,10,17,10,0,10,0,19057,1905,2,0,2,0,2,0,14,7,0,0,0,0,0,0,0,15,1,0,0,0,0,0,0,0:0:0:0:0:0:0:0:3:3:0:0:0:0:0:0:0:0:0:0:0:0:0:0:0:0:0:0:0:0:0:0:1:8:1:0:0:0:0:0:0:0:0:0:0:0:0:2:0:0:0:0:0:0:0:0:0:0:0:0:0:0:0:0:0:0
mtfs-sentinel-dataset-v1,1,952,1398033974,1229212993,84290016,1060000,1,511,0,1,normal,79,Release,record,natural,natural,0,none,0,0,0,0,0,79,6,13,6,0,6,0,1243,207,10,17,10,0,10,0,19174,1917,2,0,2,0,2,0,14,7,0,0,0,0,0,0,0,15,1,0,0,0,0,0,0,0:0:0:0:0:0:0:0:5:1:0:0:0:0:0:0:0:0:0:0:0:0:0:0:0:0:0:0:0:0:0:0:0:9:1:0:0:0:0:0:0:0:0:0:0:0:0:2:0:0:0:0:0:0:0:0:0:0:0:0:0:0:0:0:0:0
mtfs-sentinel-dataset-v1,1,952,1398033974,1229212993,85360016,1070000,1,511,0,1,normal,80,Release,record,natural,natural,0,none,0,0,0,0,0,80,6,13,6,0,6,0,1322,220,10,17,10,0,10,0,24103,2410,2,0,2,0,2,0,14,7,0,0,0,0,0,0,0,15,1,0,0,0,0,0,0,0:0:0:0:0:0:0:0:4:2:0:0:0:0:0:0:0:0:0:0:0:0:0:0:0:0:0:0:0:0:0:0:0:7:2:1:0:0:0:0:0:0:0:0:0:0:0:2:0:0:0:0:0:0:0:0:0:0:0:0:0:0:0:0:0:0
mtfs-sentinel-dataset-v1,1,952,1398033974,1229212993,86420016,1060000,1,511,0,1,normal,81,Release,record,natural,natural,0,none,0,0,0,0,0,81,6,13,6,0,6,0,1253,208,10,17,10,0,10,0,19558,1955,2,0,2,0,2,0,13,6,0,0,0,0,0,0,0,15,1,0,0,0,0,0,0,0:0:0:0:0:0:0:0:4:2:0:0:0:0:0:0:0:0:0:0:0:0:0:0:0:0:0:0:0:0:0:0:1:7:2:0:0:0:0:0:0:0:0:0:0:0:0:2:0:0:0:0:0:0:0:0:0:0:0:0:0:0:0:0:0:0
mtfs-sentinel-dataset-v1,1,952,1398033974,1229212993,87480016,1060000,1,511,0,1,normal,82,Release,record,natural,natural,0,none,0,0,0,0,0,82,6,13,6,0,6,0,1453,242,10,17,10,0,10,0,19125,1912,2,0,2,0,2,0,14,7,0,0,0,0,0,0,0,15,1,0,0,0,0,0,0,0:0:0:0:0:0:0:0:3:3:0:0:0:0:0:0:0:0:0:0:0:0:0:0:0:0:0:0:0:0:0:0:1:8:1:0:0:0:0:0:0:0:0:0:0:0:0:2:0:0:0:0:0:0:0:0:0:0:0:0:0:0:0:0:0:0
mtfs-sentinel-dataset-v1,1,952,1398033974,1229212993,88540016,1060000,1,511,0,1,normal,83,Release,record,natural,natural,0,none,0,0,0,0,0,83,6,13,6,0,6,0,1241,206,10,17,10,0,10,0,18951,1895,2,0,2,0,2,0,13,6,0,0,0,0,0,0,0,15,1,0,0,0,0,0,0,0:0:0:0:0:0:0:0:5:1:0:0:0:0:0:0:0:0:0:0:0:0:0:0:0:0:0:0:0:0:0:0:0:9:1:0:0:0:0:0:0:0:0:0:0:0:0:2:0:0:0:0:0:0:0:0:0:0:0:0:0:0:0:0:0:0
mtfs-sentinel-dataset-v1,1,952,1398033974,1229212993,89600016,1060000,1,511,0,1,normal,84,Release,record,natural,natural,0,none,0,0,0,0,0,84,6,13,6,0,6,0,1304,217,10,17,10,0,10,0,18927,1892,2,0,2,0,2,0,14,7,0,0,0,0,0,0,0,15,1,0,0,0,0,0,0,0:0:0:0:0:0:0:0:4:2:0:0:0:0:0:0:0:0:0:0:0:0:0:0:0:0:0:0:0:0:0:0:0:9:1:0:0:0:0:0:0:0:0:0:0:0:0:2:0:0:0:0:0:0:0:0:0:0:0:0:0:0:0:0:0:0
mtfs-sentinel-dataset-v1,1,952,1398033974,1229212993,90670016,1070000,1,511,0,1,normal,85,Release,record,natural,natural,0,none,0,0,0,0,0,85,6,13,6,0,6,0,1252,208,10,17,10,0,10,0,22523,2252,2,0,2,0,2,0,13,6,0,0,0,0,0,0,0,15,1,0,0,0,0,0,0,0:0:0:0:0:0:0:0:4:2:0:0:0:0:0:0:0:0:0:0:0:0:0:0:0:0:0:0:0:0:0:0:1:7:1:1:0:0:0:0:0:0:0:0:0:0:0:2:0:0:0:0:0:0:0:0:0:0:0:0:0:0:0:0:0:0
mtfs-sentinel-dataset-v1,1,952,1398033974,1229212993,91730016,1060000,1,511,0,1,normal,86,Release,record,natural,natural,0,none,0,0,0,0,0,86,6,13,6,0,6,0,1454,242,10,17,10,0,10,0,18898,1889,2,0,2,0,2,0,14,7,0,0,0,0,0,0,0,15,1,0,0,0,0,0,0,0:0:0:0:0:0:0:0:3:3:0:0:0:0:0:0:0:0:0:0:0:0:0:0:0:0:0:0:0:0:0:0:1:8:1:0:0:0:0:0:0:0:0:0:0:0:0:2:0:0:0:0:0:0:0:0:0:0:0:0:0:0:0:0:0:0
mtfs-sentinel-dataset-v1,1,952,1398033974,1229212993,92790016,1060000,1,511,0,1,normal,87,Release,record,natural,natural,0,none,0,0,0,0,0,87,6,13,6,0,6,0,1240,206,10,17,10,0,10,0,19024,1902,2,0,2,0,2,0,13,6,0,0,0,0,0,0,0,15,1,0,0,0,0,0,0,0:0:0:0:0:0:0:0:5:1:0:0:0:0:0:0:0:0:0:0:0:0:0:0:0:0:0:0:0:0:0:0:0:9:1:0:0:0:0:0:0:0:0:0:0:0:0:2:0:0:0:0:0:0:0:0:0:0:0:0:0:0:0:0:0:0
mtfs-sentinel-dataset-v1,1,952,1398033974,1229212993,93850016,1060000,1,511,0,1,normal,88,Release,record,natural,natural,0,none,0,0,0,0,0,88,6,13,6,0,6,0,1290,215,10,17,10,0,10,0,20804,2080,2,0,2,0,2,0,14,7,0,0,0,0,0,0,0,15,1,0,0,0,0,0,0,0:0:0:0:0:0:0:0:4:2:0:0:0:0:0:0:0:0:0:0:0:0:0:0:0:0:0:0:0:0:0:0:0:8:2:0:0:0:0:0:0:0:0:0:0:0:0:2:0:0:0:0:0:0:0:0:0:0:0:0:0:0:0:0:0:0
mtfs-sentinel-dataset-v1,1,952,1398033974,1229212993,94910016,1060000,1,511,0,1,normal,89,Release,record,natural,natural,0,none,0,0,0,0,0,89,6,13,6,0,6,0,1251,208,10,17,10,0,10,0,19416,1941,2,0,2,0,2,0,13,6,0,0,0,0,0,0,0,15,1,0,0,0,0,0,0,0:0:0:0:0:0:0:0:4:2:0:0:0:0:0:0:0:0:0:0:0:0:0:0:0:0:0:0:0:0:0:0:1:7:2:0:0:0:0:0:0:0:0:0:0:0:0:2:0:0:0:0:0:0:0:0:0:0:0:0:0:0:0:0:0:0
mtfs-sentinel-dataset-v1,1,952,1398033974,1229212993,95970016,1060000,1,511,0,1,normal,90,Release,record,natural,natural,0,none,0,0,0,0,0,90,6,13,6,0,6,0,1452,242,10,17,10,0,10,0,18995,1899,2,0,2,0,2,0,13,6,0,0,0,0,0,0,0,15,1,0,0,0,0,0,0,0:0:0:0:0:0:0:0:3:3:0:0:0:0:0:0:0:0:0:0:0:0:0:0:0:0:0:0:0:0:0:0:1:8:1:0:0:0:0:0:0:0:0:0:0:0:0:2:0:0:0:0:0:0:0:0:0:0:0:0:0:0:0:0:0:0
mtfs-sentinel-dataset-v1,1,952,1398033974,1229212993,97040016,1070000,1,511,0,1,normal,91,Release,record,natural,natural,0,none,0,0,0,0,0,91,6,13,6,0,6,0,1242,207,10,17,10,0,10,0,23933,2393,2,0,2,0,2,0,14,7,0,0,0,0,0,0,0,15,1,0,0,0,0,0,0,0:0:0:0:0:0:0:0:5:1:0:0:0:0:0:0:0:0:0:0:0:0:0:0:0:0:0:0:0:0:0:0:0:8:1:1:0:0:0:0:0:0:0:0:0:0:0:2:0:0:0:0:0:0:0:0:0:0:0:0:0:0:0:0:0:0
mtfs-sentinel-dataset-v1,1,952,1398033974,1229212993,98100016,1060000,1,511,0,1,normal,92,Release,record,natural,natural,0,none,0,0,0,0,0,92,6,13,6,0,6,0,1302,217,10,17,10,0,10,0,19079,1907,2,0,2,0,2,0,14,7,0,0,0,0,0,0,0,15,1,0,0,0,0,0,0,0:0:0:0:0:0:0:0:4:2:0:0:0:0:0:0:0:0:0:0:0:0:0:0:0:0:0:0:0:0:0:0:0:9:1:0:0:0:0:0:0:0:0:0:0:0:0:2:0:0:0:0:0:0:0:0:0:0:0:0:0:0:0:0:0:0
mtfs-sentinel-dataset-v1,1,952,1398033974,1229212993,99160016,1060000,1,511,0,1,normal,93,Release,record,natural,natural,0,none,0,0,0,0,0,93,6,13,6,0,6,0,1252,208,10,17,10,0,10,0,19508,1950,2,0,2,0,2,0,14,7,0,0,0,0,0,0,0,15,1,0,0,0,0,0,0,0:0:0:0:0:0:0:0:4:2:0:0:0:0:0:0:0:0:0:0:0:0:0:0:0:0:0:0:0:0:0:0:1:7:2:0:0:0:0:0:0:0:0:0:0:0:0:2:0:0:0:0:0:0:0:0:0:0:0:0:0:0:0:0:0:0
mtfs-sentinel-dataset-v1,1,952,1398033974,1229212993,100230016,1070000,1,511,0,1,normal,94,Release,record,natural,natural,0,none,0,0,0,0,0,94,6,13,6,0,6,0,1455,242,10,17,10,0,10,0,22332,2233,2,0,2,0,2,0,13,6,0,0,0,0,0,0,0,15,1,0,0,0,0,0,0,0:0:0:0:0:0:0:0:3:3:0:0:0:0:0:0:0:0:0:0:0:0:0:0:0:0:0:0:0:0:0:0:1:7:1:1:0:0:0:0:0:0:0:0:0:0:0:2:0:0:0:0:0:0:0:0:0:0:0:0:0:0:0:0:0:0
mtfs-sentinel-dataset-v1,1,952,1398033974,1229212993,101290016,1060000,1,511,0,1,normal,95,Release,record,natural,natural,0,none,0,0,0,0,0,95,6,13,6,0,6,0,1242,207,10,17,10,0,10,0,19222,1922,2,0,2,0,2,0,14,7,0,0,0,0,0,0,0,15,1,0,0,0,0,0,0,0:0:0:0:0:0:0:0:5:1:0:0:0:0:0:0:0:0:0:0:0:0:0:0:0:0:0:0:0:0:0:0:0:9:1:0:0:0:0:0:0:0:0:0:0:0:0:2:0:0:0:0:0:0:0:0:0:0:0:0:0:0:0:0:0:0
mtfs-sentinel-dataset-v1,1,952,1398033974,1229212993,102350016,1060000,1,511,0,1,normal,96,Release,record,natural,natural,0,none,0,0,0,0,0,96,6,13,6,0,6,0,1305,217,10,17,10,0,10,0,20976,2097,2,0,2,0,2,0,14,7,0,0,0,0,0,0,0,15,1,0,0,0,0,0,0,0:0:0:0:0:0:0:0:4:2:0:0:0:0:0:0:0:0:0:0:0:0:0:0:0:0:0:0:0:0:0:0:0:8:2:0:0:0:0:0:0:0:0:0:0:0:0:2:0:0:0:0:0:0:0:0:0:0:0:0:0:0:0:0:0:0
mtfs-sentinel-dataset-v1,1,952,1398033974,1229212993,103410016,1060000,1,511,0,1,normal,97,Release,record,natural,natural,0,none,0,0,0,0,0,97,6,13,6,0,6,0,1252,208,10,17,10,0,10,0,19410,1941,2,0,2,0,2,0,14,7,0,0,0,0,0,0,0,15,1,0,0,0,0,0,0,0:0:0:0:0:0:0:0:4:2:0:0:0:0:0:0:0:0:0:0:0:0:0:0:0:0:0:0:0:0:0:0:1:7:2:0:0:0:0:0:0:0:0:0:0:0:0:2:0:0:0:0:0:0:0:0:0:0:0:0:0:0:0:0:0:0
mtfs-sentinel-dataset-v1,1,952,1398033974,1229212993,104480016,1070000,1,511,0,1,normal,98,Release,record,natural,natural,0,none,0,0,0,0,0,98,6,13,6,0,6,0,1455,242,10,17,10,0,10,0,22546,2254,2,0,2,0,2,0,14,7,0,0,0,0,0,0,0,15,1,0,0,0,0,0,0,0:0:0:0:0:0:0:0:3:3:0:0:0:0:0:0:0:0:0:0:0:0:0:0:0:0:0:0:0:0:0:0:1:7:1:1:0:0:0:0:0:0:0:0:0:0:0:2:0:0:0:0:0:0:0:0:0:0:0:0:0:0:0:0:0:0
mtfs-sentinel-dataset-v1,1,952,1398033974,1229212993,105540016,1060000,1,511,0,1,normal,99,Release,record,natural,natural,0,none,0,0,0,0,0,99,6,13,6,0,6,0,1242,207,10,17,10,0,10,0,18962,1896,2,0,2,0,2,0,13,6,0,0,0,0,0,0,0,15,1,0,0,0,0,0,0,0:0:0:0:0:0:0:0:5:1:0:0:0:0:0:0:0:0:0:0:0:0:0:0:0:0:0:0:0:0:0:0:0:9:1:0:0:0:0:0:0:0:0:0:0:0:0:2:0:0:0:0:0:0:0:0:0:0:0:0:0:0:0:0:0:0
mtfs-sentinel-dataset-v1,1,952,1398033974,1229212993,106600016,1060000,1,511,0,1,normal,100,Release,record,natural,natural,0,none,0,0,0,0,0,100,6,13,6,0,6,0,1302,217,10,17,10,0,10,0,18971,1897,2,0,2,0,2,0,14,7,0,0,0,0,0,0,0,15,1,0,0,0,0,0,0,0:0:0:0:0:0:0:0:4:2:0:0:0:0:0:0:0:0:0:0:0:0:0:0:0:0:0:0:0:0:0:0:0:9:1:0:0:0:0:0:0:0:0:0:0:0:0:2:0:0:0:0:0:0:0:0:0:0:0:0:0:0:0:0:0:0
mtfs-sentinel-dataset-v1,1,952,1398033974,1229212993,107660016,1060000,1,511,0,1,normal,101,Release,record,natural,natural,0,none,0,0,0,0,0,101,6,13,6,0,6,0,1251,208,10,17,10,0,10,0,19363,1936,2,0,2,0,2,0,14,7,0,0,0,0,0,0,0,15,1,0,0,0,0,0,0,0:0:0:0:0:0:0:0:4:2:0:0:0:0:0:0:0:0:0:0:0:0:0:0:0:0:0:0:0:0:0:0:1:7:2:0:0:0:0:0:0:0:0:0:0:0:0:2:0:0:0:0:0:0:0:0:0:0:0:0:0:0:0:0:0:0
mtfs-sentinel-dataset-v1,1,952,1398033974,1229212993,108720016,1060000,1,511,0,1,normal,102,Release,record,natural,natural,0,none,0,0,0,0,0,102,6,13,6,0,6,0,1454,242,10,17,10,0,10,0,18935,1893,2,0,2,0,2,0,14,7,0,0,0,0,0,0,0,15,1,0,0,0,0,0,0,0:0:0:0:0:0:0:0:3:3:0:0:0:0:0:0:0:0:0:0:0:0:0:0:0:0:0:0:0:0:0:0:1:8:1:0:0:0:0:0:0:0:0:0:0:0:0:2:0:0:0:0:0:0:0:0:0:0:0:0:0:0:0:0:0:0
mtfs-sentinel-dataset-v1,1,952,1398033974,1229212993,109780016,1060000,1,511,0,1,normal,103,Release,record,natural,natural,0,none,0,0,0,0,0,103,6,13,6,0,6,0,1243,207,10,17,10,0,10,0,19078,1907,2,0,2,0,2,0,14,7,0,0,0,0,0,0,0,15,1,0,0,0,0,0,0,0:0:0:0:0:0:0:0:5:1:0:0:0:0:0:0:0:0:0:0:0:0:0:0:0:0:0:0:0:0:0:0:0:9:1:0:0:0:0:0:0:0:0:0:0:0:0:2:0:0:0:0:0:0:0:0:0:0:0:0:0:0:0:0:0:0
mtfs-sentinel-dataset-v1,1,952,1398033974,1229212993,110840016,1060000,1,511,0,1,normal,104,Release,record,natural,natural,0,none,0,0,0,0,0,104,6,13,6,0,6,0,1296,216,10,17,10,0,10,0,20807,2080,2,0,2,0,2,0,14,7,0,0,0,0,0,0,0,15,1,0,0,0,0,0,0,0:0:0:0:0:0:0:0:4:2:0:0:0:0:0:0:0:0:0:0:0:0:0:0:0:0:0:0:0:0:0:0:0:8:2:0:0:0:0:0:0:0:0:0:0:0:0:2:0:0:0:0:0:0:0:0:0:0:0:0:0:0:0:0:0:0
mtfs-sentinel-dataset-v1,1,952,1398033974,1229212993,111910016,1070000,1,511,0,1,normal,105,Release,record,natural,natural,0,none,0,0,0,0,0,105,6,13,6,0,6,0,1254,209,10,17,10,0,10,0,24302,2430,2,0,2,0,2,0,14,7,0,0,0,0,0,0,0,15,1,0,0,0,0,0,0,0:0:0:0:0:0:0:0:4:2:0:0:0:0:0:0:0:0:0:0:0:0:0:0:0:0:0:0:0:0:0:0:1:6:2:1:0:0:0:0:0:0:0:0:0:0:0:2:0:0:0:0:0:0:0:0:0:0:0:0:0:0:0:0:0:0
mtfs-sentinel-dataset-v1,1,952,1398033974,1229212993,112970016,1060000,1,511,0,1,normal,106,Release,record,natural,natural,0,none,0,0,0,0,0,106,6,13,6,0,6,0,1455,242,10,17,10,0,10,0,19066,1906,2,0,2,0,2,0,14,7,0,0,0,0,0,0,0,15,1,0,0,0,0,0,0,0:0:0:0:0:0:0:0:3:3:0:0:0:0:0:0:0:0:0:0:0:0:0:0:0:0:0:0:0:0:0:0:1:8:1:0:0:0:0:0:0:0:0:0:0:0:0:2:0:0:0:0:0:0:0:0:0:0:0:0:0:0:0:0:0:0
mtfs-sentinel-dataset-v1,1,952,1398033974,1229212993,114030016,1060000,1,511,0,1,normal,107,Release,record,natural,natural,0,none,0,0,0,0,0,107,6,13,6,0,6,0,1241,206,10,17,10,0,10,0,19155,1915,2,0,2,0,2,0,14,7,0,0,0,0,0,0,0,15,1,0,0,0,0,0,0,0:0:0:0:0:0:0:0:5:1:0:0:0:0:0:0:0:0:0:0:0:0:0:0:0:0:0:0:0:0:0:0:0:9:1:0:0:0:0:0:0:0:0:0:0:0:0:2:0:0:0:0:0:0:0:0:0:0:0:0:0:0:0:0:0:0
mtfs-sentinel-dataset-v1,1,952,1398033974,1229212993,115100016,1070000,1,511,0,1,normal,108,Release,record,natural,natural,0,none,0,0,0,0,0,108,6,13,6,0,6,0,1336,222,10,17,10,0,10,0,22411,2241,2,0,2,0,2,0,14,7,0,0,0,0,0,0,0,15,1,0,0,0,0,0,0,0:0:0:0:0:0:0:0:4:2:0:0:0:0:0:0:0:0:0:0:0:0:0:0:0:0:0:0:0:0:0:0:0:8:1:1:0:0:0:0:0:0:0:0:0:0:0:2:0:0:0:0:0:0:0:0:0:0:0:0:0:0:0:0:0:0
mtfs-sentinel-dataset-v1,1,952,1398033974,1229212993,116160016,1060000,1,511,0,1,normal,109,Release,record,natural,natural,0,none,0,0,0,0,0,109,6,13,6,0,6,0,1253,208,10,17,10,0,10,0,19542,1954,2,0,2,0,2,0,14,7,0,0,0,0,0,0,0,15,1,0,0,0,0,0,0,0:0:0:0:0:0:0:0:4:2:0:0:0:0:0:0:0:0:0:0:0:0:0:0:0:0:0:0:0:0:0:0:1:7:2:0:0:0:0:0:0:0:0:0:0:0:0:2:0:0:0:0:0:0:0:0:0:0:0:0:0:0:0:0:0:0
mtfs-sentinel-dataset-v1,1,952,1398033974,1229212993,117230016,1070000,1,511,0,1,normal,110,Release,record,natural,natural,0,none,0,0,0,0,0,110,6,13,6,0,6,0,1455,242,10,17,10,0,10,0,22302,2230,2,0,2,0,2,0,14,7,0,0,0,0,0,0,0,15,1,0,0,0,0,0,0,0:0:0:0:0:0:0:0:3:3:0:0:0:0:0:0:0:0:0:0:0:0:0:0:0:0:0:0:0:0:0:0:1:7:1:1:0:0:0:0:0:0:0:0:0:0:0:2:0:0:0:0:0:0:0:0:0:0:0:0:0:0:0:0:0:0
mtfs-sentinel-dataset-v1,1,952,1398033974,1229212993,118290016,1060000,1,511,0,1,normal,111,Release,record,natural,natural,0,none,0,0,0,0,0,111,6,13,6,0,6,0,1242,207,10,17,10,0,10,0,19110,1911,2,0,2,0,2,0,13,6,0,0,0,0,0,0,0,15,1,0,0,0,0,0,0,0:0:0:0:0:0:0:0:5:1:0:0:0:0:0:0:0:0:0:0:0:0:0:0:0:0:0:0:0:0:0:0:0:9:1:0:0:0:0:0:0:0:0:0:0:0:0:2:0:0:0:0:0:0:0:0:0:0:0:0:0:0:0:0:0:0
mtfs-sentinel-dataset-v1,1,952,1398033974,1229212993,119350016,1060000,1,511,0,1,normal,112,Release,record,natural,natural,0,none,0,0,0,0,0,112,6,13,6,0,6,0,1289,214,10,17,10,0,10,0,20678,2067,2,0,2,0,2,0,14,7,0,0,0,0,0,0,0,15,1,0,0,0,0,0,0,0:0:0:0:0:0:0:0:4:2:0:0:0:0:0:0:0:0:0:0:0:0:0:0:0:0:0:0:0:0:0:0:0:8:2:0:0:0:0:0:0:0:0:0:0:0:0:2:0:0:0:0:0:0:0:0:0:0:0:0:0:0:0:0:0:0
mtfs-sentinel-dataset-v1,1,952,1398033974,1229212993,120410016,1060000,1,511,0,1,normal,113,Release,record,natural,natural,0,none,0,0,0,0,0,113,6,13,6,0,6,0,1251,208,10,17,10,0,10,0,19328,1932,2,0,2,0,2,0,14,7,0,0,0,0,0,0,0,15,1,0,0,0,0,0,0,0:0:0:0:0:0:0:0:4:2:0:0:0:0:0:0:0:0:0:0:0:0:0:0:0:0:0:0:0:0:0:0:1:7:2:0:0:0:0:0:0:0:0:0:0:0:0:2:0:0:0:0:0:0:0:0:0:0:0:0:0:0:0:0:0:0
mtfs-sentinel-dataset-v1,1,952,1398033974,1229212993,121470016,1060000,1,511,0,1,normal,114,Release,record,natural,natural,0,none,0,0,0,0,0,114,6,13,6,0,6,0,1451,241,10,17,10,0,10,0,18889,1888,2,0,2,0,2,0,14,7,0,0,0,0,0,0,0,15,1,0,0,0,0,0,0,0:0:0:0:0:0:0:0:3:3:0:0:0:0:0:0:0:0:0:0:0:0:0:0:0:0:0:0:0:0:0:0:1:8:1:0:0:0:0:0:0:0:0:0:0:0:0:2:0:0:0:0:0:0:0:0:0:0:0:0:0:0:0:0:0:0
mtfs-sentinel-dataset-v1,1,952,1398033974,1229212993,122530016,1060000,1,511,0,1,normal,115,Release,record,natural,natural,0,none,0,0,0,0,0,115,6,13,6,0,6,0,1240,206,10,17,10,0,10,0,18980,1898,2,0,2,0,2,0,14,7,0,0,0,0,0,0,0,15,1,0,0,0,0,0,0,0:0:0:0:0:0:0:0:5:1:0:0:0:0:0:0:0:0:0:0:0:0:0:0:0:0:0:0:0:0:0:0:0:9:1:0:0:0:0:0:0:0:0:0:0:0:0:2:0:0:0:0:0:0:0:0:0:0:0:0:0:0:0:0:0:0
mtfs-sentinel-dataset-v1,1,952,1398033974,1229212993,123590016,1060000,1,511,0,1,normal,116,Release,record,natural,natural,0,none,0,0,0,0,0,116,6,13,6,0,6,0,1303,217,10,17,10,0,10,0,19009,1900,2,0,2,0,2,0,13,6,0,0,0,0,0,0,0,15,1,0,0,0,0,0,0,0:0:0:0:0:0:0:0:4:2:0:0:0:0:0:0:0:0:0:0:0:0:0:0:0:0:0:0:0:0:0:0:0:9:1:0:0:0:0:0:0:0:0:0:0:0:0:2:0:0:0:0:0:0:0:0:0:0:0:0:0:0:0:0:0:0
mtfs-sentinel-dataset-v1,1,952,1398033974,1229212993,124650016,1060000,1,511,0,1,normal,117,Release,record,natural,natural,0,none,0,0,0,0,0,117,6,13,6,0,6,0,1253,208,10,17,10,0,10,0,19413,1941,2,0,2,0,2,0,14,7,0,0,0,0,0,0,0,15,1,0,0,0,0,0,0,0:0:0:0:0:0:0:0:4:2:0:0:0:0:0:0:0:0:0:0:0:0:0:0:0:0:0:0:0:0:0:0:1:7:2:0:0:0:0:0:0:0:0:0:0:0:0:2:0:0:0:0:0:0:0:0:0:0:0:0:0:0:0:0:0:0
mtfs-sentinel-dataset-v1,1,952,1398033974,1229212993,125710016,1060000,1,511,0,1,normal,118,Release,record,natural,natural,0,none,0,0,0,0,0,118,6,13,6,0,6,0,1453,242,10,17,10,0,10,0,18962,1896,2,0,2,0,2,0,14,7,0,0,0,0,0,0,0,15,1,0,0,0,0,0,0,0:0:0:0:0:0:0:0:3:3:0:0:0:0:0:0:0:0:0:0:0:0:0:0:0:0:0:0:0:0:0:0:1:8:1:0:0:0:0:0:0:0:0:0:0:0:0:2:0:0:0:0:0:0:0:0:0:0:0:0:0:0:0:0:0:0
mtfs-sentinel-dataset-v1,1,952,1398033974,1229212993,126780016,1070000,1,511,0,1,normal,119,Release,record,natural,natural,0,none,0,0,0,0,0,119,6,13,6,0,6,0,1242,207,10,17,10,0,10,0,23935,2393,2,0,2,0,2,0,14,7,0,0,0,0,0,0,0,15,1,0,0,0,0,0,0,0:0:0:0:0:0:0:0:5:1:0:0:0:0:0:0:0:0:0:0:0:0:0:0:0:0:0:0:0:0:0:0:0:8:1:1:0:0:0:0:0:0:0:0:0:0:0:2:0:0:0:0:0:0:0:0:0:0:0:0:0:0:0:0:0:0
mtfs-sentinel-dataset-v1,1,952,1398033974,1229212993,127840016,1060000,1,511,0,1,normal,120,Release,record,natural,natural,0,none,0,0,0,0,0,120,6,13,6,0,6,0,1290,215,10,17,10,0,10,0,20820,2082,2,0,2,0,2,0,14,7,0,0,0,0,0,0,0,15,1,0,0,0,0,0,0,0:0:0:0:0:0:0:0:4:2:0:0:0:0:0:0:0:0:0:0:0:0:0:0:0:0:0:0:0:0:0:0:0:8:2:0:0:0:0:0:0:0:0:0:0:0:0:2:0:0:0:0:0:0:0:0:0:0:0:0:0:0:0:0:0:0
mtfs-sentinel-dataset-v1,1,952,1398033974,1229212993,128900016,1060000,1,511,0,1,normal,121,Release,record,natural,natural,0,none,0,0,0,0,0,121,6,13,6,0,6,0,1253,208,10,17,10,0,10,0,19494,1949,2,0,2,0,2,0,14,7,0,0,0,0,0,0,0,15,1,0,0,0,0,0,0,0:0:0:0:0:0:0:0:4:2:0:0:0:0:0:0:0:0:0:0:0:0:0:0:0:0:0:0:0:0:0:0:1:7:2:0:0:0:0:0:0:0:0:0:0:0:0:2:0:0:0:0:0:0:0:0:0:0:0:0:0:0:0:0:0:0
mtfs-sentinel-dataset-v1,1,952,1398033974,1229212993,129960016,1060000,1,511,0,1,normal,122,Release,record,natural,natural,0,none,0,0,0,0,0,122,6,13,6,0,6,0,1453,242,10,17,10,0,10,0,19077,1907,2,0,2,0,2,0,14,7,0,0,0,0,0,0,0,15,1,0,0,0,0,0,0,0:0:0:0:0:0:0:0:3:3:0:0:0:0:0:0:0:0:0:0:0:0:0:0:0:0:0:0:0:0:0:0:1:8:1:0:0:0:0:0:0:0:0:0:0:0:0:2:0:0:0:0:0:0:0:0:0:0:0:0:0:0:0:0:0:0
mtfs-sentinel-dataset-v1,1,952,1398033974,1229212993,131030016,1070000,1,511,0,1,normal,123,Release,record,natural,natural,0,none,0,0,0,0,0,123,6,13,6,0,6,0,1242,207,10,17,10,0,10,0,26089,2608,2,0,2,0,2,0,13,6,0,0,0,0,0,0,0,15,1,0,0,0,0,0,0,0:0:0:0:0:0:0:0:5:1:0:0:0:0:0:0:0:0:0:0:0:0:0:0:0:0:0:0:0:0:0:0:0:8:0:2:0:0:0:0:0:0:0:0:0:0:0:2:0:0:0:0:0:0:0:0:0:0:0:0:0:0:0:0:0:0
mtfs-sentinel-dataset-v1,1,952,1398033974,1229212993,132090016,1060000,1,511,0,1,normal,124,Release,record,natural,natural,0,none,0,0,0,0,0,124,6,13,6,0,6,0,1303,217,10,17,10,0,10,0,19206,1920,2,0,2,0,2,0,13,6,0,0,0,0,0,0,0,15,1,0,0,0,0,0,0,0:0:0:0:0:0:0:0:4:2:0:0:0:0:0:0:0:0:0:0:0:0:0:0:0:0:0:0:0:0:0:0:0:9:1:0:0:0:0:0:0:0:0:0:0:0:0:2:0:0:0:0:0:0:0:0:0:0:0:0:0:0:0:0:0:0
mtfs-sentinel-dataset-v1,1,952,1398033974,1229212993,133150016,1060000,1,511,0,1,normal,125,Release,record,natural,natural,0,none,0,0,0,0,0,125,6,13,6,0,6,0,1253,208,10,17,10,0,10,0,19525,1952,2,0,2,0,2,0,14,7,0,0,0,0,0,0,0,15,1,0,0,0,0,0,0,0:0:0:0:0:0:0:0:4:2:0:0:0:0:0:0:0:0:0:0:0:0:0:0:0:0:0:0:0:0:0:0:1:7:2:0:0:0:0:0:0:0:0:0:0:0:0:2:0:0:0:0:0:0:0:0:0:0:0:0:0:0:0:0:0:0
mtfs-sentinel-dataset-v1,1,952,1398033974,1229212993,134210016,1060000,1,511,0,1,normal,126,Release,record,natural,natural,0,none,0,0,0,0,0,126,6,13,6,0,6,0,1455,242,10,17,10,0,10,0,18843,1884,2,0,2,0,2,0,14,7,0,0,0,0,0,0,0,15,1,0,0,0,0,0,0,0:0:0:0:0:0:0:0:3:3:0:0:0:0:0:0:0:0:0:0:0:0:0:0:0:0:0:0:0:0:0:0:1:8:1:0:0:0:0:0:0:0:0:0:0:0:0:2:0:0:0:0:0:0:0:0:0:0:0:0:0:0:0:0:0:0
mtfs-sentinel-dataset-v1,1,952,1398033974,1229212993,135270016,1060000,1,511,0,1,normal,127,Release,record,natural,natural,0,none,0,0,0,0,0,127,6,13,6,0,6,0,1240,206,10,17,10,0,10,0,18972,1897,2,0,2,0,2,0,14,7,0,0,0,0,0,0,0,15,1,0,0,0,0,0,0,0:0:0:0:0:0:0:0:5:1:0:0:0:0:0:0:0:0:0:0:0:0:0:0:0:0:0:0:0:0:0:0:0:9:1:0:0:0:0:0:0:0:0:0:0:0:0:2:0:0:0:0:0:0:0:0:0:0:0:0:0:0:0:0:0:0
mtfs-sentinel-dataset-v1,1,952,1398033974,1229212993,136330016,1060000,1,511,0,1,normal,128,Release,record,natural,natural,0,none,0,0,0,0,0,128,6,13,6,0,6,0,1289,214,10,17,10,0,10,0,20731,2073,2,0,2,0,2,0,13,6,0,0,0,0,0,0,0,15,1,0,0,0,0,0,0,0:0:0:0:0:0:0:0:4:2:0:0:0:0:0:0:0:0:0:0:0:0:0:0:0:0:0:0:0:0:0:0:0:8:2:0:0:0:0:0:0:0:0:0:0:0:0:2:0:0:0:0:0:0:0:0:0:0:0:0:0:0:0:0:0:0
mtfs-sentinel-dataset-v1,1,952,1398033974,1229212993,137390016,1060000,1,511,0,1,normal,129,Release,record,natural,natural,0,none,0,0,0,0,0,129,6,13,6,0,6,0,1254,209,10,17,10,0,10,0,19385,1938,2,0,2,0,2,0,14,7,0,0,0,0,0,0,0,15,1,0,0,0,0,0,0,0:0:0:0:0:0:0:0:4:2:0:0:0:0:0:0:0:0:0:0:0:0:0:0:0:0:0:0:0:0:0:0:1:7:2:0:0:0:0:0:0:0:0:0:0:0:0:2:0:0:0:0:0:0:0:0:0:0:0:0:0:0:0:0:0:0
mtfs-sentinel-dataset-v1,1,952,1398033974,1229212993,138450016,1060000,1,511,0,1,normal,130,Release,record,natural,natural,0,none,0,0,0,0,0,130,6,13,6,0,6,0,1456,242,10,17,10,0,10,0,18951,1895,2,0,2,0,2,0,14,7,0,0,0,0,0,0,0,15,1,0,0,0,0,0,0,0:0:0:0:0:0:0:0:3:3:0:0:0:0:0:0:0:0:0:0:0:0:0:0:0:0:0:0:0:0:0:0:1:8:1:0:0:0:0:0:0:0:0:0:0:0:0:2:0:0:0:0:0:0:0:0:0:0:0:0:0:0:0:0:0:0
mtfs-sentinel-dataset-v1,1,952,1398033974,1229212993,139510016,1060000,1,511,0,1,normal,131,Release,record,natural,natural,0,none,0,0,0,0,0,131,6,13,6,0,6,0,1242,207,10,17,10,0,10,0,19055,1905,2,0,2,0,2,0,14,7,0,0,0,0,0,0,0,15,1,0,0,0,0,0,0,0:0:0:0:0:0:0:0:5:1:0:0:0:0:0:0:0:0:0:0:0:0:0:0:0:0:0:0:0:0:0:0:0:9:1:0:0:0:0:0:0:0:0:0:0:0:0:2:0:0:0:0:0:0:0:0:0:0:0:0:0:0:0:0:0:0
mtfs-sentinel-dataset-v1,1,952,1398033974,1229212993,140580016,1070000,1,511,0,1,normal,132,Release,record,natural,natural,0,none,0,0,0,0,0,132,6,13,6,0,6,0,1305,217,10,17,10,0,10,0,23880,2388,2,0,2,0,2,0,14,7,0,0,0,0,0,0,0,15,1,0,0,0,0,0,0,0:0:0:0:0:0:0:0:4:2:0:0:0:0:0:0:0:0:0:0:0:0:0:0:0:0:0:0:0:0:0:0:0:8:1:1:0:0:0:0:0:0:0:0:0:0:0:2:0:0:0:0:0:0:0:0:0:0:0:0:0:0:0:0:0:0
mtfs-sentinel-dataset-v1,1,952,1398033974,1229212993,141640016,1060000,1,511,0,1,normal,133,Release,record,natural,natural,0,none,0,0,0,0,0,133,6,13,6,0,6,0,1252,208,10,17,10,0,10,0,19448,1944,2,0,2,0,2,0,14,7,0,0,0,0,0,0,0,15,1,0,0,0,0,0,0,0:0:0:0:0:0:0:0:4:2:0:0:0:0:0:0:0:0:0:0:0:0:0:0:0:0:0:0:0:0:0:0:1:7:2:0:0:0:0:0:0:0:0:0:0:0:0:2:0:0:0:0:0:0:0:0:0:0:0:0:0:0:0:0:0:0
mtfs-sentinel-dataset-v1,1,952,1398033974,1229212993,142700016,1060000,1,511,0,1,normal,134,Release,record,natural,natural,0,none,0,0,0,0,0,134,6,13,6,0,6,0,1456,242,10,17,10,0,10,0,19011,1901,2,0,2,0,2,0,14,7,0,0,0,0,0,0,0,15,1,0,0,0,0,0,0,0:0:0:0:0:0:0:0:3:3:0:0:0:0:0:0:0:0:0:0:0:0:0:0:0:0:0:0:0:0:0:0:1:8:1:0:0:0:0:0:0:0:0:0:0:0:0:2:0:0:0:0:0:0:0:0:0:0:0:0:0:0:0:0:0:0
mtfs-sentinel-dataset-v1,1,952,1398033974,1229212993,143770016,1070000,1,511,0,1,normal,135,Release,record,natural,natural,0,none,0,0,0,0,0,135,6,13,6,0,6,0,1241,206,10,17,10,0,10,0,22331,2233,2,0,2,0,2,0,13,6,0,0,0,0,0,0,0,15,1,0,0,0,0,0,0,0:0:0:0:0:0:0:0:5:1:0:0:0:0:0:0:0:0:0:0:0:0:0:0:0:0:0:0:0:0:0:0:0:8:1:1:0:0:0:0:0:0:0:0:0:0:0:2:0:0:0:0:0:0:0:0:0:0:0:0:0:0:0:0:0:0
mtfs-sentinel-dataset-v1,1,952,1398033974,1229212993,144830016,1060000,1,511,0,1,normal,136,Release,record,natural,natural,0,none,0,0,0,0,0,136,6,13,6,0,6,0,1303,217,10,17,10,0,10,0,20864,2086,2,0,2,0,2,0,14,7,0,0,0,0,0,0,0,15,1,0,0,0,0,0,0,0:0:0:0:0:0:0:0:4:2:0:0:0:0:0:0:0:0:0:0:0:0:0:0:0:0:0:0:0:0:0:0:0:8:2:0:0:0:0:0:0:0:0:0:0:0:0:2:0:0:0:0:0:0:0:0:0:0:0:0:0:0:0:0:0:0
mtfs-sentinel-dataset-v1,1,952,1398033974,1229212993,145900016,1070000,1,511,0,1,normal,137,Release,record,natural,natural,0,none,0,0,0,0,0,137,6,13,6,0,6,0,1251,208,10,17,10,0,10,0,22775,2277,2,0,2,0,2,0,13,6,0,0,0,0,0,0,0,15,1,0,0,0,0,0,0,0:0:0:0:0:0:0:0:4:2:0:0:0:0:0:0:0:0:0:0:0:0:0:0:0:0:0:0:0:0:0:0:1:6:2:1:0:0:0:0:0:0:0:0:0:0:0:2:0:0:0:0:0:0:0:0:0:0:0:0:0:0:0:0:0:0
mtfs-sentinel-dataset-v1,1,952,1398033974,1229212993,146960016,1060000,1,511,0,1,normal,138,Release,record,natural,natural,0,none,0,0,0,0,0,138,6,13,6,0,6,0,1454,242,10,17,10,0,10,0,19112,1911,2,0,2,0,2,0,13,6,0,0,0,0,0,0,0,15,1,0,0,0,0,0,0,0:0:0:0:0:0:0:0:3:3:0:0:0:0:0:0:0:0:0:0:0:0:0:0:0:0:0:0:0:0:0:0:1:8:1:0:0:0:0:0:0:0:0:0:0:0:0:2:0:0:0:0:0:0:0:0:0:0:0:0:0:0:0:0:0:0
mtfs-sentinel-dataset-v1,1,952,1398033974,1229212993,148020016,1060000,1,511,0,1,normal,139,Release,record,natural,natural,0,none,0,0,0,0,0,139,6,13,6,0,6,0,1244,207,10,17,10,0,10,0,19229,1922,2,0,2,0,2,0,14,7,0,0,0,0,0,0,0,15,1,0,0,0,0,0,0,0:0:0:0:0:0:0:0:5:1:0:0:0:0:0:0:0:0:0:0:0:0:0:0:0:0:0:0:0:0:0:0:0:9:1:0:0:0:0:0:0:0:0:0:0:0:0:2:0:0:0:0:0:0:0:0:0:0:0:0:0:0:0:0:0:0
mtfs-sentinel-dataset-v1,1,952,1398033974,1229212993,149080016,1060000,1,511,0,1,normal,140,Release,record,natural,natural,0,none,0,0,0,0,0,140,6,13,6,0,6,0,1303,217,10,17,10,0,10,0,18903,1890,2,0,2,0,2,0,14,7,0,0,0,0,0,0,0,15,1,0,0,0,0,0,0,0:0:0:0:0:0:0:0:4:2:0:0:0:0:0:0:0:0:0:0:0:0:0:0:0:0:0:0:0:0:0:0:0:9:1:0:0:0:0:0:0:0:0:0:0:0:0:2:0:0:0:0:0:0:0:0:0:0:0:0:0:0:0:0:0:0
mtfs-sentinel-dataset-v1,1,952,1398033974,1229212993,150140016,1060000,1,511,0,1,normal,141,Release,record,natural,natural,0,none,0,0,0,0,0,141,6,13,6,0,6,0,1252,208,10,17,10,0,10,0,19311,1931,2,0,2,0,2,0,14,7,0,0,0,0,0,0,0,15,1,0,0,0,0,0,0,0:0:0:0:0:0:0:0:4:2:0:0:0:0:0:0:0:0:0:0:0:0:0:0:0:0:0:0:0:0:0:0:1:7:2:0:0:0:0:0:0:0:0:0:0:0:0:2:0:0:0:0:0:0:0:0:0:0:0:0:0:0:0:0:0:0
mtfs-sentinel-dataset-v1,1,952,1398033974,1229212993,151200016,1060000,1,511,0,1,normal,142,Release,record,natural,natural,0,none,0,0,0,0,0,142,6,13,6,0,6,0,1454,242,10,17,10,0,10,0,18877,1887,2,0,2,0,2,0,14,7,0,0,0,0,0,0,0,15,1,0,0,0,0,0,0,0:0:0:0:0:0:0:0:3:3:0:0:0:0:0:0:0:0:0:0:0:0:0:0:0:0:0:0:0:0:0:0:1:8:1:0:0:0:0:0:0:0:0:0:0:0:0:2:0:0:0:0:0:0:0:0:0:0:0:0:0:0:0:0:0:0
mtfs-sentinel-dataset-v1,1,952,1398033974,1229212993,152260016,1060000,1,511,0,1,normal,143,Release,record,natural,natural,0,none,0,0,0,0,0,143,6,13,6,0,6,0,1244,207,10,17,10,0,10,0,19017,1901,2,0,2,0,2,0,14,7,0,0,0,0,0,0,0,15,1,0,0,0,0,0,0,0:0:0:0:0:0:0:0:5:1:0:0:0:0:0:0:0:0:0:0:0:0:0:0:0:0:0:0:0:0:0:0:0:9:1:0:0:0:0:0:0:0:0:0:0:0:0:2:0:0:0:0:0:0:0:0:0:0:0:0:0:0:0:0:0:0
mtfs-sentinel-dataset-v1,1,952,1398033974,1229212993,153320016,1060000,1,511,0,1,normal,144,Release,record,natural,natural,0,none,0,0,0,0,0,144,6,13,6,0,6,0,1287,214,10,17,10,0,10,0,20711,2071,2,0,2,0,2,0,13,6,0,0,0,0,0,0,0,15,1,0,0,0,0,0,0,0:0:0:0:0:0:0:0:4:2:0:0:0:0:0:0:0:0:0:0:0:0:0:0:0:0:0:0:0:0:0:0:0:8:2:0:0:0:0:0:0:0:0:0:0:0:0:2:0:0:0:0:0:0:0:0:0:0:0:0:0:0:0:0:0:0
mtfs-sentinel-dataset-v1,1,952,1398033974,1229212993,154380016,1060000,1,511,0,1,normal,145,Release,record,natural,natural,0,none,0,0,0,0,0,145,6,13,6,0,6,0,1252,208,10,17,10,0,10,0,19383,1938,2,0,2,0,2,0,14,7,0,0,0,0,0,0,0,15,1,0,0,0,0,0,0,0:0:0:0:0:0:0:0:4:2:0:0:0:0:0:0:0:0:0:0:0:0:0:0:0:0:0:0:0:0:0:0:1:7:2:0:0:0:0:0:0:0:0:0:0:0:0:2:0:0:0:0:0:0:0:0:0:0:0:0:0:0:0:0:0:0
mtfs-sentinel-dataset-v1,1,952,1398033974,1229212993,155450016,1070000,1,511,0,1,normal,146,Release,record,natural,natural,0,none,0,0,0,0,0,146,6,13,6,0,6,0,1453,242,10,17,10,0,10,0,23788,2378,2,0,2,0,2,0,12,6,0,0,0,0,0,0,0,15,1,0,0,0,0,0,0,0:0:0:0:0:0:0:0:3:3:0:0:0:0:0:0:0:0:0:0:0:0:0:0:0:0:0:0:0:0:0:0:1:7:1:1:0:0:0:0:0:0:0:0:0:0:0:2:0:0:0:0:0:0:0:0:0:0:0:0:0:0:0:0:0:0
mtfs-sentinel-dataset-v1,1,952,1398033974,1229212993,156510016,1060000,1,511,0,1,normal,147,Release,record,natural,natural,0,none,0,0,0,0,0,147,6,13,6,0,6,0,1240,206,10,17,10,0,10,0,19068,1906,2,0,2,0,2,0,14,7,0,0,0,0,0,0,0,15,1,0,0,0,0,0,0,0:0:0:0:0:0:0:0:5:1:0:0:0:0:0:0:0:0:0:0:0:0:0:0:0:0:0:0:0:0:0:0:0:9:1:0:0:0:0:0:0:0:0:0:0:0:0:2:0:0:0:0:0:0:0:0:0:0:0:0:0:0:0:0:0:0
mtfs-sentinel-dataset-v1,1,952,1398033974,1229212993,157580016,1070000,1,511,0,1,normal,148,Release,record,natural,natural,0,none,0,0,0,0,0,148,6,13,6,0,6,0,1303,217,10,17,10,0,10,0,22759,2275,2,0,2,0,2,0,13,6,0,0,0,0,0,0,0,15,1,0,0,0,0,0,0,0:0:0:0:0:0:0:0:4:2:0:0:0:0:0:0:0:0:0:0:0:0:0:0:0:0:0:0:0:0:0:0:0:8:1:1:0:0:0:0:0:0:0:0:0:0:0:2:0:0:0:0:0:0:0:0:0:0:0:0:0:0:0:0:0:0
mtfs-sentinel-dataset-v1,1,952,1398033974,1229212993,158640016,1060000,1,511,0,1,normal,149,Release,record,natural,natural,0,none,0,0,0,0,0,149,6,13,6,0,6,0,1253,208,10,17,10,0,10,0,19493,1949,2,0,2,0,2,0,13,6,0,0,0,0,0,0,0,15,1,0,0,0,0,0,0,0:0:0:0:0:0:0:0:4:2:0:0:0:0:0:0:0:0:0:0:0:0:0:0:0:0:0:0:0:0:0:0:1:7:2:0:0:0:0:0:0:0:0:0:0:0:0:2:0:0:0:0:0:0:0:0:0:0:0:0:0:0:0:0:0:0
mtfs-sentinel-dataset-v1,1,952,1398033974,1229212993,159700016,1060000,1,511,0,1,normal,150,Release,record,natural,natural,0,none,0,0,0,0,0,150,6,13,6,0,6,0,1453,242,10,17,10,0,10,0,19054,1905,2,0,2,0,2,0,14,7,0,0,0,0,0,0,0,15,1,0,0,0,0,0,0,0:0:0:0:0:0:0:0:3:3:0:0:0:0:0:0:0:0:0:0:0:0:0:0:0:0:0:0:0:0:0:0:1:8:1:0:0:0:0:0:0:0:0:0:0:0:0:2:0:0:0:0:0:0:0:0:0:0:0:0:0:0:0:0:0:0
mtfs-sentinel-dataset-v1,1,952,1398033974,1229212993,160770016,1070000,1,511,0,1,normal,151,Release,record,natural,natural,0,none,0,0,0,0,0,151,6,13,6,0,6,0,1241,206,10,17,10,0,10,0,22430,2243,2,0,2,0,2,0,14,7,0,0,0,0,0,0,0,15,1,0,0,0,0,0,0,0:0:0:0:0:0:0:0:5:1:0:0:0:0:0:0:0:0:0:0:0:0:0:0:0:0:0:0:0:0:0:0:0:8:1:1:0:0:0:0:0:0:0:0:0:0:0:2:0:0:0:0:0:0:0:0:0:0:0:0:0:0:0:0:0:0
mtfs-sentinel-dataset-v1,1,952,1398033974,1229212993,161830016,1060000,1,511,0,1,normal,152,Release,record,natural,natural,0,none,0,0,0,0,0,152,6,13,6,0,6,0,1304,217,10,17,10,0,10,0,20911,2091,2,0,2,0,2,0,13,6,0,0,0,0,0,0,0,15,1,0,0,0,0,0,0,0:0:0:0:0:0:0:0:4:2:0:0:0:0:0:0:0:0:0:0:0:0:0:0:0:0:0:0:0:0:0:0:0:8:2:0:0:0:0:0:0:0:0:0:0:0:0:2:0:0:0:0:0:0:0:0:0:0:0:0:0:0:0:0:0:0
mtfs-sentinel-dataset-v1,1,952,1398033974,1229212993,162890016,1060000,1,511,0,1,normal,153,Release,record,natural,natural,0,none,0,0,0,0,0,153,6,13,6,0,6,0,1252,208,10,17,10,0,10,0,19555,1955,2,0,2,0,2,0,14,7,0,0,0,0,0,0,0,15,1,0,0,0,0,0,0,0:0:0:0:0:0:0:0:4:2:0:0:0:0:0:0:0:0:0:0:0:0:0:0:0:0:0:0:0:0:0:0:1:7:2:0:0:0:0:0:0:0:0:0:0:0:0:2:0:0:0:0:0:0:0:0:0:0:0:0:0:0:0:0:0:0
mtfs-sentinel-dataset-v1,1,952,1398033974,1229212993,163950016,1060000,1,511,0,1,normal,154,Release,record,natural,natural,0,none,0,0,0,0,0,154,6,13,6,0,6,0,1453,242,10,17,10,0,10,0,18877,1887,2,0,2,0,2,0,12,6,0,0,0,0,0,0,0,15,1,0,0,0,0,0,0,0:0:0:0:0:0:0:0:3:3:0:0:0:0:0:0:0:0:0:0:0:0:0:0:0:0:0:0:0:0:0:0:1:8:1:0:0:0:0:0:0:0:0:0:0:0:0:2:0:0:0:0:0:0:0:0:0:0:0:0:0:0:0:0:0:0
mtfs-sentinel-dataset-v1,1,952,1398033974,1229212993,165010016,1060000,1,511,0,1,normal,155,Release,record,natural,natural,0,none,0,0,0,0,0,155,6,13,6,0,6,0,1239,206,10,17,10,0,10,0,18933,1893,2,0,2,0,2,0,14,7,0,0,0,0,0,0,0,15,1,0,0,0,0,0,0,0:0:0:0:0:0:0:0:5:1:0:0:0:0:0:0:0:0:0:0:0:0:0:0:0:0:0:0:0:0:0:0:0:9:1:0:0:0:0:0:0:0:0:0:0:0:0:2:0:0:0:0:0:0:0:0:0:0:0:0:0:0:0:0:0:0
mtfs-sentinel-dataset-v1,1,952,1398033974,1229212993,166070016,1060000,1,511,0,1,normal,156,Release,record,natural,natural,0,none,0,0,0,0,0,156,6,13,6,0,6,0,1302,217,10,17,10,0,10,0,18909,1890,2,0,2,0,2,0,14,7,0,0,0,0,0,0,0,15,1,0,0,0,0,0,0,0:0:0:0:0:0:0:0:4:2:0:0:0:0:0:0:0:0:0:0:0:0:0:0:0:0:0:0:0:0:0:0:0:9:1:0:0:0:0:0:0:0:0:0:0:0:0:2:0:0:0:0:0:0:0:0:0:0:0:0:0:0:0:0:0:0
mtfs-sentinel-dataset-v1,1,952,1398033974,1229212993,167130016,1060000,1,511,0,1,normal,157,Release,record,natural,natural,0,none,0,0,0,0,0,157,6,13,6,0,6,0,1251,208,10,17,10,0,10,0,19328,1932,2,0,2,0,2,0,13,6,0,0,0,0,0,0,0,15,1,0,0,0,0,0,0,0:0:0:0:0:0:0:0:4:2:0:0:0:0:0:0:0:0:0:0:0:0:0:0:0:0:0:0:0:0:0:0:1:7:2:0:0:0:0:0:0:0:0:0:0:0:0:2:0:0:0:0:0:0:0:0:0:0:0:0:0:0:0:0:0:0
mtfs-sentinel-dataset-v1,1,952,1398033974,1229212993,168190016,1060000,1,511,0,1,normal,158,Release,record,natural,natural,0,none,0,0,0,0,0,158,6,13,6,0,6,0,1452,242,10,17,10,0,10,0,18898,1889,2,0,2,0,2,0,14,7,0,0,0,0,0,0,0,15,1,0,0,0,0,0,0,0:0:0:0:0:0:0:0:3:3:0:0:0:0:0:0:0:0:0:0:0:0:0:0:0:0:0:0:0:0:0:0:1:8:1:0:0:0:0:0:0:0:0:0:0:0:0:2:0:0:0:0:0:0:0:0:0:0:0:0:0:0:0:0:0:0
mtfs-sentinel-dataset-v1,1,952,1398033974,1229212993,169250016,1060000,1,511,0,1,normal,159,Release,record,natural,natural,0,none,0,0,0,0,0,159,6,13,6,0,6,0,1241,206,10,17,10,0,10,0,19040,1904,2,0,2,0,2,0,14,7,0,0,0,0,0,0,0,15,1,0,0,0,0,0,0,0:0:0:0:0:0:0:0:5:1:0:0:0:0:0:0:0:0:0:0:0:0:0:0:0:0:0:0:0:0:0:0:0:9:1:0:0:0:0:0:0:0:0:0:0:0:0:2:0:0:0:0:0:0:0:0:0:0:0:0:0:0:0:0:0:0
mtfs-sentinel-dataset-v1,1,952,1398033974,1229212993,170320016,1070000,1,511,0,1,normal,160,Release,record,natural,natural,0,none,0,0,0,0,0,160,6,13,6,0,6,0,1288,214,10,17,10,0,10,0,28767,2876,2,0,2,0,2,0,14,7,0,0,0,0,0,0,0,15,1,0,0,0,0,0,0,0:0:0:0:0:0:0:0:4:2:0:0:0:0:0:0:0:0:0:0:0:0:0:0:0:0:0:0:0:0:0:0:0:6:2:2:0:0:0:0:0:0:0:0:0:0:0:2:0:0:0:0:0:0:0:0:0:0:0:0:0:0:0:0:0:0
mtfs-sentinel-dataset-v1,1,952,1398033974,1229212993,171380016,1060000,1,511,0,1,normal,161,Release,record,natural,natural,0,none,0,0,0,0,0,161,6,13,6,0,6,0,1250,208,10,17,10,0,10,0,19435,1943,2,0,2,0,2,0,13,6,0,0,0,0,0,0,0,15,1,0,0,0,0,0,0,0:0:0:0:0:0:0:0:4:2:0:0:0:0:0:0:0:0:0:0:0:0:0:0:0:0:0:0:0:0:0:0:1:7:2:0:0:0:0:0:0:0:0:0:0:0:0:2:0:0:0:0:0:0:0:0:0:0:0:0:0:0:0:0:0:0
mtfs-sentinel-dataset-v1,1,952,1398033974,1229212993,172440016,1060000,1,511,0,1,normal,162,Release,record,natural,natural,0,none,0,0,0,0,0,162,6,13,6,0,6,0,1454,242,10,17,10,0,10,0,19019,1901,2,0,2,0,2,0,13,6,0,0,0,0,0,0,0,15,1,0,0,0,0,0,0,0:0:0:0:0:0:0:0:3:3:0:0:0:0:0:0:0:0:0:0:0:0:0:0:0:0:0:0:0:0:0:0:1:8:1:0:0:0:0:0:0:0:0:0:0:0:0:2:0:0:0:0:0:0:0:0:0:0:0:0:0:0:0:0:0:0
mtfs-sentinel-dataset-v1,1,952,1398033974,1229212993,173500016,1060000,1,511,0,1,normal,163,Release,record,natural,natural,0,none,0,0,0,0,0,163,6,13,6,0,6,0,1241,206,10,17,10,0,10,0,19120,1912,2,0,2,0,2,0,14,7,0,0,0,0,0,0,0,15,1,0,0,0,0,0,0,0:0:0:0:0:0:0:0:5:1:0:0:0:0:0:0:0:0:0:0:0:0:0:0:0:0:0:0:0:0:0:0:0:9:1:0:0:0:0:0:0:0:0:0:0:0:0:2:0:0:0:0:0:0:0:0:0:0:0:0:0:0:0:0:0:0
mtfs-sentinel-dataset-v1,1,952,1398033974,1229212993,174560016,1060000,1,511,0,1,normal,164,Release,record,natural,natural,0,none,0,0,0,0,0,164,6,13,6,0,6,0,1302,217,10,17,10,0,10,0,19119,1911,2,0,2,0,2,0,13,6,0,0,0,0,0,0,0,15,1,0,0,0,0,0,0,0:0:0:0:0:0:0:0:4:2:0:0:0:0:0:0:0:0:0:0:0:0:0:0:0:0:0:0:0:0:0:0:0:9:1:0:0:0:0:0:0:0:0:0:0:0:0:2:0:0:0:0:0:0:0:0:0:0:0:0:0:0:0:0:0:0
mtfs-sentinel-dataset-v1,1,952,1398033974,1229212993,175630016,1070000,1,511,0,1,normal,165,Release,record,natural,natural,0,none,0,0,0,0,0,165,6,13,6,0,6,0,1252,208,10,17,10,0,10,0,22773,2277,2,0,2,0,2,0,14,7,0,0,0,0,0,0,0,15,1,0,0,0,0,0,0,0:0:0:0:0:0:0:0:4:2:0:0:0:0:0:0:0:0:0:0:0:0:0:0:0:0:0:0:0:0:0:0:1:7:1:1:0:0:0:0:0:0:0:0:0:0:0:2:0:0:0:0:0:0:0:0:0:0:0:0:0:0:0:0:0:0
mtfs-sentinel-dataset-v1,1,952,1398033974,1229212993,176690016,1060000,1,511,0,1,normal,166,Release,record,natural,natural,0,none,0,0,0,0,0,166,6,13,6,0,6,0,1454,242,10,17,10,0,10,0,19078,1907,2,0,2,0,2,0,13,6,0,0,0,0,0,0,0,15,1,0,0,0,0,0,0,0:0:0:0:0:0:0:0:3:3:0:0:0:0:0:0:0:0:0:0:0:0:0:0:0:0:0:0:0:0:0:0:1:8:1:0:0:0:0:0:0:0:0:0:0:0:0:2:0:0:0:0:0:0:0:0:0:0:0:0:0:0:0:0:0:0
mtfs-sentinel-dataset-v1,1,952,1398033974,1229212993,177750016,1060000,1,511,0,1,normal,167,Release,record,natural,natural,0,none,0,0,0,0,0,167,6,13,6,0,6,0,1241,206,10,17,10,0,10,0,19228,1922,2,0,2,0,2,0,14,7,0,0,0,0,0,0,0,15,1,0,0,0,0,0,0,0:0:0:0:0:0:0:0:5:1:0:0:0:0:0:0:0:0:0:0:0:0:0:0:0:0:0:0:0:0:0:0:0:9:1:0:0:0:0:0:0:0:0:0:0:0:0:2:0:0:0:0:0:0:0:0:0:0:0:0:0:0:0:0:0:0
mtfs-sentinel-dataset-v1,1,952,1398033974,1229212993,178810016,1060000,1,511,0,1,normal,168,Release,record,natural,natural,0,none,0,0,0,0,0,168,6,13,6,0,6,0,1289,214,10,17,10,0,10,0,20762,2076,2,0,2,0,2,0,13,6,0,0,0,0,0,0,0,15,1,0,0,0,0,0,0,0:0:0:0:0:0:0:0:4:2:0:0:0:0:0:0:0:0:0:0:0:0:0:0:0:0:0:0:0:0:0:0:0:8:2:0:0:0:0:0:0:0:0:0:0:0:0:2:0:0:0:0:0:0:0:0:0:0:0:0:0:0:0:0:0:0
mtfs-sentinel-dataset-v1,1,952,1398033974,1229212993,179870016,1060000,1,511,0,1,normal,169,Release,record,natural,natural,0,none,0,0,0,0,0,169,6,13,6,0,6,0,1252,208,10,17,10,0,10,0,19295,1929,2,0,2,0,2,0,14,7,0,0,0,0,0,0,0,15,1,0,0,0,0,0,0,0:0:0:0:0:0:0:0:4:2:0:0:0:0:0:0:0:0:0:0:0:0:0:0:0:0:0:0:0:0:0:0:1:7:2:0:0:0:0:0:0:0:0:0:0:0:0:2:0:0:0:0:0:0:0:0:0:0:0:0:0:0:0:0:0:0
mtfs-sentinel-dataset-v1,1,952,1398033974,1229212993,180930016,1060000,1,511,0,1,normal,170,Release,record,natural,natural,0,none,0,0,0,0,0,170,6,13,6,0,6,0,1455,242,10,17,10,0,10,0,18891,1889,2,0,2,0,2,0,14,7,0,0,0,0,0,0,0,15,1,0,0,0,0,0,0,0:0:0:0:0:0:0:0:3:3:0:0:0:0:0:0:0:0:0:0:0:0:0:0:0:0:0:0:0:0:0:0:1:8:1:0:0:0:0:0:0:0:0:0:0:0:0:2:0:0:0:0:0:0:0:0:0:0:0:0:0:0:0:0:0:0
mtfs-sentinel-dataset-v1,1,952,1398033974,1229212993,181990016,1060000,1,511,0,1,normal,171,Release,record,natural,natural,0,none,0,0,0,0,0,171,6,13,6,0,6,0,1241,206,10,17,10,0,10,0,18999,1899,2,0,2,0,2,0,14,7,0,0,0,0,0,0,0,15,1,0,0,0,0,0,0,0:0:0:0:0:0:0:0:5:1:0:0:0:0:0:0:0:0:0:0:0:0:0:0:0:0:0:0:0:0:0:0:0:9:1:0:0:0:0:0:0:0:0:0:0:0:0:2:0:0:0:0:0:0:0:0:0:0:0:0:0:0:0:0:0:0
mtfs-sentinel-dataset-v1,1,952,1398033974,1229212993,183050016,1060000,1,511,0,1,normal,172,Release,record,natural,natural,0,none,0,0,0,0,0,172,6,13,6,0,6,0,1304,217,10,17,10,0,10,0,18986,1898,2,0,2,0,2,0,14,7,0,0,0,0,0,0,0,15,1,0,0,0,0,0,0,0:0:0:0:0:0:0:0:4:2:0:0:0:0:0:0:0:0:0:0:0:0:0:0:0:0:0:0:0:0:0:0:0:9:1:0:0:0:0:0:0:0:0:0:0:0:0:2:0:0:0:0:0:0:0:0:0:0:0:0:0:0:0:0:0:0
mtfs-sentinel-dataset-v1,1,952,1398033974,1229212993,184120016,1070000,1,511,0,1,normal,173,Release,record,natural,natural,0,none,0,0,0,0,0,173,6,13,6,0,6,0,1251,208,10,17,10,0,10,0,23042,2304,2,0,2,0,2,0,13,6,0,0,0,0,0,0,0,15,1,0,0,0,0,0,0,0:0:0:0:0:0:0:0:4:2:0:0:0:0:0:0:0:0:0:0:0:0:0:0:0:0:0:0:0:0:0:0:1:6:2:1:0:0:0:0:0:0:0:0:0:0:0:2:0:0:0:0:0:0:0:0:0:0:0:0:0:0:0:0:0:0
mtfs-sentinel-dataset-v1,1,952,1398033974,1229212993,185190016,1070000,1,511,0,1,normal,174,Release,record,natural,natural,0,none,0,0,0,0,0,174,6,13,6,0,6,0,1456,242,10,17,10,0,10,0,23800,2380,2,0,2,0,2,0,13,6,0,0,0,0,0,0,0,15,1,0,0,0,0,0,0,0:0:0:0:0:0:0:0:3:3:0:0:0:0:0:0:0:0:0:0:0:0:0:0:0:0:0:0:0:0:0:0:1:8:0:1:0:0:0:0:0:0:0:0:0:0:0:2:0:0:0:0:0:0:0:0:0:0:0:0:0:0:0:0:0:0
mtfs-sentinel-dataset-v1,1,952,1398033974,1229212993,186250016,1060000,1,511,0,1,normal,175,Release,record,natural,natural,0,none,0,0,0,0,0,175,6,13,6,0,6,0,1241,206,10,17,10,0,10,0,19089,1908,2,0,2,0,2,0,14,7,0,0,0,0,0,0,0,15,1,0,0,0,0,0,0,0:0:0:0:0:0:0:0:5:1:0:0:0:0:0:0:0:0:0:0:0:0:0:0:0:0:0:0:0:0:0:0:0:9:1:0:0:0:0:0:0:0:0:0:0:0:0:2:0:0:0:0:0:0:0:0:0:0:0:0:0:0:0:0:0:0
mtfs-sentinel-dataset-v1,1,952,1398033974,1229212993,187310016,1060000,1,511,0,1,normal,176,Release,record,natural,natural,0,none,0,0,0,0,0,176,6,13,6,0,6,0,1289,214,10,17,10,0,10,0,20793,2079,2,0,2,0,2,0,14,7,0,0,0,0,0,0,0,15,1,0,0,0,0,0,0,0:0:0:0:0:0:0:0:4:2:0:0:0:0:0:0:0:0:0:0:0:0:0:0:0:0:0:0:0:0:0:0:0:8:2:0:0:0:0:0:0:0:0:0:0:0:0:2:0:0:0:0:0:0:0:0:0:0:0:0:0:0:0:0:0:0
mtfs-sentinel-dataset-v1,1,952,1398033974,1229212993,188370016,1060000,1,511,0,1,normal,177,Release,record,natural,natural,0,none,0,0,0,0,0,177,6,13,6,0,6,0,1251,208,10,17,10,0,10,0,19472,1947,2,0,2,0,2,0,14,7,0,0,0,0,0,0,0,15,1,0,0,0,0,0,0,0:0:0:0:0:0:0:0:4:2:0:0:0:0:0:0:0:0:0:0:0:0:0:0:0:0:0:0:0:0:0:0:1:7:2:0:0:0:0:0:0:0:0:0:0:0:0:2:0:0:0:0:0:0:0:0:0:0:0:0:0:0:0:0:0:0
mtfs-sentinel-dataset-v1,1,952,1398033974,1229212993,189430016,1060000,1,511,0,1,normal,178,Release,record,natural,natural,0,none,0,0,0,0,0,178,6,13,6,0,6,0,1452,242,10,17,10,0,10,0,19038,1903,2,0,2,0,2,0,14,7,0,0,0,0,0,0,0,15,1,0,0,0,0,0,0,0:0:0:0:0:0:0:0:3:3:0:0:0:0:0:0:0:0:0:0:0:0:0:0:0:0:0:0:0:0:0:0:1:8:1:0:0:0:0:0:0:0:0:0:0:0:0:2:0:0:0:0:0:0:0:0:0:0:0:0:0:0:0:0:0:0
mtfs-sentinel-dataset-v1,1,952,1398033974,1229212993,190490016,1060000,1,511,0,1,normal,179,Release,record,natural,natural,0,none,0,0,0,0,0,179,6,13,6,0,6,0,1241,206,10,17,10,0,10,0,19155,1915,2,0,2,0,2,0,14,7,0,0,0,0,0,0,0,15,1,0,0,0,0,0,0,0:0:0:0:0:0:0:0:5:1:0:0:0:0:0:0:0:0:0:0:0:0:0:0:0:0:0:0:0:0:0:0:0:9:1:0:0:0:0:0:0:0:0:0:0:0:0:2:0:0:0:0:0:0:0:0:0:0:0:0:0:0:0:0:0:0
mtfs-sentinel-dataset-v1,1,952,1398033974,1229212993,191560016,1070000,1,511,0,1,normal,180,Release,record,natural,natural,0,none,0,0,0,0,0,180,6,13,6,0,6,0,1302,217,10,17,10,0,10,0,22392,2239,2,0,2,0,2,0,13,6,0,0,0,0,0,0,0,15,1,0,0,0,0,0,0,0:0:0:0:0:0:0:0:4:2:0:0:0:0:0:0:0:0:0:0:0:0:0:0:0:0:0:0:0:0:0:0:0:8:1:1:0:0:0:0:0:0:0:0:0:0:0:2:0:0:0:0:0:0:0:0:0:0:0:0:0:0:0:0:0:0
mtfs-sentinel-dataset-v1,1,952,1398033974,1229212993,192630016,1070000,1,511,0,1,normal,181,Release,record,natural,natural,0,none,0,0,0,0,0,181,6,13,6,0,6,0,1251,208,10,17,10,0,10,0,24055,2405,2,0,2,0,2,0,14,7,0,0,0,0,0,0,0,15,1,0,0,0,0,0,0,0:0:0:0:0:0:0:0:4:2:0:0:0:0:0:0:0:0:0:0:0:0:0:0:0:0:0:0:0:0:0:0:0:7:2:1:0:0:0:0:0:0:0:0:0:0:0:2:0:0:0:0:0:0:0:0:0:0:0:0:0:0:0:0:0:0
mtfs-sentinel-dataset-v1,1,952,1398033974,1229212993,193690016,1060000,1,511,0,1,normal,182,Release,record,natural,natural,0,none,0,0,0,0,0,182,6,13,6,0,6,0,1454,242,10,17,10,0,10,0,19010,1901,2,0,2,0,2,0,14,7,0,0,0,0,0,0,0,15,1,0,0,0,0,0,0,0:0:0:0:0:0:0:0:3:3:0:0:0:0:0:0:0:0:0:0:0:0:0:0:0:0:0:0:0:0:0:0:1:8:1:0:0:0:0:0:0:0:0:0:0:0:0:2:0:0:0:0:0:0:0:0:0:0:0:0:0:0:0:0:0:0
mtfs-sentinel-dataset-v1,1,952,1398033974,1229212993,194750016,1060000,1,511,0,1,normal,183,Release,record,natural,natural,0,none,0,0,0,0,0,183,6,13,6,0,6,0,1241,206,10,17,10,0,10,0,18955,1895,2,0,2,0,2,0,13,6,0,0,0,0,0,0,0,15,1,0,0,0,0,0,0,0:0:0:0:0:0:0:0:5:1:0:0:0:0:0:0:0:0:0:0:0:0:0:0:0:0:0:0:0:0:0:0:0:9:1:0:0:0:0:0:0:0:0:0:0:0:0:2:0:0:0:0:0:0:0:0:0:0:0:0:0:0:0:0:0:0
mtfs-sentinel-dataset-v1,1,952,1398033974,1229212993,195810016,1060000,1,511,0,1,normal,184,Release,record,natural,natural,0,none,0,0,0,0,0,184,6,13,6,0,6,0,1290,215,10,17,10,0,10,0,20707,2070,2,0,2,0,2,0,14,7,0,0,0,0,0,0,0,15,1,0,0,0,0,0,0,0:0:0:0:0:0:0:0:4:2:0:0:0:0:0:0:0:0:0:0:0:0:0:0:0:0:0:0:0:0:0:0:0:8:2:0:0:0:0:0:0:0:0:0:0:0:0:2:0:0:0:0:0:0:0:0:0:0:0:0:0:0:0:0:0:0
mtfs-sentinel-dataset-v1,1,952,1398033974,1229212993,196880016,1070000,1,511,0,1,normal,185,Release,record,natural,natural,0,none,0,0,0,0,0,185,6,13,6,0,6,0,1252,208,10,17,10,0,10,0,22522,2252,2,0,2,0,2,0,14,7,0,0,0,0,0,0,0,15,1,0,0,0,0,0,0,0:0:0:0:0:0:0:0:4:2:0:0:0:0:0:0:0:0:0:0:0:0:0:0:0:0:0:0:0:0:0:0:1:6:2:1:0:0:0:0:0:0:0:0:0:0:0:2:0:0:0:0:0:0:0:0:0:0:0:0:0:0:0:0:0:0
mtfs-sentinel-dataset-v1,1,952,1398033974,1229212993,197940016,1060000,1,511,0,1,normal,186,Release,record,natural,natural,0,none,0,0,0,0,0,186,6,13,6,0,6,0,1451,241,10,17,10,0,10,0,18883,1888,2,0,2,0,2,0,14,7,0,0,0,0,0,0,0,15,1,0,0,0,0,0,0,0:0:0:0:0:0:0:0:3:3:0:0:0:0:0:0:0:0:0:0:0:0:0:0:0:0:0:0:0:0:0:0:1:8:1:0:0:0:0:0:0:0:0:0:0:0:0:2:0:0:0:0:0:0:0:0:0:0:0:0:0:0:0:0:0:0
mtfs-sentinel-dataset-v1,1,952,1398033974,1229212993,199000016,1060000,1,511,0,1,normal,187,Release,record,natural,natural,0,none,0,0,0,0,0,187,6,13,6,0,6,0,1241,206,10,17,10,0,10,0,19000,1900,2,0,2,0,2,0,13,6,0,0,0,0,0,0,0,15,1,0,0,0,0,0,0,0:0:0:0:0:0:0:0:5:1:0:0:0:0:0:0:0:0:0:0:0:0:0:0:0:0:0:0:0:0:0:0:0:9:1:0:0:0:0:0:0:0:0:0:0:0:0:2:0:0:0:0:0:0:0:0:0:0:0:0:0:0:0:0:0:0
mtfs-sentinel-dataset-v1,1,952,1398033974,1229212993,200070016,1070000,1,511,0,1,normal,188,Release,record,natural,natural,0,none,0,0,0,0,0,188,6,13,6,0,6,0,1302,217,10,17,10,0,10,0,23834,2383,2,0,2,0,2,0,14,7,0,0,0,0,0,0,0,15,1,0,0,0,0,0,0,0:0:0:0:0:0:0:0:4:2:0:0:0:0:0:0:0:0:0:0:0:0:0:0:0:0:0:0:0:0:0:0:0:8:1:1:0:0:0:0:0:0:0:0:0:0:0:2:0:0:0:0:0:0:0:0:0:0:0:0:0:0:0:0:0:0
mtfs-sentinel-dataset-v1,1,952,1398033974,1229212993,201130016,1060000,1,511,0,1,normal,189,Release,record,natural,natural,0,none,0,0,0,0,0,189,6,13,6,0,6,0,1251,208,10,17,10,0,10,0,19408,1940,2,0,2,0,2,0,13,6,0,0,0,0,0,0,0,15,1,0,0,0,0,0,0,0:0:0:0:0:0:0:0:4:2:0:0:0:0:0:0:0:0:0:0:0:0:0:0:0:0:0:0:0:0:0:0:1:7:2:0:0:0:0:0:0:0:0:0:0:0:0:2:0:0:0:0:0:0:0:0:0:0:0:0:0:0:0:0:0:0
mtfs-sentinel-dataset-v1,1,952,1398033974,1229212993,202190016,1060000,1,511,0,1,normal,190,Release,record,natural,natural,0,none,0,0,0,0,0,190,6,13,6,0,6,0,1451,241,10,17,10,0,10,0,18972,1897,2,0,2,0,2,0,14,7,0,0,0,0,0,0,0,15,1,0,0,0,0,0,0,0:0:0:0:0:0:0:0:3:3:0:0:0:0:0:0:0:0:0:0:0:0:0:0:0:0:0:0:0:0:0:0:1:8:1:0:0:0:0:0:0:0:0:0:0:0:0:2:0:0:0:0:0:0:0:0:0:0:0:0:0:0:0:0:0:0
mtfs-sentinel-dataset-v1,1,952,1398033974,1229212993,203250016,1060000,1,511,0,1,normal,191,Release,record,natural,natural,0,none,0,0,0,0,0,191,6,13,6,0,6,0,1242,207,10,17,10,0,10,0,19112,1911,2,0,2,0,2,0,14,7,0,0,0,0,0,0,0,15,1,0,0,0,0,0,0,0:0:0:0:0:0:0:0:5:1:0:0:0:0:0:0:0:0:0:0:0:0:0:0:0:0:0:0:0:0:0:0:0:9:1:0:0:0:0:0:0:0:0:0:0:0:0:2:0:0:0:0:0:0:0:0:0:0:0:0:0:0:0:0:0:0
mtfs-sentinel-dataset-v1,1,952,1398033974,1229212993,204310016,1060000,1,511,0,1,normal,192,Release,record,natural,natural,0,none,0,0,0,0,0,192,6,13,6,0,6,0,1287,214,10,17,10,0,10,0,20791,2079,2,0,2,0,2,0,14,7,0,0,0,0,0,0,0,15,1,0,0,0,0,0,0,0:0:0:0:0:0:0:0:4:2:0:0:0:0:0:0:0:0:0:0:0:0:0:0:0:0:0:0:0:0:0:0:0:8:2:0:0:0:0:0:0:0:0:0:0:0:0:2:0:0:0:0:0:0:0:0:0:0:0:0:0:0:0:0:0:0
mtfs-sentinel-dataset-v1,1,952,1398033974,1229212993,205370016,1060000,1,511,0,1,normal,193,Release,record,natural,natural,0,none,0,0,0,0,0,193,6,13,6,0,6,0,1252,208,10,17,10,0,10,0,19501,1950,2,0,2,0,2,0,14,7,0,0,0,0,0,0,0,15,1,0,0,0,0,0,0,0:0:0:0:0:0:0:0:4:2:0:0:0:0:0:0:0:0:0:0:0:0:0:0:0:0:0:0:0:0:0:0:1:7:2:0:0:0:0:0:0:0:0:0:0:0:0:2:0:0:0:0:0:0:0:0:0:0:0:0:0:0:0:0:0:0
mtfs-sentinel-dataset-v1,1,952,1398033974,1229212993,206440016,1070000,1,511,0,1,normal,194,Release,record,natural,natural,0,none,0,0,0,0,0,194,6,13,6,0,6,0,1455,242,10,17,10,0,10,0,22335,2233,2,0,2,0,2,0,13,6,0,0,0,0,0,0,0,15,1,0,0,0,0,0,0,0:0:0:0:0:0:0:0:3:3:0:0:0:0:0:0:0:0:0:0:0:0:0:0:0:0:0:0:0:0:0:0:1:7:1:1:0:0:0:0:0:0:0:0:0:0:0:2:0:0:0:0:0:0:0:0:0:0:0:0:0:0:0:0:0:0
mtfs-sentinel-dataset-v1,1,952,1398033974,1229212993,207500016,1060000,1,511,0,1,normal,195,Release,record,natural,natural,0,none,0,0,0,0,0,195,6,13,6,0,6,0,1240,206,10,17,10,0,10,0,19181,1918,2,0,2,0,2,0,14,7,0,0,0,0,0,0,0,15,1,0,0,0,0,0,0,0:0:0:0:0:0:0:0:5:1:0:0:0:0:0:0:0:0:0:0:0:0:0:0:0:0:0:0:0:0:0:0:0:9:1:0:0:0:0:0:0:0:0:0:0:0:0:2:0:0:0:0:0:0:0:0:0:0:0:0:0:0:0:0:0:0
mtfs-sentinel-dataset-v1,1,952,1398033974,1229212993,208560016,1060000,1,511,0,1,normal,196,Release,record,natural,natural,0,none,0,0,0,0,0,196,6,13,6,0,6,0,1303,217,10,17,10,0,10,0,19145,1914,2,0,2,0,2,0,14,7,0,0,0,0,0,0,0,15,1,0,0,0,0,0,0,0:0:0:0:0:0:0:0:4:2:0:0:0:0:0:0:0:0:0:0:0:0:0:0:0:0:0:0:0:0:0:0:0:9:1:0:0:0:0:0:0:0:0:0:0:0:0:2:0:0:0:0:0:0:0:0:0:0:0:0:0:0:0:0:0:0
mtfs-sentinel-dataset-v1,1,952,1398033974,1229212993,209620016,1060000,1,511,0,1,normal,197,Release,record,natural,natural,0,none,0,0,0,0,0,197,6,13,6,0,6,0,1252,208,10,17,10,0,10,0,19293,1929,2,0,2,0,2,0,14,7,0,0,0,0,0,0,0,15,1,0,0,0,0,0,0,0:0:0:0:0:0:0:0:4:2:0:0:0:0:0:0:0:0:0:0:0:0:0:0:0:0:0:0:0:0:0:0:1:7:2:0:0:0:0:0:0:0:0:0:0:0:0:2:0:0:0:0:0:0:0:0:0:0:0:0:0:0:0:0:0:0
mtfs-sentinel-dataset-v1,1,952,1398033974,1229212993,210690016,1070000,1,511,0,1,normal,198,Release,record,natural,natural,0,none,0,0,0,0,0,198,6,13,6,0,6,0,1454,242,10,17,10,0,10,0,22511,2251,2,0,2,0,2,0,14,7,0,0,0,0,0,0,0,15,1,0,0,0,0,0,0,0:0:0:0:0:0:0:0:3:3:0:0:0:0:0:0:0:0:0:0:0:0:0:0:0:0:0:0:0:0:0:0:1:7:1:1:0:0:0:0:0:0:0:0:0:0:0:2:0:0:0:0:0:0:0:0:0:0:0:0:0:0:0:0:0:0
mtfs-sentinel-dataset-v1,1,952,1398033974,1229212993,211750016,1060000,1,511,0,1,normal,199,Release,record,natural,natural,0,none,0,0,0,0,0,199,6,13,6,0,6,0,1241,206,10,17,10,0,10,0,18995,1899,2,0,2,0,2,0,14,7,0,0,0,0,0,0,0,15,1,0,0,0,0,0,0,0:0:0:0:0:0:0:0:5:1:0:0:0:0:0:0:0:0:0:0:0:0:0:0:0:0:0:0:0:0:0:0:0:9:1:0:0:0:0:0:0:0:0:0:0:0:0:2:0:0:0:0:0:0:0:0:0:0:0:0:0:0:0:0:0:0
mtfs-sentinel-dataset-v1,1,952,1398033974,1229212993,212810016,1060000,1,511,0,1,normal,200,Release,record,natural,natural,0,none,0,0,0,0,0,200,6,13,6,0,6,0,1288,214,10,17,10,0,10,0,20737,2073,2,0,2,0,2,0,14,7,0,0,0,0,0,0,0,15,1,0,0,0,0,0,0,0:0:0:0:0:0:0:0:4:2:0:0:0:0:0:0:0:0:0:0:0:0:0:0:0:0:0:0:0:0:0:0:0:8:2:0:0:0:0:0:0:0:0:0:0:0:0:2:0:0:0:0:0:0:0:0:0:0:0:0:0:0:0:0:0:0
mtfs-sentinel-dataset-v1,1,952,1398033974,1229212993,213870016,1060000,1,511,0,1,normal,201,Release,record,natural,natural,0,none,0,0,0,0,0,201,6,13,6,0,6,0,1251,208,10,17,10,0,10,0,19361,1936,2,0,2,0,2,0,14,7,0,0,0,0,0,0,0,15,1,0,0,0,0,0,0,0:0:0:0:0:0:0:0:4:2:0:0:0:0:0:0:0:0:0:0:0:0:0:0:0:0:0:0:0:0:0:0:1:7:2:0:0:0:0:0:0:0:0:0:0:0:0:2:0:0:0:0:0:0:0:0:0:0:0:0:0:0:0:0:0:0
mtfs-sentinel-dataset-v1,1,952,1398033974,1229212993,214940016,1070000,1,511,0,1,normal,202,Release,record,natural,natural,0,none,0,0,0,0,0,202,6,13,6,0,6,0,1451,241,10,17,10,0,10,0,23754,2375,2,0,2,0,2,0,13,6,0,0,0,0,0,0,0,15,1,0,0,0,0,0,0,0:0:0:0:0:0:0:0:3:3:0:0:0:0:0:0:0:0:0:0:0:0:0:0:0:0:0:0:0:0:0:0:1:7:1:1:0:0:0:0:0:0:0:0:0:0:0:2:0:0:0:0:0:0:0:0:0:0:0:0:0:0:0:0:0:0
mtfs-sentinel-dataset-v1,1,952,1398033974,1229212993,216000016,1060000,1,511,0,1,normal,203,Release,record,natural,natural,0,none,0,0,0,0,0,203,6,13,6,0,6,0,1242,207,10,17,10,0,10,0,19045,1904,2,0,2,0,2,0,13,6,0,0,0,0,0,0,0,15,1,0,0,0,0,0,0,0:0:0:0:0:0:0:0:5:1:0:0:0:0:0:0:0:0:0:0:0:0:0:0:0:0:0:0:0:0:0:0:0:9:1:0:0:0:0:0:0:0:0:0:0:0:0:2:0:0:0:0:0:0:0:0:0:0:0:0:0:0:0:0:0:0
mtfs-sentinel-dataset-v1,1,952,1398033974,1229212993,217060016,1060000,1,511,0,1,normal,204,Release,record,natural,natural,0,none,0,0,0,0,0,204,6,13,6,0,6,0,1301,216,10,17,10,0,10,0,19042,1904,2,0,2,0,2,0,13,6,0,0,0,0,0,0,0,15,1,0,0,0,0,0,0,0:0:0:0:0:0:0:0:4:2:0:0:0:0:0:0:0:0:0:0:0:0:0:0:0:0:0:0:0:0:0:0:0:9:1:0:0:0:0:0:0:0:0:0:0:0:0:2:0:0:0:0:0:0:0:0:0:0:0:0:0:0:0:0:0:0
mtfs-sentinel-dataset-v1,1,952,1398033974,1229212993,218120016,1060000,1,511,0,1,normal,205,Release,record,natural,natural,0,none,0,0,0,0,0,205,6,13,6,0,6,0,1251,208,10,17,10,0,10,0,19445,1944,2,0,2,0,2,0,14,7,0,0,0,0,0,0,0,15,1,0,0,0,0,0,0,0:0:0:0:0:0:0:0:4:2:0:0:0:0:0:0:0:0:0:0:0:0:0:0:0:0:0:0:0:0:0:0:1:7:2:0:0:0:0:0:0:0:0:0:0:0:0:2:0:0:0:0:0:0:0:0:0:0:0:0:0:0:0:0:0:0
mtfs-sentinel-dataset-v1,1,952,1398033974,1229212993,219180016,1060000,1,511,0,1,normal,206,Release,record,natural,natural,0,none,0,0,0,0,0,206,6,13,6,0,6,0,1452,242,10,17,10,0,10,0,19005,1900,2,0,2,0,2,0,14,7,0,0,0,0,0,0,0,15,1,0,0,0,0,0,0,0:0:0:0:0:0:0:1:2:3:0:0:0:0:0:0:0:0:0:0:0:0:0:0:0:0:0:0:0:0:0:0:1:8:1:0:0:0:0:0:0:0:0:0:0:0:0:2:0:0:0:0:0:0:0:0:0:0:0:0:0:0:0:0:0:0
mtfs-sentinel-dataset-v1,1,952,1398033974,1229212993,220240016,1060000,1,511,0,1,normal,207,Release,record,natural,natural,0,none,0,0,0,0,0,207,6,13,6,0,6,0,1241,206,10,17,10,0,10,0,19176,1917,2,0,2,0,2,0,14,7,0,0,0,0,0,0,0,15,1,0,0,0,0,0,0,0:0:0:0:0:0:0:0:5:1:0:0:0:0:0:0:0:0:0:0:0:0:0:0:0:0:0:0:0:0:0:0:0:9:1:0:0:0:0:0:0:0:0:0:0:0:0:2:0:0:0:0:0:0:0:0:0:0:0:0:0:0:0:0:0:0
mtfs-sentinel-dataset-v1,1,952,1398033974,1229212993,221310016,1070000,1,511,0,1,normal,208,Release,record,natural,natural,0,none,0,0,0,0,0,208,6,13,6,0,6,0,1290,215,10,17,10,0,10,0,24117,2411,2,0,2,0,2,0,14,7,0,0,0,0,0,0,0,15,1,0,0,0,0,0,0,0:0:0:0:0:0:0:0:4:2:0:0:0:0:0:0:0:0:0:0:0:0:0:0:0:0:0:0:0:0:0:0:0:7:2:1:0:0:0:0:0:0:0:0:0:0:0:2:0:0:0:0:0:0:0:0:0:0:0:0:0:0:0:0:0:0
mtfs-sentinel-dataset-v1,1,952,1398033974,1229212993,222370016,1060000,1,511,0,1,normal,209,Release,record,natural,natural,0,none,0,0,0,0,0,209,6,13,6,0,6,0,1250,208,10,17,10,0,10,0,19545,1954,2,0,2,0,2,0,12,6,0,0,0,0,0,0,0,15,1,0,0,0,0,0,0,0:0:0:0:0:0:0:0:4:2:0:0:0:0:0:0:0:0:0:0:0:0:0:0:0:0:0:0:0:0:0:0:1:7:2:0:0:0:0:0:0:0:0:0:0:0:0:2:0:0:0:0:0:0:0:0:0:0:0:0:0:0:0:0:0:0
mtfs-sentinel-dataset-v1,1,952,1398033974,1229212993,223440016,1070000,1,511,0,1,normal,210,Release,record,natural,natural,0,none,0,0,0,0,0,210,6,13,6,0,6,0,1454,242,10,17,10,0,10,0,22334,2233,2,0,2,0,2,0,14,7,0,0,0,0,0,0,0,15,1,0,0,0,0,0,0,0:0:0:0:0:0:0:0:3:3:0:0:0:0:0:0:0:0:0:0:0:0:0:0:0:0:0:0:0:0:0:0:1:8:0:1:0:0:0:0:0:0:0:0:0:0:0:2:0:0:0:0:0:0:0:0:0:0:0:0:0:0:0:0:0:0
mtfs-sentinel-dataset-v1,1,952,1398033974,1229212993,224500016,1060000,1,511,0,1,normal,211,Release,record,natural,natural,0,none,0,0,0,0,0,211,6,13,6,0,6,0,1241,206,10,17,10,0,10,0,18951,1895,2,0,2,0,2,0,14,7,0,0,0,0,0,0,0,15,1,0,0,0,0,0,0,0:0:0:0:0:0:0:0:5:1:0:0:0:0:0:0:0:0:0:0:0:0:0:0:0:0:0:0:0:0:0:0:0:9:1:0:0:0:0:0:0:0:0:0:0:0:0:2:0:0:0:0:0:0:0:0:0:0:0:0:0:0:0:0:0:0
mtfs-sentinel-dataset-v1,1,952,1398033974,1229212993,225560016,1060000,1,511,0,1,normal,212,Release,record,natural,natural,0,none,0,0,0,0,0,212,6,13,6,0,6,0,1305,217,10,17,10,0,10,0,18938,1893,2,0,2,0,2,0,12,6,0,0,0,0,0,0,0,15,1,0,0,0,0,0,0,0:0:0:0:0:0:0:0:4:2:0:0:0:0:0:0:0:0:0:0:0:0:0:0:0:0:0:0:0:0:0:0:0:9:1:0:0:0:0:0:0:0:0:0:0:0:0:2:0:0:0:0:0:0:0:0:0:0:0:0:0:0:0:0:0:0
mtfs-sentinel-dataset-v1,1,952,1398033974,1229212993,226620016,1060000,1,511,0,1,normal,213,Release,record,natural,natural,0,none,0,0,0,0,0,213,6,13,6,0,6,0,1251,208,10,17,10,0,10,0,19322,1932,2,0,2,0,2,0,13,6,0,0,0,0,0,0,0,15,1,0,0,0,0,0,0,0:0:0:0:0:0:0:0:4:2:0:0:0:0:0:0:0:0:0:0:0:0:0:0:0:0:0:0:0:0:0:0:1:7:2:0:0:0:0:0:0:0:0:0:0:0:0:2:0:0:0:0:0:0:0:0:0:0:0:0:0:0:0:0:0:0
mtfs-sentinel-dataset-v1,1,952,1398033974,1229212993,227680016,1060000,1,511,0,1,normal,214,Release,record,natural,natural,0,none,0,0,0,0,0,214,6,13,6,0,6,0,1455,242,10,17,10,0,10,0,18898,1889,2,0,2,0,2,0,14,7,0,0,0,0,0,0,0,15,1,0,0,0,0,0,0,0:0:0:0:0:0:0:0:3:3:0:0:0:0:0:0:0:0:0:0:0:0:0:0:0:0:0:0:0:0:0:0:1:8:1:0:0:0:0:0:0:0:0:0:0:0:0:2:0:0:0:0:0:0:0:0:0:0:0:0:0:0:0:0:0:0
mtfs-sentinel-dataset-v1,1,952,1398033974,1229212993,228740016,1060000,1,511,0,1,normal,215,Release,record,natural,natural,0,none,0,0,0,0,0,215,6,13,6,0,6,0,1241,206,10,17,10,0,10,0,19038,1903,2,0,2,0,2,0,14,7,0,0,0,0,0,0,0,15,1,0,0,0,0,0,0,0:0:0:0:0:0:0:0:5:1:0:0:0:0:0:0:0:0:0:0:0:0:0:0:0:0:0:0:0:0:0:0:0:9:1:0:0:0:0:0:0:0:0:0:0:0:0:2:0:0:0:0:0:0:0:0:0:0:0:0:0:0:0:0:0:0
mtfs-sentinel-dataset-v1,1,952,1398033974,1229212993,229810016,1070000,1,511,0,1,normal,216,Release,record,natural,natural,0,none,0,0,0,0,0,216,6,13,6,0,6,0,1289,214,10,17,10,0,10,0,25568,2556,2,0,2,0,2,0,13,6,0,0,0,0,0,0,0,15,1,0,0,0,0,0,0,0:0:0:0:0:0:0:0:4:2:0:0:0:0:0:0:0:0:0:0:0:0:0:0:0:0:0:0:0:0:0:0:0:7:2:1:0:0:0:0:0:0:0:0:0:0:0:2:0:0:0:0:0:0:0:0:0:0:0:0:0:0:0:0:0:0
mtfs-sentinel-dataset-v1,1,952,1398033974,1229212993,230870016,1060000,1,511,0,1,normal,217,Release,record,natural,natural,0,none,0,0,0,0,0,217,6,13,6,0,6,0,1253,208,10,17,10,0,10,0,19421,1942,2,0,2,0,2,0,14,7,0,0,0,0,0,0,0,15,1,0,0,0,0,0,0,0:0:0:0:0:0:0:0:4:2:0:0:0:0:0:0:0:0:0:0:0:0:0:0:0:0:0:0:0:0:0:0:1:7:2:0:0:0:0:0:0:0:0:0:0:0:0:2:0:0:0:0:0:0:0:0:0:0:0:0:0:0:0:0:0:0
mtfs-sentinel-dataset-v1,1,952,1398033974,1229212993,231930016,1060000,1,511,0,1,normal,218,Release,record,natural,natural,0,none,0,0,0,0,0,218,6,13,6,0,6,0,1455,242,10,17,10,0,10,0,19003,1900,2,0,2,0,2,0,14,7,0,0,0,0,0,0,0,15,1,0,0,0,0,0,0,0:0:0:0:0:0:0:0:3:3:0:0:0:0:0:0:0:0:0:0:0:0:0:0:0:0:0:0:0:0:0:0:1:8:1:0:0:0:0:0:0:0:0:0:0:0:0:2:0:0:0:0:0:0:0:0:0:0:0:0:0:0:0:0:0:0
mtfs-sentinel-dataset-v1,1,952,1398033974,1229212993,232990016,1060000,1,511,0,1,normal,219,Release,record,natural,natural,0,none,0,0,0,0,0,219,6,13,6,0,6,0,1242,207,10,17,10,0,10,0,19103,1910,2,0,2,0,2,0,13,6,0,0,0,0,0,0,0,15,1,0,0,0,0,0,0,0:0:0:0:0:0:0:0:5:1:0:0:0:0:0:0:0:0:0:0:0:0:0:0:0:0:0:0:0:0:0:0:0:9:1:0:0:0:0:0:0:0:0:0:0:0:0:2:0:0:0:0:0:0:0:0:0:0:0:0:0:0:0:0:0:0
mtfs-sentinel-dataset-v1,1,952,1398033974,1229212993,234050016,1060000,1,511,0,1,normal,220,Release,record,natural,natural,0,none,0,0,0,0,0,220,6,13,6,0,6,0,1303,217,10,17,10,0,10,0,19116,1911,2,0,2,0,2,0,14,7,0,0,0,0,0,0,0,15,1,0,0,0,0,0,0,0:0:0:0:0:0:0:0:4:2:0:0:0:0:0:0:0:0:0:0:0:0:0:0:0:0:0:0:0:0:0:0:0:9:1:0:0:0:0:0:0:0:0:0:0:0:0:2:0:0:0:0:0:0:0:0:0:0:0:0:0:0:0:0:0:0
mtfs-sentinel-dataset-v1,1,952,1398033974,1229212993,235110016,1060000,1,511,0,1,normal,221,Release,record,natural,natural,0,none,0,0,0,0,0,221,6,13,6,0,6,0,1252,208,10,17,10,0,10,0,19517,1951,2,0,2,0,2,0,13,6,0,0,0,0,0,0,0,15,1,0,0,0,0,0,0,0:0:0:0:0:0:0:0:4:2:0:0:0:0:0:0:0:0:0:0:0:0:0:0:0:0:0:0:0:0:0:0:1:7:2:0:0:0:0:0:0:0:0:0:0:0:0:2:0:0:0:0:0:0:0:0:0:0:0:0:0:0:0:0:0:0
mtfs-sentinel-dataset-v1,1,952,1398033974,1229212993,236180016,1070000,1,511,0,1,normal,222,Release,record,natural,natural,0,none,0,0,0,0,0,222,6,13,6,0,6,0,1452,242,10,17,10,0,10,0,22339,2233,2,0,2,0,2,0,14,7,0,0,0,0,0,0,0,15,1,0,0,0,0,0,0,0:0:0:0:0:0:0:0:3:3:0:0:0:0:0:0:0:0:0:0:0:0:0:0:0:0:0:0:0:0:0:0:1:7:1:1:0:0:0:0:0:0:0:0:0:0:0:2:0:0:0:0:0:0:0:0:0:0:0:0:0:0:0:0:0:0
mtfs-sentinel-dataset-v1,1,952,1398033974,1229212993,237250016,1070000,1,511,0,1,normal,223,Release,record,natural,natural,0,none,0,0,0,0,0,223,6,13,6,0,6,0,1242,207,10,17,10,0,10,0,22858,2285,2,0,2,0,2,0,12,6,0,0,0,0,0,0,0,15,1,0,0,0,0,0,0,0:0:0:0:0:0:0:0:5:1:0:0:0:0:0:0:0:0:0:0:0:0:0:0:0:0:0:0:0:0:0:0:0:8:1:1:0:0:0:0:0:0:0:0:0:0:0:2:0:0:0:0:0:0:0:0:0:0:0:0:0:0:0:0:0:0
mtfs-sentinel-dataset-v1,1,952,1398033974,1229212993,238310016,1060000,1,511,0,1,normal,224,Release,record,natural,natural,0,none,0,0,0,0,0,224,6,13,6,0,6,0,1306,217,10,17,10,0,10,0,20917,2091,2,0,2,0,2,0,13,6,0,0,0,0,0,0,0,15,1,0,0,0,0,0,0,0:0:0:0:0:0:0:0:4:2:0:0:0:0:0:0:0:0:0:0:0:0:0:0:0:0:0:0:0:0:0:0:0:8:2:0:0:0:0:0:0:0:0:0:0:0:0:2:0:0:0:0:0:0:0:0:0:0:0:0:0:0:0:0:0:0
mtfs-sentinel-dataset-v1,1,952,1398033974,1229212993,239370016,1060000,1,511,0,1,normal,225,Release,record,natural,natural,0,none,0,0,0,0,0,225,6,13,6,0,6,0,1251,208,10,17,10,0,10,0,19367,1936,2,0,2,0,2,0,14,7,0,0,0,0,0,0,0,15,1,0,0,0,0,0,0,0:0:0:0:0:0:0:0:4:2:0:0:0:0:0:0:0:0:0:0:0:0:0:0:0:0:0:0:0:0:0:0:1:7:2:0:0:0:0:0:0:0:0:0:0:0:0:2:0:0:0:0:0:0:0:0:0:0:0:0:0:0:0:0:0:0
mtfs-sentinel-dataset-v1,1,952,1398033974,1229212993,240430016,1060000,1,511,0,1,normal,226,Release,record,natural,natural,0,none,0,0,0,0,0,226,6,13,6,0,6,0,1454,242,10,17,10,0,10,0,18854,1885,2,0,2,0,2,0,14,7,0,0,0,0,0,0,0,15,1,0,0,0,0,0,0,0:0:0:0:0:0:0:0:3:3:0:0:0:0:0:0:0:0:0:0:0:0:0:0:0:0:0:0:0:0:0:0:1:8:1:0:0:0:0:0:0:0:0:0:0:0:0:2:0:0:0:0:0:0:0:0:0:0:0:0:0:0:0:0:0:0
mtfs-sentinel-dataset-v1,1,952,1398033974,1229212993,241490016,1060000,1,511,0,1,normal,227,Release,record,natural,natural,0,none,0,0,0,0,0,227,6,13,6,0,6,0,1240,206,10,17,10,0,10,0,18968,1896,2,0,2,0,2,0,14,7,0,0,0,0,0,0,0,15,1,0,0,0,0,0,0,0:0:0:0:0:0:0:0:5:1:0:0:0:0:0:0:0:0:0:0:0:0:0:0:0:0:0:0:0:0:0:0:0:9:1:0:0:0:0:0:0:0:0:0:0:0:0:2:0:0:0:0:0:0:0:0:0:0:0:0:0:0:0:0:0:0
mtfs-sentinel-dataset-v1,1,952,1398033974,1229212993,242550016,1060000,1,511,0,1,normal,228,Release,record,natural,natural,0,none,0,0,0,0,0,228,6,13,6,0,6,0,1303,217,10,17,10,0,10,0,18980,1898,2,0,2,0,2,0,14,7,0,0,0,0,0,0,0,15,1,0,0,0,0,0,0,0:0:0:0:0:0:0:0:4:2:0:0:0:0:0:0:0:0:0:0:0:0:0:0:0:0:0:0:0:0:0:0:0:9:1:0:0:0:0:0:0:0:0:0:0:0:0:2:0:0:0:0:0:0:0:0:0:0:0:0:0:0:0:0:0:0
mtfs-sentinel-dataset-v1,1,952,1398033974,1229212993,243610016,1060000,1,511,0,1,normal,229,Release,record,natural,natural,0,none,0,0,0,0,0,229,6,13,6,0,6,0,1251,208,10,17,10,0,10,0,19366,1936,2,0,2,0,2,0,14,7,0,0,0,0,0,0,0,15,1,0,0,0,0,0,0,0:0:0:0:0:0:0:0:4:2:0:0:0:0:0:0:0:0:0:0:0:0:0:0:0:0:0:0:0:0:0:0:1:7:2:0:0:0:0:0:0:0:0:0:0:0:0:2:0:0:0:0:0:0:0:0:0:0:0:0:0:0:0:0:0:0
mtfs-sentinel-dataset-v1,1,952,1398033974,1229212993,244680016,1070000,1,511,0,1,normal,230,Release,record,natural,natural,0,none,0,0,0,0,0,230,6,13,6,0,6,0,1453,242,10,17,10,0,10,0,23764,2376,2,0,2,0,2,0,14,7,0,0,0,0,0,0,0,15,1,0,0,0,0,0,0,0:0:0:0:0:0:0:0:3:3:0:0:0:0:0:0:0:0:0:0:0:0:0:0:0:0:0:0:0:0:0:0:1:7:1:1:0:0:0:0:0:0:0:0:0:0:0:2:0:0:0:0:0:0:0:0:0:0:0:0:0:0:0:0:0:0
mtfs-sentinel-dataset-v1,1,952,1398033974,1229212993,245740016,1060000,1,511,0,1,normal,231,Release,record,natural,natural,0,none,0,0,0,0,0,231,6,13,6,0,6,0,1242,207,10,17,10,0,10,0,19062,1906,2,0,2,0,2,0,14,7,0,0,0,0,0,0,0,15,1,0,0,0,0,0,0,0:0:0:0:0:0:0:0:5:1:0:0:0:0:0:0:0:0:0:0:0:0:0:0:0:0:0:0:0:0:0:0:0:9:1:0:0:0:0:0:0:0:0:0:0:0:0:2:0:0:0:0:0:0:0:0:0:0:0:0:0:0:0:0:0:0
mtfs-sentinel-dataset-v1,1,952,1398033974,1229212993,246800016,1060000,1,511,0,1,normal,232,Release,record,natural,natural,0,none,0,0,0,0,0,232,6,13,6,0,6,0,1303,217,10,17,10,0,10,0,20808,2080,2,0,2,0,2,0,14,7,0,0,0,0,0,0,0,15,1,0,0,0,0,0,0,0:0:0:0:0:0:0:0:4:2:0:0:0:0:0:0:0:0:0:0:0:0:0:0:0:0:0:0:0:0:0:0:0:8:2:0:0:0:0:0:0:0:0:0:0:0:0:2:0:0:0:0:0:0:0:0:0:0:0:0:0:0:0:0:0:0
mtfs-sentinel-dataset-v1,1,952,1398033974,1229212993,247860016,1060000,1,511,0,1,normal,233,Release,record,natural,natural,0,none,0,0,0,0,0,233,6,13,6,0,6,0,1252,208,10,17,10,0,10,0,19429,1942,2,0,2,0,2,0,13,6,0,0,0,0,0,0,0,15,1,0,0,0,0,0,0,0:0:0:0:0:0:0:0:4:2:0:0:0:0:0:0:0:0:0:0:0:0:0:0:0:0:0:0:0:0:0:0:1:7:2:0:0:0:0:0:0:0:0:0:0:0:0:2:0:0:0:0:0:0:0:0:0:0:0:0:0:0:0:0:0:0
mtfs-sentinel-dataset-v1,1,952,1398033974,1229212993,248920016,1060000,1,511,0,1,normal,234,Release,record,natural,natural,0,none,0,0,0,0,0,234,6,13,6,0,6,0,1452,242,10,17,10,0,10,0,19017,1901,2,0,2,0,2,0,14,7,0,0,0,0,0,0,0,15,1,0,0,0,0,0,0,0:0:0:0:0:0:0:0:3:3:0:0:0:0:0:0:0:0:0:0:0:0:0:0:0:0:0:0:0:0:0:0:1:8:1:0:0:0:0:0:0:0:0:0:0:0:0:2:0:0:0:0:0:0:0:0:0:0:0:0:0:0:0:0:0:0
mtfs-sentinel-dataset-v1,1,952,1398033974,1229212993,249990016,1070000,1,511,0,1,normal,235,Release,record,natural,natural,0,none,0,0,0,0,0,235,6,13,6,0,6,0,1239,206,10,17,10,0,10,0,22303,2230,2,0,2,0,2,0,13,6,0,0,0,0,0,0,0,15,1,0,0,0,0,0,0,0:0:0:0:0:0:0:0:5:1:0:0:0:0:0:0:0:0:0:0:0:0:0:0:0:0:0:0:0:0:0:0:0:8:1:1:0:0:0:0:0:0:0:0:0:0:0:2:0:0:0:0:0:0:0:0:0:0:0:0:0:0:0:0:0:0
mtfs-sentinel-dataset-v1,1,952,1398033974,1229212993,251060016,1070000,1,511,0,1,normal,236,Release,record,natural,natural,0,none,0,0,0,0,0,236,6,13,6,0,6,0,1302,217,10,17,10,0,10,0,22363,2236,2,0,2,0,2,0,14,7,0,0,0,0,0,0,0,15,1,0,0,0,0,0,0,0:0:0:0:0:0:0:0:4:2:0:0:0:0:0:0:0:0:0:0:0:0:0:0:0:0:0:0:0:0:0:0:0:8:1:1:0:0:0:0:0:0:0:0:0:0:0:2:0:0:0:0:0:0:0:0:0:0:0:0:0:0:0:0:0:0
mtfs-sentinel-dataset-v1,1,952,1398033974,1229212993,252120016,1060000,1,511,0,1,normal,237,Release,record,natural,natural,0,none,0,0,0,0,0,237,6,13,6,0,6,0,1251,208,10,17,10,0,10,0,19531,1953,2,0,2,0,2,0,14,7,0,0,0,0,0,0,0,15,1,0,0,0,0,0,0,0:0:0:0:0:0:0:0:4:2:0:0:0:0:0:0:0:0:0:0:0:0:0:0:0:0:0:0:0:0:0:0:1:7:2:0:0:0:0:0:0:0:0:0:0:0:0:2:0:0:0:0:0:0:0:0:0:0:0:0:0:0:0:0:0:0
mtfs-sentinel-dataset-v1,1,952,1398033974,1229212993,253180016,1060000,1,511,0,1,normal,238,Release,record,natural,natural,0,none,0,0,0,0,0,238,6,13,6,0,6,0,1451,241,10,17,10,0,10,0,19082,1908,2,0,2,0,2,0,14,7,0,0,0,0,0,0,0,15,1,0,0,0,0,0,0,0:0:0:0:0:0:0:0:3:3:0:0:0:0:0:0:0:0:0:0:0:0:0:0:0:0:0:0:0:0:0:0:1:8:1:0:0:0:0:0:0:0:0:0:0:0:0:2:0:0:0:0:0:0:0:0:0:0:0:0:0:0:0:0:0:0
mtfs-sentinel-dataset-v1,1,952,1398033974,1229212993,254240016,1060000,1,511,0,1,normal,239,Release,record,natural,natural,0,none,0,0,0,0,0,239,6,13,6,0,6,0,1240,206,10,17,10,0,10,0,19103,1910,2,0,2,0,2,0,14,7,0,0,0,0,0,0,0,15,1,0,0,0,0,0,0,0:0:0:0:0:0:0:0:5:1:0:0:0:0:0:0:0:0:0:0:0:0:0:0:0:0:0:0:0:0:0:0:0:9:1:0:0:0:0:0:0:0:0:0:0:0:0:2:0:0:0:0:0:0:0:0:0:0:0:0:0:0:0:0:0:0
mtfs-sentinel-dataset-v1,1,952,1398033974,1229212993,255300016,1060000,1,511,0,1,normal,240,Release,record,natural,natural,0,none,0,0,0,0,0,240,6,13,6,0,6,0,1288,214,10,17,10,0,10,0,20683,2068,2,0,2,0,2,0,13,6,0,0,0,0,0,0,0,15,1,0,0,0,0,0,0,0:0:0:0:0:0:0:0:4:2:0:0:0:0:0:0:0:0:0:0:0:0:0:0:0:0:0:0:0:0:0:0:0:8:2:0:0:0:0:0:0:0:0:0:0:0:0:2:0:0:0:0:0:0:0:0:0:0:0:0:0:0:0:0:0:0
mtfs-sentinel-dataset-v1,1,952,1398033974,1229212993,256360016,1060000,1,511,0,1,normal,241,Release,record,natural,natural,0,none,0,0,0,0,0,241,6,13,6,0,6,0,1252,208,10,17,10,0,10,0,19317,1931,2,0,2,0,2,0,14,7,0,0,0,0,0,0,0,15,1,0,0,0,0,0,0,0:0:0:0:0:0:0:0:4:2:0:0:0:0:0:0:0:0:0:0:0:0:0:0:0:0:0:0:0:0:0:0:1:7:2:0:0:0:0:0:0:0:0:0:0:0:0:2:0:0:0:0:0:0:0:0:0:0:0:0:0:0:0:0:0:0
mtfs-sentinel-dataset-v1,1,952,1398033974,1229212993,257420016,1060000,1,511,0,1,normal,242,Release,record,natural,natural,0,none,0,0,0,0,0,242,6,13,6,0,6,0,1454,242,10,17,10,0,10,0,18898,1889,2,0,2,0,2,0,13,6,0,0,0,0,0,0,0,15,1,0,0,0,0,0,0,0:0:0:0:0:0:0:0:3:3:0:0:0:0:0:0:0:0:0:0:0:0:0:0:0:0:0:0:0:0:0:0:1:8:1:0:0:0:0:0:0:0:0:0:0:0:0:2:0:0:0:0:0:0:0:0:0:0:0:0:0:0:0:0:0:0
mtfs-sentinel-dataset-v1,1,952,1398033974,1229212993,258480016,1060000,1,511,0,1,normal,243,Release,record,natural,natural,0,none,0,0,0,0,0,243,6,13,6,0,6,0,1240,206,10,17,10,0,10,0,18978,1897,2,0,2,0,2,0,12,6,0,0,0,0,0,0,0,15,1,0,0,0,0,0,0,0:0:0:0:0:0:0:0:5:1:0:0:0:0:0:0:0:0:0:0:0:0:0:0:0:0:0:0:0:0:0:0:0:9:1:0:0:0:0:0:0:0:0:0:0:0:0:2:0:0:0:0:0:0:0:0:0:0:0:0:0:0:0:0:0:0
mtfs-sentinel-dataset-v1,1,952,1398033974,1229212993,259550016,1070000,1,511,0,1,normal,244,Release,record,natural,natural,0,none,0,0,0,0,0,244,6,13,6,0,6,0,1303,217,10,17,10,0,10,0,23828,2382,2,0,2,0,2,0,14,7,0,0,0,0,0,0,0,15,1,0,0,0,0,0,0,0:0:0:0:0:0:0:0:4:2:0:0:0:0:0:0:0:0:0:0:0:0:0:0:0:0:0:0:0:0:0:0:0:8:1:1:0:0:0:0:0:0:0:0:0:0:0:2:0:0:0:0:0:0:0:0:0:0:0:0:0:0:0:0:0:0
mtfs-sentinel-dataset-v1,1,952,1398033974,1229212993,260610016,1060000,1,511,0,1,normal,245,Release,record,natural,natural,0,none,0,0,0,0,0,245,6,13,6,0,6,0,1251,208,10,17,10,0,10,0,19410,1941,2,0,2,0,2,0,13,6,0,0,0,0,0,0,0,15,1,0,0,0,0,0,0,0:0:0:0:0:0:0:0:4:2:0:0:0:0:0:0:0:0:0:0:0:0:0:0:0:0:0:0:0:0:0:0:1:7:2:0:0:0:0:0:0:0:0:0:0:0:0:2:0:0:0:0:0:0:0:0:0:0:0:0:0:0:0:0:0:0
mtfs-sentinel-dataset-v1,1,952,1398033974,1229212993,261670016,1060000,1,511,0,1,normal,246,Release,record,natural,natural,0,none,0,0,0,0,0,246,6,13,6,0,6,0,1455,242,10,17,10,0,10,0,18982,1898,2,0,2,0,2,0,14,7,0,0,0,0,0,0,0,15,1,0,0,0,0,0,0,0:0:0:0:0:0:0:0:3:3:0:0:0:0:0:0:0:0:0:0:0:0:0:0:0:0:0:0:0:0:0:0:1:8:1:0:0:0:0:0:0:0:0:0:0:0:0:2:0:0:0:0:0:0:0:0:0:0:0:0:0:0:0:0:0:0
mtfs-sentinel-dataset-v1,1,952,1398033974,1229212993,262730016,1060000,1,511,0,1,normal,247,Release,record,natural,natural,0,none,0,0,0,0,0,247,6,13,6,0,6,0,1241,206,10,17,10,0,10,0,19106,1910,2,0,2,0,2,0,14,7,0,0,0,0,0,0,0,15,1,0,0,0,0,0,0,0:0:0:0:0:0:0:0:5:1:0:0:0:0:0:0:0:0:0:0:0:0:0:0:0:0:0:0:0:0:0:0:0:9:1:0:0:0:0:0:0:0:0:0:0:0:0:2:0:0:0:0:0:0:0:0:0:0:0:0:0:0:0:0:0:0
mtfs-sentinel-dataset-v1,1,952,1398033974,1229212993,263800016,1070000,1,511,0,1,normal,248,Release,record,natural,natural,0,none,0,0,0,0,0,248,6,13,6,0,6,0,1289,214,10,17,10,0,10,0,24544,2454,2,0,2,0,2,0,14,7,0,0,0,0,0,0,0,15,1,0,0,0,0,0,0,0:0:0:0:0:0:0:0:4:2:0:0:0:0:0:0:0:0:0:0:0:0:0:0:0:0:0:0:0:0:0:0:0:8:1:1:0:0:0:0:0:0:0:0:0:0:0:2:0:0:0:0:0:0:0:0:0:0:0:0:0:0:0:0:0:0
mtfs-sentinel-dataset-v1,1,952,1398033974,1229212993,264860016,1060000,1,511,0,1,normal,249,Release,record,natural,natural,0,none,0,0,0,0,0,249,6,13,6,0,6,0,1251,208,10,17,10,0,10,0,19473,1947,2,0,2,0,2,0,14,7,0,0,0,0,0,0,0,15,1,0,0,0,0,0,0,0:0:0:0:0:0:0:0:4:2:0:0:0:0:0:0:0:0:0:0:0:0:0:0:0:0:0:0:0:0:0:0:1:7:2:0:0:0:0:0:0:0:0:0:0:0:0:2:0:0:0:0:0:0:0:0:0:0:0:0:0:0:0:0:0:0
mtfs-sentinel-dataset-v1,1,952,1398033974,1229212993,265920016,1060000,1,511,0,1,normal,250,Release,record,natural,natural,0,none,0,0,0,0,0,250,6,13,6,0,6,0,1453,242,10,17,10,0,10,0,19086,1908,2,0,2,0,2,0,13,6,0,0,0,0,0,0,0,15,1,0,0,0,0,0,0,0:0:0:0:0:0:0:0:3:3:0:0:0:0:0:0:0:0:0:0:0:0:0:0:0:0:0:0:0:0:0:0:1:8:1:0:0:0:0:0:0:0:0:0:0:0:0:2:0:0:0:0:0:0:0:0:0:0:0:0:0:0:0:0:0:0
mtfs-sentinel-dataset-v1,1,952,1398033974,1229212993,266990016,1070000,1,511,0,1,normal,251,Release,record,natural,natural,0,none,0,0,0,0,0,251,6,13,6,0,6,0,1242,207,10,17,10,0,10,0,22430,2243,2,0,2,0,2,0,13,6,0,0,0,0,0,0,0,15,1,0,0,0,0,0,0,0:0:0:0:0:0:0:0:5:1:0:0:0:0:0:0:0:0:0:0:0:0:0:0:0:0:0:0:0:0:0:0:0:8:1:1:0:0:0:0:0:0:0:0:0:0:0:2:0:0:0:0:0:0:0:0:0:0:0:0:0:0:0:0:0:0
mtfs-sentinel-dataset-v1,1,952,1398033974,1229212993,268050016,1060000,1,511,0,1,normal,252,Release,record,natural,natural,0,none,0,0,0,0,0,252,6,13,6,0,6,0,1303,217,10,17,10,0,10,0,19178,1917,2,0,2,0,2,0,14,7,0,0,0,0,0,0,0,15,1,0,0,0,0,0,0,0:0:0:0:0:0:0:0:4:2:0:0:0:0:0:0:0:0:0:0:0:0:0:0:0:0:0:0:0:0:0:0:0:9:1:0:0:0:0:0:0:0:0:0:0:0:0:2:0:0:0:0:0:0:0:0:0:0:0:0:0:0:0:0:0:0
mtfs-sentinel-dataset-v1,1,952,1398033974,1229212993,269110016,1060000,1,511,0,1,normal,253,Release,record,natural,natural,0,none,0,0,0,0,0,253,6,13,6,0,6,0,1251,208,10,17,10,0,10,0,19498,1949,2,0,2,0,2,0,14,7,0,0,0,0,0,0,0,15,1,0,0,0,0,0,0,0:0:0:0:0:0:0:0:4:2:0:0:0:0:0:0:0:0:0:0:0:0:0:0:0:0:0:0:0:0:0:0:1:7:2:0:0:0:0:0:0:0:0:0:0:0:0:2:0:0:0:0:0:0:0:0:0:0:0:0:0:0:0:0:0:0
mtfs-sentinel-dataset-v1,1,952,1398033974,1229212993,270170016,1060000,1,511,0,1,normal,254,Release,record,natural,natural,0,none,0,0,0,0,0,254,6,13,6,0,6,0,1452,242,10,17,10,0,10,0,18821,1882,2,0,2,0,2,0,14,7,0,0,0,0,0,0,0,15,1,0,0,0,0,0,0,0:0:0:0:0:0:0:0:3:3:0:0:0:0:0:0:0:0:0:0:0:0:0:0:0:0:0:0:0:0:0:0:1:8:1:0:0:0:0:0:0:0:0:0:0:0:0:2:0:0:0:0:0:0:0:0:0:0:0:0:0:0:0:0:0:0
mtfs-sentinel-dataset-v1,1,952,1398033974,1229212993,271230016,1060000,1,511,0,1,normal,255,Release,record,natural,natural,0,none,0,0,0,0,0,255,6,13,6,0,6,0,1241,206,10,17,10,0,10,0,18959,1895,2,0,2,0,2,0,14,7,0,0,0,0,0,0,0,15,1,0,0,0,0,0,0,0:0:0:0:0:0:0:0:5:1:0:0:0:0:0:0:0:0:0:0:0:0:0:0:0:0:0:0:0:0:0:0:0:9:1:0:0:0:0:0:0:0:0:0:0:0:0:2:0:0:0:0:0:0:0:0:0:0:0:0:0:0:0:0:0:0
mtfs-sentinel-dataset-v1,1,952,1398033974,1229212993,272290016,1060000,1,511,0,1,normal,256,Release,record,natural,natural,0,none,0,0,0,0,0,256,6,13,6,0,6,0,1288,214,10,17,10,0,10,0,20646,2064,2,0,2,0,2,0,14,7,0,0,0,0,0,0,0,15,1,0,0,0,0,0,0,0:0:0:0:0:0:0:0:4:2:0:0:0:0:0:0:0:0:0:0:0:0:0:0:0:0:0:0:0:0:0:0:0:8:2:0:0:0:0:0:0:0:0:0:0:0:0:2:0:0:0:0:0:0:0:0:0:0:0:0:0:0:0:0:0:0
mtfs-sentinel-dataset-v1,1,952,1398033974,1229212993,273360016,1070000,1,511,0,1,normal,257,Release,record,natural,natural,0,none,0,0,0,0,0,257,6,13,6,0,6,0,1250,208,10,17,10,0,10,0,24155,2415,2,0,2,0,2,0,14,7,0,0,0,0,0,0,0,15,1,0,0,0,0,0,0,0:0:0:0:0:0:0:0:4:2:0:0:0:0:0:0:0:0:0:0:0:0:0:0:0:0:0:0:0:0:0:0:1:6:2:1:0:0:0:0:0:0:0:0:0:0:0:2:0:0:0:0:0:0:0:0:0:0:0:0:0:0:0:0:0:0
mtfs-sentinel-dataset-v1,1,952,1398033974,1229212993,274420016,1060000,1,511,0,1,normal,258,Release,record,natural,natural,0,none,0,0,0,0,0,258,6,13,6,0,6,0,1452,242,10,17,10,0,10,0,18917,1891,2,0,2,0,2,0,14,7,0,0,0,0,0,0,0,15,1,0,0,0,0,0,0,0:0:0:0:0:0:0:0:3:3:0:0:0:0:0:0:0:0:0:0:0:0:0:0:0:0:0:0:0:0:0:0:1:8:1:0:0:0:0:0:0:0:0:0:0:0:0:2:0:0:0:0:0:0:0:0:0:0:0:0:0:0:0:0:0:0
mtfs-sentinel-dataset-v1,1,952,1398033974,1229212993,275480016,1060000,1,511,0,1,normal,259,Release,record,natural,natural,0,none,0,0,0,0,0,259,6,13,6,0,6,0,1242,207,10,17,10,0,10,0,19051,1905,2,0,2,0,2,0,13,6,0,0,0,0,0,0,0,15,1,0,0,0,0,0,0,0:0:0:0:0:0:0:0:5:1:0:0:0:0:0:0:0:0:0:0:0:0:0:0:0:0:0:0:0:0:0:0:0:9:1:0:0:0:0:0:0:0:0:0:0:0:0:2:0:0:0:0:0:0:0:0:0:0:0:0:0:0:0:0:0:0
mtfs-sentinel-dataset-v1,1,952,1398033974,1229212993,276550016,1070000,1,511,0,1,normal,260,Release,record,natural,natural,0,none,0,0,0,0,0,260,6,13,6,0,6,0,1303,217,10,17,10,0,10,0,22247,2224,2,0,2,0,2,0,14,7,0,0,0,0,0,0,0,15,1,0,0,0,0,0,0,0:0:0:0:0:0:0:0:4:2:0:0:0:0:0:0:0:0:0:0:0:0:0:0:0:0:0:0:0:0:0:0:0:8:1:1:0:0:0:0:0:0:0:0:0:0:0:2:0:0:0:0:0:0:0:0:0:0:0:0:0:0:0:0:0:0
mtfs-sentinel-dataset-v1,1,952,1398033974,1229212993,277610016,1060000,1,511,0,1,normal,261,Release,record,natural,natural,0,none,0,0,0,0,0,261,6,13,6,0,6,0,1251,208,10,17,10,0,10,0,19437,1943,2,0,2,0,2,0,14,7,0,0,0,0,0,0,0,15,1,0,0,0,0,0,0,0:0:0:0:0:0:0:0:4:2:0:0:0:0:0:0:0:0:0:0:0:0:0:0:0:0:0:0:0:0:0:0:1:7:2:0:0:0:0:0:0:0:0:0:0:0:0:2:0:0:0:0:0:0:0:0:0:0:0:0:0:0:0:0:0:0
mtfs-sentinel-dataset-v1,1,952,1398033974,1229212993,278670016,1060000,1,511,0,1,normal,262,Release,record,natural,natural,0,none,0,0,0,0,0,262,6,13,6,0,6,0,1454,242,10,17,10,0,10,0,19002,1900,2,0,2,0,2,0,14,7,0,0,0,0,0,0,0,15,1,0,0,0,0,0,0,0:0:0:0:0:0:0:0:3:3:0:0:0:0:0:0:0:0:0:0:0:0:0:0:0:0:0:0:0:0:0:0:1:8:1:0:0:0:0:0:0:0:0:0:0:0:0:2:0:0:0:0:0:0:0:0:0:0:0:0:0:0:0:0:0:0
mtfs-sentinel-dataset-v1,1,952,1398033974,1229212993,279730016,1060000,1,511,0,1,normal,263,Release,record,natural,natural,0,none,0,0,0,0,0,263,6,13,6,0,6,0,1241,206,10,17,10,0,10,0,19158,1915,2,0,2,0,2,0,12,6,0,0,0,0,0,0,0,15,1,0,0,0,0,0,0,0:0:0:0:0:0:0:0:5:1:0:0:0:0:0:0:0:0:0:0:0:0:0:0:0:0:0:0:0:0:0:0:0:9:1:0:0:0:0:0:0:0:0:0:0:0:0:2:0:0:0:0:0:0:0:0:0:0:0:0:0:0:0:0:0:0
mtfs-sentinel-dataset-v1,1,952,1398033974,1229212993,280790016,1060000,1,511,0,1,normal,264,Release,record,natural,natural,0,none,0,0,0,0,0,264,6,13,6,0,6,0,1290,215,10,17,10,0,10,0,20895,2089,2,0,2,0,2,0,13,6,0,0,0,0,0,0,0,15,1,0,0,0,0,0,0,0:0:0:0:0:0:0:0:4:2:0:0:0:0:0:0:0:0:0:0:0:0:0:0:0:0:0:0:0:0:0:0:0:8:2:0:0:0:0:0:0:0:0:0:0:0:0:2:0:0:0:0:0:0:0:0:0:0:0:0:0:0:0:0:0:0
mtfs-sentinel-dataset-v1,1,952,1398033974,1229212993,281860016,1070000,1,511,0,1,normal,265,Release,record,natural,natural,0,none,0,0,0,0,0,265,6,13,6,0,6,0,1254,209,10,17,10,0,10,0,22775,2277,2,0,2,0,2,0,13,6,0,0,0,0,0,0,0,15,1,0,0,0,0,0,0,0:0:0:0:0:0:0:0:4:2:0:0:0:0:0:0:0:0:0:0:0:0:0:0:0:0:0:0:0:0:0:0:1:6:2:1:0:0:0:0:0:0:0:0:0:0:0:2:0:0:0:0:0:0:0:0:0:0:0:0:0:0:0:0:0:0
mtfs-sentinel-dataset-v1,1,952,1398033974,1229212993,282920016,1060000,1,511,0,1,normal,266,Release,record,natural,natural,0,none,0,0,0,0,0,266,6,13,6,0,6,0,1455,242,10,17,10,0,10,0,19146,1914,2,0,2,0,2,0,13,6,0,0,0,0,0,0,0,15,1,0,0,0,0,0,0,0:0:0:0:0:0:0:0:3:3:0:0:0:0:0:0:0:0:0:0:0:0:0:0:0:0:0:0:0:0:0:0:1:8:1:0:0:0:0:0:0:0:0:0:0:0:0:2:0:0:0:0:0:0:0:0:0:0:0:0:0:0:0:0:0:0
mtfs-sentinel-dataset-v1,1,952,1398033974,1229212993,283980016,1060000,1,511,0,1,normal,267,Release,record,natural,natural,0,none,0,0,0,0,0,267,6,13,6,0,6,0,1240,206,10,17,10,0,10,0,19210,1921,2,0,2,0,2,0,14,7,0,0,0,0,0,0,0,15,1,0,0,0,0,0,0,0:0:0:0:0:0:0:0:5:1:0:0:0:0:0:0:0:0:0:0:0:0:0:0:0:0:0:0:0:0:0:0:0:9:1:0:0:0:0:0:0:0:0:0:0:0:0:2:0:0:0:0:0:0:0:0:0:0:0:0:0:0:0:0:0:0
mtfs-sentinel-dataset-v1,1,952,1398033974,1229212993,285040016,1060000,1,511,0,1,normal,268,Release,record,natural,natural,0,none,0,0,0,0,0,268,6,13,6,0,6,0,1304,217,10,17,10,0,10,0,18921,1892,2,0,2,0,2,0,13,6,0,0,0,0,0,0,0,15,1,0,0,0,0,0,0,0:0:0:0:0:0:0:0:4:2:0:0:0:0:0:0:0:0:0:0:0:0:0:0:0:0:0:0:0:0:0:0:0:9:1:0:0:0:0:0:0:0:0:0:0:0:0:2:0:0:0:0:0:0:0:0:0:0:0:0:0:0:0:0:0:0
mtfs-sentinel-dataset-v1,1,952,1398033974,1229212993,286100016,1060000,1,511,0,1,normal,269,Release,record,natural,natural,0,none,0,0,0,0,0,269,6,13,6,0,6,0,1251,208,10,17,10,0,10,0,19315,1931,2,0,2,0,2,0,14,7,0,0,0,0,0,0,0,15,1,0,0,0,0,0,0,0:0:0:0:0:0:0:0:4:2:0:0:0:0:0:0:0:0:0:0:0:0:0:0:0:0:0:0:0:0:0:0:1:7:2:0:0:0:0:0:0:0:0:0:0:0:0:2:0:0:0:0:0:0:0:0:0:0:0:0:0:0:0:0:0:0
mtfs-sentinel-dataset-v1,1,952,1398033974,1229212993,287160016,1060000,1,511,0,1,normal,270,Release,record,natural,natural,0,none,0,0,0,0,0,270,6,13,6,0,6,0,1455,242,10,17,10,0,10,0,18880,1888,2,0,2,0,2,0,13,6,0,0,0,0,0,0,0,15,1,0,0,0,0,0,0,0:0:0:0:0:0:0:0:3:3:0:0:0:0:0:0:0:0:0:0:0:0:0:0:0:0:0:0:0:0:0:0:1:8:1:0:0:0:0:0:0:0:0:0:0:0:0:2:0:0:0:0:0:0:0:0:0:0:0:0:0:0:0:0:0:0
mtfs-sentinel-dataset-v1,1,952,1398033974,1229212993,288230016,1070000,1,511,0,1,normal,271,Release,record,natural,natural,0,none,0,0,0,0,0,271,6,13,6,0,6,0,1245,207,10,17,10,0,10,0,23851,2385,2,0,2,0,2,0,14,7,0,0,0,0,0,0,0,15,1,0,0,0,0,0,0,0:0:0:0:0:0:0:0:5:1:0:0:0:0:0:0:0:0:0:0:0:0:0:0:0:0:0:0:0:0:0:0:0:8:1:1:0:0:0:0:0:0:0:0:0:0:0:2:0:0:0:0:0:0:0:0:0:0:0:0:0:0:0:0:0:0
mtfs-sentinel-dataset-v1,1,952,1398033974,1229212993,289290016,1060000,1,511,0,1,normal,272,Release,record,natural,natural,0,none,0,0,0,0,0,272,6,13,6,0,6,0,1289,214,10,17,10,0,10,0,20781,2078,2,0,2,0,2,0,14,7,0,0,0,0,0,0,0,15,1,0,0,0,0,0,0,0:0:0:0:0:0:0:0:4:2:0:0:0:0:0:0:0:0:0:0:0:0:0:0:0:0:0:0:0:0:0:0:0:8:2:0:0:0:0:0:0:0:0:0:0:0:0:2:0:0:0:0:0:0:0:0:0:0:0:0:0:0:0:0:0:0
mtfs-sentinel-dataset-v1,1,952,1398033974,1229212993,290360016,1070000,1,511,0,1,normal,273,Release,record,natural,natural,0,none,0,0,0,0,0,273,6,13,6,0,6,0,1252,208,10,17,10,0,10,0,23057,2305,2,0,2,0,2,0,14,7,0,0,0,0,0,0,0,15,1,0,0,0,0,0,0,0:0:0:0:0:0:0:0:4:2:0:0:0:0:0:0:0:0:0:0:0:0:0:0:0:0:0:0:0:0:0:0:1:7:1:1:0:0:0:0:0:0:0:0:0:0:0:2:0:0:0:0:0:0:0:0:0:0:0:0:0:0:0:0:0:0
mtfs-sentinel-dataset-v1,1,952,1398033974,1229212993,291420016,1060000,1,511,0,1,normal,274,Release,record,natural,natural,0,none,0,0,0,0,0,274,6,13,6,0,6,0,1454,242,10,17,10,0,10,0,18970,1897,2,0,2,0,2,0,14,7,0,0,0,0,0,0,0,15,1,0,0,0,0,0,0,0:0:0:0:0:0:0:0:3:3:0:0:0:0:0:0:0:0:0:0:0:0:0:0:0:0:0:0:0:0:0:0:1:8:1:0:0:0:0:0:0:0:0:0:0:0:0:2:0:0:0:0:0:0:0:0:0:0:0:0:0:0:0:0:0:0
mtfs-sentinel-dataset-v1,1,952,1398033974,1229212993,292480016,1060000,1,511,0,1,normal,275,Release,record,natural,natural,0,none,0,0,0,0,0,275,6,13,6,0,6,0,1240,206,10,17,10,0,10,0,19082,1908,2,0,2,0,2,0,14,7,0,0,0,0,0,0,0,15,1,0,0,0,0,0,0,0:0:0:0:0:0:0:0:5:1:0:0:0:0:0:0:0:0:0:0:0:0:0:0:0:0:0:0:0:0:0:0:0:9:1:0:0:0:0:0:0:0:0:0:0:0:0:2:0:0:0:0:0:0:0:0:0:0:0:0:0:0:0:0:0:0
mtfs-sentinel-dataset-v1,1,952,1398033974,1229212993,293540016,1060000,1,511,0,1,normal,276,Release,record,natural,natural,0,none,0,0,0,0,0,276,6,13,6,0,6,0,1304,217,10,17,10,0,10,0,19096,1909,2,0,2,0,2,0,14,7,0,0,0,0,0,0,0,15,1,0,0,0,0,0,0,0:0:0:0:0:0:0:0:4:2:0:0:0:0:0:0:0:0:0:0:0:0:0:0:0:0:0:0:0:0:0:0:0:9:1:0:0:0:0:0:0:0:0:0:0:0:0:2:0:0:0:0:0:0:0:0:0:0:0:0:0:0:0:0:0:0
mtfs-sentinel-dataset-v1,1,952,1398033974,1229212993,294600016,1060000,1,511,0,1,normal,277,Release,record,natural,natural,0,none,0,0,0,0,0,277,6,13,6,0,6,0,1252,208,10,17,10,0,10,0,19472,1947,2,0,2,0,2,0,14,7,0,0,0,0,0,0,0,15,1,0,0,0,0,0,0,0:0:0:0:0:0:0:0:4:2:0:0:0:0:0:0:0:0:0:0:0:0:0:0:0:0:0:0:0:0:0:0:1:7:2:0:0:0:0:0:0:0:0:0:0:0:0:2:0:0:0:0:0:0:0:0:0:0:0:0:0:0:0:0:0:0
mtfs-sentinel-dataset-v1,1,952,1398033974,1229212993,295660016,1060000,1,511,0,1,normal,278,Release,record,natural,natural,0,none,0,0,0,0,0,278,6,13,6,0,6,0,1455,242,10,17,10,0,10,0,19049,1904,2,0,2,0,2,0,14,7,0,0,0,0,0,0,0,15,1,0,0,0,0,0,0,0:0:0:0:0:0:0:0:3:3:0:0:0:0:0:0:0:0:0:0:0:0:0:0:0:0:0:0:0:0:0:0:1:8:1:0:0:0:0:0:0:0:0:0:0:0:0:2:0:0:0:0:0:0:0:0:0:0:0:0:0:0:0:0:0:0
mtfs-sentinel-dataset-v1,1,952,1398033974,1229212993,296730016,1070000,1,511,0,1,normal,279,Release,record,natural,natural,0,none,0,0,0,0,0,279,6,13,6,0,6,0,1241,206,10,17,10,0,10,0,22438,2243,2,0,2,0,2,0,14,7,0,0,0,0,0,0,0,15,1,0,0,0,0,0,0,0:0:0:0:0:0:0:0:5:1:0:0:0:0:0:0:0:0:0:0:0:0:0:0:0:0:0:0:0:0:0:0:0:8:1:1:0:0:0:0:0:0:0:0:0:0:0:2:0:0:0:0:0:0:0:0:0:0:0:0:0:0:0:0:0:0
mtfs-sentinel-dataset-v1,1,952,1398033974,1229212993,297790016,1060000,1,511,0,1,normal,280,Release,record,natural,natural,0,none,0,0,0,0,0,280,6,13,6,0,6,0,1290,215,10,17,10,0,10,0,20974,2097,2,0,2,0,2,0,14,7,0,0,0,0,0,0,0,15,1,0,0,0,0,0,0,0:0:0:0:0:0:0:0:4:2:0:0:0:0:0:0:0:0:0:0:0:0:0:0:0:0:0:0:0:0:0:0:0:8:2:0:0:0:0:0:0:0:0:0:0:0:0:2:0:0:0:0:0:0:0:0:0:0:0:0:0:0:0:0:0:0
mtfs-sentinel-dataset-v1,1,952,1398033974,1229212993,298850016,1060000,1,511,0,1,normal,281,Release,record,natural,natural,0,none,0,0,0,0,0,281,6,13,6,0,6,0,1253,208,10,17,10,0,10,0,19572,1957,2,0,2,0,2,0,14,7,0,0,0,0,0,0,0,15,1,0,0,0,0,0,0,0:0:0:0:0:0:0:0:4:2:0:0:0:0:0:0:0:0:0:0:0:0:0:0:0:0:0:0:0:0:0:0:1:7:2:0:0:0:0:0:0:0:0:0:0:0:0:2:0:0:0:0:0:0:0:0:0:0:0:0:0:0:0:0:0:0
mtfs-sentinel-dataset-v1,1,952,1398033974,1229212993,299910016,1060000,1,511,0,1,normal,282,Release,record,natural,natural,0,none,0,0,0,0,0,282,6,13,6,0,6,0,1453,242,10,17,10,0,10,0,18921,1892,2,0,2,0,2,0,13,6,0,0,0,0,0,0,0,15,1,0,0,0,0,0,0,0:0:0:0:0:0:0:0:3:3:0:0:0:0:0:0:0:0:0:0:0:0:0:0:0:0:0:0:0:0:0:0:1:8:1:0:0:0:0:0:0:0:0:0:0:0:0:2:0:0:0:0:0:0:0:0:0:0:0:0:0:0:0:0:0:0
mtfs-sentinel-dataset-v1,1,952,1398033974,1229212993,300970016,1060000,1,511,0,1,normal,283,Release,record,natural,natural,0,none,0,0,0,0,0,283,6,13,6,0,6,0,1239,206,10,17,10,0,10,0,18922,1892,2,0,2,0,2,0,14,7,0,0,0,0,0,0,0,15,1,0,0,0,0,0,0,0:0:0:0:0:0:0:0:5:1:0:0:0:0:0:0:0:0:0:0:0:0:0:0:0:0:0:0:0:0:0:0:0:9:1:0:0:0:0:0:0:0:0:0:0:0:0:2:0:0:0:0:0:0:0:0:0:0:0:0:0:0:0:0:0:0
mtfs-sentinel-dataset-v1,1,952,1398033974,1229212993,302030016,1060000,1,511,0,1,normal,284,Release,record,natural,natural,0,none,0,0,0,0,0,284,6,13,6,0,6,0,1303,217,10,17,10,0,10,0,18938,1893,2,0,2,0,2,0,14,7,0,0,0,0,0,0,0,15,1,0,0,0,0,0,0,0:0:0:0:0:0:0:0:4:2:0:0:0:0:0:0:0:0:0:0:0:0:0:0:0:0:0:0:0:0:0:0:0:9:1:0:0:0:0:0:0:0:0:0:0:0:0:2:0:0:0:0:0:0:0:0:0:0:0:0:0:0:0:0:0:0
mtfs-sentinel-dataset-v1,1,952,1398033974,1229212993,303100016,1070000,1,511,0,1,normal,285,Release,record,natural,natural,0,none,0,0,0,0,0,285,6,13,6,0,6,0,1251,208,10,17,10,0,10,0,27361,2736,2,0,2,0,2,0,14,7,0,0,0,0,0,0,0,15,1,0,0,0,0,0,0,0:0:0:0:0:0:0:0:4:2:0:0:0:0:0:0:0:0:0:0:0:0:0:0:0:0:0:0:0:0:0:0:1:5:2:2:0:0:0:0:0:0:0:0:0:0:0:2:0:0:0:0:0:0:0:0:0:0:0:0:0:0:0:0:0:0
mtfs-sentinel-dataset-v1,1,952,1398033974,1229212993,304160016,1060000,1,511,0,1,normal,286,Release,record,natural,natural,0,none,0,0,0,0,0,286,6,13,6,0,6,0,1453,242,10,17,10,0,10,0,18900,1890,2,0,2,0,2,0,14,7,0,0,0,0,0,0,0,15,1,0,0,0,0,0,0,0:0:0:0:0:0:0:0:3:3:0:0:0:0:0:0:0:0:0:0:0:0:0:0:0:0:0:0:0:0:0:0:1:8:1:0:0:0:0:0:0:0:0:0:0:0:0:2:0:0:0:0:0:0:0:0:0:0:0:0:0:0:0:0:0:0
mtfs-sentinel-dataset-v1,1,952,1398033974,1229212993,305220016,1060000,1,511,0,1,normal,287,Release,record,natural,natural,0,none,0,0,0,0,0,287,6,13,6,0,6,0,1240,206,10,17,10,0,10,0,19056,1905,2,0,2,0,2,0,14,7,0,0,0,0,0,0,0,15,1,0,0,0,0,0,0,0:0:0:0:0:0:0:0:5:1:0:0:0:0:0:0:0:0:0:0:0:0:0:0:0:0:0:0:0:0:0:0:0:9:1:0:0:0:0:0:0:0:0:0:0:0:0:2:0:0:0:0:0:0:0:0:0:0:0:0:0:0:0:0:0:0
mtfs-sentinel-dataset-v1,1,952,1398033974,1229212993,306280016,1060000,1,511,0,1,normal,288,Release,record,natural,natural,0,none,0,0,0,0,0,288,6,13,6,0,6,0,1288,214,10,17,10,0,10,0,20777,2077,2,0,2,0,2,0,14,7,0,0,0,0,0,0,0,15,1,0,0,0,0,0,0,0:0:0:0:0:0:0:0:4:2:0:0:0:0:0:0:0:0:0:0:0:0:0:0:0:0:0:0:0:0:0:0:0:8:2:0:0:0:0:0:0:0:0:0:0:0:0:2:0:0:0:0:0:0:0:0:0:0:0:0:0:0:0:0:0:0
mtfs-sentinel-dataset-v1,1,952,1398033974,1229212993,307340016,1060000,1,511,0,1,normal,289,Release,record,natural,natural,0,none,0,0,0,0,0,289,6,13,6,0,6,0,1252,208,10,17,10,0,10,0,19431,1943,2,0,2,0,2,0,13,6,0,0,0,0,0,0,0,15,1,0,0,0,0,0,0,0:0:0:0:0:0:0:0:4:2:0:0:0:0:0:0:0:0:0:0:0:0:0:0:0:0:0:0:0:0:0:0:1:7:2:0:0:0:0:0:0:0:0:0:0:0:0:2:0:0:0:0:0:0:0:0:0:0:0:0:0:0:0:0:0:0
mtfs-sentinel-dataset-v1,1,952,1398033974,1229212993,308400016,1060000,1,511,0,1,normal,290,Release,record,natural,natural,0,none,0,0,0,0,0,290,6,13,6,0,6,0,1453,242,10,17,10,0,10,0,19020,1902,2,0,2,0,2,0,13,6,0,0,0,0,0,0,0,15,1,0,0,0,0,0,0,0:0:0:0:0:0:0:0:3:3:0:0:0:0:0:0:0:0:0:0:0:0:0:0:0:0:0:0:0:0:0:0:1:8:1:0:0:0:0:0:0:0:0:0:0:0:0:2:0:0:0:0:0:0:0:0:0:0:0:0:0:0:0:0:0:0
mtfs-sentinel-dataset-v1,1,952,1398033974,1229212993,309460016,1060000,1,511,0,1,normal,291,Release,record,natural,natural,0,none,0,0,0,0,0,291,6,13,6,0,6,0,1240,206,10,17,10,0,10,0,19134,1913,2,0,2,0,2,0,14,7,0,0,0,0,0,0,0,15,1,0,0,0,0,0,0,0:0:0:0:0:0:0:0:5:1:0:0:0:0:0:0:0:0:0:0:0:0:0:0:0:0:0:0:0:0:0:0:0:9:1:0:0:0:0:0:0:0:0:0:0:0:0:2:0:0:0:0:0:0:0:0:0:0:0:0:0:0:0:0:0:0
mtfs-sentinel-dataset-v1,1,952,1398033974,1229212993,310520016,1060000,1,511,0,1,normal,292,Release,record,natural,natural,0,none,0,0,0,0,0,292,6,13,6,0,6,0,1304,217,10,17,10,0,10,0,19147,1914,2,0,2,0,2,0,14,7,0,0,0,0,0,0,0,15,1,0,0,0,0,0,0,0:0:0:0:0:0:0:0:4:2:0:0:0:0:0:0:0:0:0:0:0:0:0:0:0:0:0:0:0:0:0:0:0:9:1:0:0:0:0:0:0:0:0:0:0:0:0:2:0:0:0:0:0:0:0:0:0:0:0:0:0:0:0:0:0:0
mtfs-sentinel-dataset-v1,1,952,1398033974,1229212993,311590016,1070000,1,511,0,1,normal,293,Release,record,natural,natural,0,none,0,0,0,0,0,293,6,13,6,0,6,0,1253,208,10,17,10,0,10,0,22773,2277,2,0,2,0,2,0,14,7,0,0,0,0,0,0,0,15,1,0,0,0,0,0,0,0:0:0:0:0:0:0:0:4:2:0:0:0:0:0:0:0:0:0:0:0:0:0:0:0:0:0:0:0:0:0:0:1:7:1:1:0:0:0:0:0:0:0:0:0:0:0:2:0:0:0:0:0:0:0:0:0:0:0:0:0:0:0:0:0:0
mtfs-sentinel-dataset-v1,1,952,1398033974,1229212993,312650016,1060000,1,511,0,1,normal,294,Release,record,natural,natural,0,none,0,0,0,0,0,294,6,13,6,0,6,0,1456,242,10,17,10,0,10,0,19113,1911,2,0,2,0,2,0,14,7,0,0,0,0,0,0,0,15,1,0,0,0,0,0,0,0:0:0:0:0:0:0:0:3:3:0:0:0:0:0:0:0:0:0:0:0:0:0:0:0:0:0:0:0:0:0:0:1:8:1:0:0:0:0:0:0:0:0:0:0:0:0:2:0:0:0:0:0:0:0:0:0:0:0:0:0:0:0:0:0:0
mtfs-sentinel-dataset-v1,1,952,1398033974,1229212993,313710016,1060000,1,511,0,1,normal,295,Release,record,natural,natural,0,none,0,0,0,0,0,295,6,13,6,0,6,0,1243,207,10,17,10,0,10,0,19239,1923,2,0,2,0,2,0,14,7,0,0,0,0,0,0,0,15,1,0,0,0,0,0,0,0:0:0:0:0:0:0:0:5:1:0:0:0:0:0:0:0:0:0:0:0:0:0:0:0:0:0:0:0:0:0:0:0:9:1:0:0:0:0:0:0:0:0:0:0:0:0:2:0:0:0:0:0:0:0:0:0:0:0:0:0:0:0:0:0:0
mtfs-sentinel-dataset-v1,1,952,1398033974,1229212993,314770016,1060000,1,511,0,1,normal,296,Release,record,natural,natural,0,none,0,0,0,0,0,296,6,13,6,0,6,0,1290,215,10,17,10,0,10,0,20800,2080,2,0,2,0,2,0,14,7,0,0,0,0,0,0,0,15,1,0,0,0,0,0,0,0:0:0:0:0:0:0:0:4:2:0:0:0:0:0:0:0:0:0:0:0:0:0:0:0:0:0:0:0:0:0:0:0:8:2:0:0:0:0:0:0:0:0:0:0:0:0:2:0:0:0:0:0:0:0:0:0:0:0:0:0:0:0:0:0:0
mtfs-sentinel-dataset-v1,1,952,1398033974,1229212993,315830016,1060000,1,511,0,1,normal,297,Release,record,natural,natural,0,none,0,0,0,0,0,297,6,13,6,0,6,0,1252,208,10,17,10,0,10,0,19290,1929,2,0,2,0,2,0,14,7,0,0,0,0,0,0,0,15,1,0,0,0,0,0,0,0:0:0:0:0:0:0:0:4:2:0:0:0:0:0:0:0:0:0:0:0:0:0:0:0:0:0:0:0:0:0:0:1:7:2:0:0:0:0:0:0:0:0:0:0:0:0:2:0:0:0:0:0:0:0:0:0:0:0:0:0:0:0:0:0:0
mtfs-sentinel-dataset-v1,1,952,1398033974,1229212993,316900016,1070000,1,511,0,1,normal,298,Release,record,natural,natural,0,none,0,0,0,0,0,298,6,13,6,0,6,0,1453,242,10,17,10,0,10,0,22560,2256,2,0,2,0,2,0,13,6,0,0,0,0,0,0,0,15,1,0,0,0,0,0,0,0:0:0:0:0:0:0:0:3:3:0:0:0:0:0:0:0:0:0:0:0:0:0:0:0:0:0:0:0:0:0:0:1:7:1:1:0:0:0:0:0:0:0:0:0:0:0:2:0:0:0:0:0:0:0:0:0:0:0:0:0:0:0:0:0:0
mtfs-sentinel-dataset-v1,1,952,1398033974,1229212993,317970016,1070000,1,511,0,1,normal,299,Release,record,natural,natural,0,none,0,0,0,0,0,299,6,13,6,0,6,0,1242,207,10,17,10,0,10,0,23826,2382,2,0,2,0,2,0,14,7,0,0,0,0,0,0,0,15,1,0,0,0,0,0,0,0:0:0:0:0:0:0:0:5:1:0:0:0:0:0:0:0:0:0:0:0:0:0:0:0:0:0:0:0:0:0:0:0:8:1:1:0:0:0:0:0:0:0:0:0:0:0:2:0:0:0:0:0:0:0:0:0:0:0:0:0:0:0:0:0:0
mtfs-sentinel-dataset-v1,1,952,1398033974,1229212993,319030016,1060000,1,511,0,1,normal,300,Release,record,natural,natural,0,none,0,0,0,0,0,300,6,13,6,0,6,0,1306,217,10,17,10,0,10,0,19007,1900,2,0,2,0,2,0,14,7,0,0,0,0,0,0,0,15,1,0,0,0,0,0,0,0:0:0:0:0:0:0:0:4:2:0:0:0:0:0:0:0:0:0:0:0:0:0:0:0:0:0:0:0:0:0:0:0:9:1:0:0:0:0:0:0:0:0:0:0:0:0:2:0:0:0:0:0:0:0:0:0:0:0:0:0:0:0:0:0:0
mtfs-sentinel-dataset-v1,1,952,1398033974,1229212993,320090016,1060000,1,511,0,1,normal,301,Release,record,natural,natural,0,none,0,0,0,0,0,301,6,13,6,0,6,0,1252,208,10,17,10,0,10,0,19400,1940,2,0,2,0,2,0,13,6,0,0,0,0,0,0,0,15,1,0,0,0,0,0,0,0:0:0:0:0:0:0:0:4:2:0:0:0:0:0:0:0:0:0:0:0:0:0:0:0:0:0:0:0:0:0:0:1:7:2:0:0:0:0:0:0:0:0:0:0:0:0:2:0:0:0:0:0:0:0:0:0:0:0:0:0:0:0:0:0:0
mtfs-sentinel-dataset-v1,1,952,1398033974,1229212993,321150016,1060000,1,511,0,1,normal,302,Release,record,natural,natural,0,none,0,0,0,0,0,302,6,13,6,0,6,0,1456,242,10,17,10,0,10,0,18961,1896,2,0,2,0,2,0,12,6,0,0,0,0,0,0,0,15,1,0,0,0,0,0,0,0:0:0:0:0:0:0:0:3:3:0:0:0:0:0:0:0:0:0:0:0:0:0:0:0:0:0:0:0:0:0:0:1:8:1:0:0:0:0:0:0:0:0:0:0:0:0:2:0:0:0:0:0:0:0:0:0:0:0:0:0:0:0:0:0:0
mtfs-sentinel-dataset-v1,1,952,1398033974,1229212993,322210016,1060000,1,511,0,1,normal,303,Release,record,natural,natural,0,none,0,0,0,0,0,303,6,13,6,0,6,0,1242,207,10,17,10,0,10,0,19094,1909,2,0,2,0,2,0,12,6,0,0,0,0,0,0,0,15,1,0,0,0,0,0,0,0:0:0:0:0:0:0:0:5:1:0:0:0:0:0:0:0:0:0:0:0:0:0:0:0:0:0:0:0:0:0:0:0:9:1:0:0:0:0:0:0:0:0:0:0:0:0:2:0:0:0:0:0:0:0:0:0:0:0:0:0:0:0:0:0:0
mtfs-sentinel-dataset-v1,1,952,1398033974,1229212993,323270016,1060000,1,511,0,1,normal,304,Release,record,natural,natural,0,none,0,0,0,0,0,304,6,13,6,0,6,0,1289,214,10,17,10,0,10,0,20818,2081,2,0,2,0,2,0,14,7,0,0,0,0,0,0,0,15,1,0,0,0,0,0,0,0:0:0:0:0:0:0:0:4:2:0:0:0:0:0:0:0:0:0:0:0:0:0:0:0:0:0:0:0:0:0:0:0:8:2:0:0:0:0:0:0:0:0:0:0:0:0:2:0:0:0:0:0:0:0:0:0:0:0:0:0:0:0:0:0:0
mtfs-sentinel-dataset-v1,1,952,1398033974,1229212993,324330016,1060000,1,511,0,1,normal,305,Release,record,natural,natural,0,none,0,0,0,0,0,305,6,13,6,0,6,0,1253,208,10,17,10,0,10,0,19492,1949,2,0,2,0,2,0,13,6,0,0,0,0,0,0,0,15,1,0,0,0,0,0,0,0:0:0:0:0:0:0:0:4:2:0:0:0:0:0:0:0:0:0:0:0:0:0:0:0:0:0:0:0:0:0:0:1:7:2:0:0:0:0:0:0:0:0:0:0:0:0:2:0:0:0:0:0:0:0:0:0:0:0:0:0:0:0:0:0:0
mtfs-sentinel-dataset-v1,1,952,1398033974,1229212993,325390016,1060000,1,511,0,1,normal,306,Release,record,natural,natural,0,none,0,0,0,0,0,306,6,13,6,0,6,0,1454,242,10,17,10,0,10,0,19067,1906,2,0,2,0,2,0,13,6,0,0,0,0,0,0,0,15,1,0,0,0,0,0,0,0:0:0:0:0:0:0:0:3:3:0:0:0:0:0:0:0:0:0:0:0:0:0:0:0:0:0:0:0:0:0:0:1:8:1:0:0:0:0:0:0:0:0:0:0:0:0:2:0:0:0:0:0:0:0:0:0:0:0:0:0:0:0:0:0:0
mtfs-sentinel-dataset-v1,1,952,1398033974,1229212993,326450016,1060000,1,511,0,1,normal,307,Release,record,natural,natural,0,none,0,0,0,0,0,307,6,13,6,0,6,0,1243,207,10,17,10,0,10,0,19172,1917,2,0,2,0,2,0,14,7,0,0,0,0,0,0,0,15,1,0,0,0,0,0,0,0:0:0:0:0:0:0:0:5:1:0:0:0:0:0:0:0:0:0:0:0:0:0:0:0:0:0:0:0:0:0:0:0:9:1:0:0:0:0:0:0:0:0:0:0:0:0:2:0:0:0:0:0:0:0:0:0:0:0:0:0:0:0:0:0:0
mtfs-sentinel-dataset-v1,1,952,1398033974,1229212993,327520016,1070000,1,511,0,1,normal,308,Release,record,natural,natural,0,none,0,0,0,0,0,308,6,13,6,0,6,0,1303,217,10,17,10,0,10,0,22437,2243,2,0,2,0,2,0,14,7,0,0,0,0,0,0,0,15,1,0,0,0,0,0,0,0:0:0:0:0:0:0:0:4:2:0:0:0:0:0:0:0:0:0:0:0:0:0:0:0:0:0:0:0:0:0:0:0:8:1:1:0:0:0:0:0:0:0:0:0:0:0:2:0:0:0:0:0:0:0:0:0:0:0:0:0:0:0:0:0:0
mtfs-sentinel-dataset-v1,1,952,1398033974,1229212993,328580016,1060000,1,511,0,1,normal,309,Release,record,natural,natural,0,none,0,0,0,0,0,309,6,13,6,0,6,0,1251,208,10,17,10,0,10,0,19567,1956,2,0,2,0,2,0,13,6,0,0,0,0,0,0,0,15,1,0,0,0,0,0,0,0:0:0:0:0:0:0:0:4:2:0:0:0:0:0:0:0:0:0:0:0:0:0:0:0:0:0:0:0:0:0:0:1:7:2:0:0:0:0:0:0:0:0:0:0:0:0:2:0:0:0:0:0:0:0:0:0:0:0:0:0:0:0:0:0:0
mtfs-sentinel-dataset-v1,1,952,1398033974,1229212993,329650016,1070000,1,511,0,1,normal,310,Release,record,natural,natural,0,none,0,0,0,0,0,310,6,13,6,0,6,0,1453,242,10,17,10,0,10,0,22212,2221,2,0,2,0,2,0,13,6,0,0,0,0,0,0,0,15,1,0,0,0,0,0,0,0:0:0:0:0:0:0:0:3:3:0:0:0:0:0:0:0:0:0:0:0:0:0:0:0:0:0:0:0:0:0:0:1:8:0:1:0:0:0:0:0:0:0:0:0:0:0:2:0:0:0:0:0:0:0:0:0:0:0:0:0:0:0:0:0:0
mtfs-sentinel-dataset-v1,1,952,1398033974,1229212993,330710016,1060000,1,511,0,1,normal,311,Release,record,natural,natural,0,none,0,0,0,0,0,311,6,13,6,0,6,0,1242,207,10,17,10,0,10,0,18961,1896,2,0,2,0,2,0,13,6,0,0,0,0,0,0,0,15,1,0,0,0,0,0,0,0:0:0:0:0:0:0:0:5:1:0:0:0:0:0:0:0:0:0:0:0:0:0:0:0:0:0:0:0:0:0:0:0:9:1:0:0:0:0:0:0:0:0:0:0:0:0:2:0:0:0:0:0:0:0:0:0:0:0:0:0:0:0:0:0:0
mtfs-sentinel-dataset-v1,1,952,1398033974,1229212993,331770016,1060000,1,511,0,1,normal,312,Release,record,natural,natural,0,none,0,0,0,0,0,312,6,13,6,0,6,0,1290,215,10,17,10,0,10,0,20687,2068,2,0,2,0,2,0,14,7,0,0,0,0,0,0,0,15,1,0,0,0,0,0,0,0:0:0:0:0:0:0:0:4:2:0:0:0:0:0:0:0:0:0:0:0:0:0:0:0:0:0:0:0:0:0:0:0:8:2:0:0:0:0:0:0:0:0:0:0:0:0:2:0:0:0:0:0:0:0:0:0:0:0:0:0:0:0:0:0:0
mtfs-sentinel-dataset-v1,1,952,1398033974,1229212993,332840016,1070000,1,511,0,1,normal,313,Release,record,natural,natural,0,none,0,0,0,0,0,313,6,13,6,0,6,0,1252,208,10,17,10,0,10,0,24182,2418,2,0,2,0,2,0,14,7,0,0,0,0,0,0,0,15,1,0,0,0,0,0,0,0:0:0:0:0:0:0:0:4:2:0:0:0:0:0:0:0:0:0:0:0:0:0:0:0:0:0:0:0:0:0:0:1:6:2:1:0:0:0:0:0:0:0:0:0:0:0:2:0:0:0:0:0:0:0:0:0:0:0:0:0:0:0:0:0:0
mtfs-sentinel-dataset-v1,1,952,1398033974,1229212993,333900016,1060000,1,511,0,1,normal,314,Release,record,natural,natural,0,none,0,0,0,0,0,314,6,13,6,0,6,0,1453,242,10,17,10,0,10,0,18924,1892,2,0,2,0,2,0,13,6,0,0,0,0,0,0,0,15,1,0,0,0,0,0,0,0:0:0:0:0:0:0:0:3:3:0:0:0:0:0:0:0:0:0:0:0:0:0:0:0:0:0:0:0:0:0:0:1:8:1:0:0:0:0:0:0:0:0:0:0:0:0:2:0:0:0:0:0:0:0:0:0:0:0:0:0:0:0:0:0:0
mtfs-sentinel-dataset-v1,1,952,1398033974,1229212993,334960016,1060000,1,511,0,1,normal,315,Release,record,natural,natural,0,none,0,0,0,0,0,315,6,13,6,0,6,0,1240,206,10,17,10,0,10,0,19048,1904,2,0,2,0,2,0,14,7,0,0,0,0,0,0,0,15,1,0,0,0,0,0,0,0:0:0:0:0:0:0:0:5:1:0:0:0:0:0:0:0:0:0:0:0:0:0:0:0:0:0:0:0:0:0:0:0:9:1:0:0:0:0:0:0:0:0:0:0:0:0:2:0:0:0:0:0:0:0:0:0:0:0:0:0:0:0:0:0:0
mtfs-sentinel-dataset-v1,1,952,1398033974,1229212993,336020016,1060000,1,511,0,1,normal,316,Release,record,natural,natural,0,none,0,0,0,0,0,316,6,13,6,0,6,0,1301,216,10,17,10,0,10,0,19030,1903,2,0,2,0,2,0,14,7,0,0,0,0,0,0,0,15,1,0,0,0,0,0,0,0:0:0:0:0:0:0:0:4:2:0:0:0:0:0:0:0:0:0:0:0:0:0:0:0:0:0:0:0:0:0:0:0:9:1:0:0:0:0:0:0:0:0:0:0:0:0:2:0:0:0:0:0:0:0:0:0:0:0:0:0:0:0:0:0:0
mtfs-sentinel-dataset-v1,1,952,1398033974,1229212993,337080016,1060000,1,511,0,1,normal,317,Release,record,natural,natural,0,none,0,0,0,0,0,317,6,13,6,0,6,0,1253,208,10,17,10,0,10,0,19448,1944,2,0,2,0,2,0,14,7,0,0,0,0,0,0,0,15,1,0,0,0,0,0,0,0:0:0:0:0:0:0:0:4:2:0:0:0:0:0:0:0:0:0:0:0:0:0:0:0:0:0:0:0:0:0:0:1:7:2:0:0:0:0:0:0:0:0:0:0:0:0:2:0:0:0:0:0:0:0:0:0:0:0:0:0:0:0:0:0:0
mtfs-sentinel-dataset-v1,1,952,1398033974,1229212993,338140016,1060000,1,511,0,1,normal,318,Release,record,natural,natural,0,none,0,0,0,0,0,318,6,13,6,0,6,0,1452,242,10,17,10,0,10,0,18971,1897,2,0,2,0,2,0,14,7,0,0,0,0,0,0,0,15,1,0,0,0,0,0,0,0:0:0:0:0:0:0:0:3:3:0:0:0:0:0:0:0:0:0:0:0:0:0:0:0:0:0:0:0:0:0:0:1:8:1:0:0:0:0:0:0:0:0:0:0:0:0:2:0:0:0:0:0:0:0:0:0:0:0:0:0:0:0:0:0:0
mtfs-sentinel-dataset-v1,1,952,1398033974,1229212993,339200016,1060000,1,511,0,1,normal,319,Release,record,natural,natural,0,none,0,0,0,0,0,319,6,13,6,0,6,0,1240,206,10,17,10,0,10,0,19134,1913,2,0,2,0,2,0,14,7,0,0,0,0,0,0,0,15,1,0,0,0,0,0,0,0:0:0:0:0:0:0:0:5:1:0:0:0:0:0:0:0:0:0:0:0:0:0:0:0:0:0:0:0:0:0:0:0:9:1:0:0:0:0:0:0:0:0:0:0:0:0:2:0:0:0:0:0:0:0:0:0:0:0:0:0:0:0:0:0:0
mtfs-sentinel-dataset-v1,1,952,1398033974,1229212993,340260016,1060000,1,511,0,1,normal,320,Release,record,natural,natural,0,none,0,0,0,0,0,320,6,13,6,0,6,0,1287,214,10,17,10,0,10,0,20832,2083,2,0,2,0,2,0,14,7,0,0,0,0,0,0,0,15,1,0,0,0,0,0,0,0:0:0:0:0:0:0:0:4:2:0:0:0:0:0:0:0:0:0:0:0:0:0:0:0:0:0:0:0:0:0:0:0:8:2:0:0:0:0:0:0:0:0:0:0:0:0:2:0:0:0:0:0:0:0:0:0:0:0:0:0:0:0:0:0:0
mtfs-sentinel-dataset-v1,1,952,1398033974,1229212993,341320016,1060000,1,511,0,1,normal,321,Release,record,natural,natural,0,none,0,0,0,0,0,321,6,13,6,0,6,0,1254,209,10,17,10,0,10,0,19516,1951,2,0,2,0,2,0,14,7,0,0,0,0,0,0,0,15,1,0,0,0,0,0,0,0:0:0:0:0:0:0:0:4:2:0:0:0:0:0:0:0:0:0:0:0:0:0:0:0:0:0:0:0:0:0:0:1:7:2:0:0:0:0:0:0:0:0:0:0:0:0:2:0:0:0:0:0:0:0:0:0:0:0:0:0:0:0:0:0:0
mtfs-sentinel-dataset-v1,1,952,1398033974,1229212993,342390016,1070000,1,511,0,1,normal,322,Release,record,natural,natural,0,none,0,0,0,0,0,322,6,13,6,0,6,0,1451,241,10,17,10,0,10,0,22327,2232,2,0,2,0,2,0,14,7,0,0,0,0,0,0,0,15,1,0,0,0,0,0,0,0:0:0:0:0:0:0:0:3:3:0:0:0:0:0:0:0:0:0:0:0:0:0:0:0:0:0:0:0:0:0:0:1:7:1:1:0:0:0:0:0:0:0:0:0:0:0:2:0:0:0:0:0:0:0:0:0:0:0:0:0:0:0:0:0:0
mtfs-sentinel-dataset-v1,1,952,1398033974,1229212993,343460016,1070000,1,511,0,1,normal,323,Release,record,natural,natural,0,none,0,0,0,0,0,323,6,13,6,0,6,0,1243,207,10,17,10,0,10,0,22879,2287,2,0,2,0,2,0,13,6,0,0,0,0,0,0,0,15,1,0,0,0,0,0,0,0:0:0:0:0:0:0:0:5:1:0:0:0:0:0:0:0:0:0:0:0:0:0:0:0:0:0:0:0:0:0:0:0:8:1:1:0:0:0:0:0:0:0:0:0:0:0:2:0:0:0:0:0:0:0:0:0:0:0:0:0:0:0:0:0:0
mtfs-sentinel-dataset-v1,1,952,1398033974,1229212993,344520016,1060000,1,511,0,1,normal,324,Release,record,natural,natural,0,none,0,0,0,0,0,324,6,13,6,0,6,0,1319,219,10,17,10,0,10,0,19189,1918,2,0,2,0,2,0,12,6,0,0,0,0,0,0,0,15,1,0,0,0,0,0,0,0:0:0:0:0:0:0:0:4:2:0:0:0:0:0:0:0:0:0:0:0:0:0:0:0:0:0:0:0:0:0:0:0:9:1:0:0:0:0:0:0:0:0:0:0:0:0:2:0:0:0:0:0:0:0:0:0:0:0:0:0:0:0:0:0:0
mtfs-sentinel-dataset-v1,1,952,1398033974,1229212993,345580016,1060000,1,511,0,1,normal,325,Release,record,natural,natural,0,none,0,0,0,0,0,325,6,13,6,0,6,0,1253,208,10,17,10,0,10,0,19292,1929,2,0,2,0,2,0,14,7,0,0,0,0,0,0,0,15,1,0,0,0,0,0,0,0:0:0:0:0:0:0:0:4:2:0:0:0:0:0:0:0:0:0:0:0:0:0:0:0:0:0:0:0:0:0:0:1:7:2:0:0:0:0:0:0:0:0:0:0:0:0:2:0:0:0:0:0:0:0:0:0:0:0:0:0:0:0:0:0:0
mtfs-sentinel-dataset-v1,1,952,1398033974,1229212993,346640016,1060000,1,511,0,1,normal,326,Release,record,natural,natural,0,none,0,0,0,0,0,326,6,13,6,0,6,0,1455,242,10,17,10,0,10,0,18857,1885,2,0,2,0,2,0,14,7,0,0,0,0,0,0,0,15,1,0,0,0,0,0,0,0:0:0:0:0:0:0:0:3:3:0:0:0:0:0:0:0:0:0:0:0:0:0:0:0:0:0:0:0:0:0:0:1:8:1:0:0:0:0:0:0:0:0:0:0:0:0:2:0:0:0:0:0:0:0:0:0:0:0:0:0:0:0:0:0:0
mtfs-sentinel-dataset-v1,1,952,1398033974,1229212993,347710016,1070000,1,511,0,1,normal,327,Release,record,natural,natural,0,none,0,0,0,0,0,327,6,13,6,0,6,0,1242,207,10,17,10,0,10,0,23848,2384,2,0,2,0,2,0,14,7,0,0,0,0,0,0,0,15,1,0,0,0,0,0,0,0:0:0:0:0:0:0:0:5:1:0:0:0:0:0:0:0:0:0:0:0:0:0:0:0:0:0:0:0:0:0:0:0:9:0:1:0:0:0:0:0:0:0:0:0:0:0:2:0:0:0:0:0:0:0:0:0:0:0:0:0:0:0:0:0:0
mtfs-sentinel-dataset-v1,1,952,1398033974,1229212993,348770016,1060000,1,511,0,1,normal,328,Release,record,natural,natural,0,none,0,0,0,0,0,328,6,13,6,0,6,0,1295,215,10,17,10,0,10,0,20768,2076,2,0,2,0,2,0,13,6,0,0,0,0,0,0,0,15,1,0,0,0,0,0,0,0:0:0:0:0:0:0:0:4:2:0:0:0:0:0:0:0:0:0:0:0:0:0:0:0:0:0:0:0:0:0:0:0:8:2:0:0:0:0:0:0:0:0:0:0:0:0:2:0:0:0:0:0:0:0:0:0:0:0:0:0:0:0:0:0:0
mtfs-sentinel-dataset-v1,1,952,1398033974,1229212993,349830016,1060000,1,511,0,1,normal,329,Release,record,natural,natural,0,none,0,0,0,0,0,329,6,13,6,0,6,0,1254,209,10,17,10,0,10,0,19375,1937,2,0,2,0,2,0,13,6,0,0,0,0,0,0,0,15,1,0,0,0,0,0,0,0:0:0:0:0:0:0:0:4:2:0:0:0:0:0:0:0:0:0:0:0:0:0:0:0:0:0:0:0:0:0:0:1:7:2:0:0:0:0:0:0:0:0:0:0:0:0:2:0:0:0:0:0:0:0:0:0:0:0:0:0:0:0:0:0:0
mtfs-sentinel-dataset-v1,1,952,1398033974,1229212993,350890016,1060000,1,511,0,1,normal,330,Release,record,natural,natural,0,none,0,0,0,0,0,330,6,13,6,0,6,0,1453,242,10,17,10,0,10,0,18952,1895,2,0,2,0,2,0,14,7,0,0,0,0,0,0,0,15,1,0,0,0,0,0,0,0:0:0:0:0:0:0:0:3:3:0:0:0:0:0:0:0:0:0:0:0:0:0:0:0:0:0:0:0:0:0:0:1:8:1:0:0:0:0:0:0:0:0:0:0:0:0:2:0:0:0:0:0:0:0:0:0:0:0:0:0:0:0:0:0:0
mtfs-sentinel-dataset-v1,1,952,1398033974,1229212993,351950016,1060000,1,511,0,1,normal,331,Release,record,natural,natural,0,none,0,0,0,0,0,331,6,13,6,0,6,0,1240,206,10,17,10,0,10,0,19067,1906,2,0,2,0,2,0,13,6,0,0,0,0,0,0,0,15,1,0,0,0,0,0,0,0:0:0:0:0:0:0:0:5:1:0:0:0:0:0:0:0:0:0:0:0:0:0:0:0:0:0:0:0:0:0:0:0:9:1:0:0:0:0:0:0:0:0:0:0:0:0:2:0:0:0:0:0:0:0:0:0:0:0:0:0:0:0:0:0:0
mtfs-sentinel-dataset-v1,1,952,1398033974,1229212993,353010016,1060000,1,511,0,1,normal,332,Release,record,natural,natural,0,none,0,0,0,0,0,332,6,13,6,0,6,0,1303,217,10,17,10,0,10,0,19068,1906,2,0,2,0,2,0,12,6,0,0,0,0,0,0,0,15,1,0,0,0,0,0,0,0:0:0:0:0:0:0:0:4:2:0:0:0:0:0:0:0:0:0:0:0:0:0:0:0:0:0:0:0:0:0:0:0:9:1:0:0:0:0:0:0:0:0:0:0:0:0:2:0:0:0:0:0:0:0:0:0:0:0:0:0:0:0:0:0:0
